experiment_id,seed,run_group,variant,abort_reason,status,lane_mismatch_ps,dqs_dq_ps,ld_cntvaluein_ps,capture_lane_score_z,ld_score_z,combined_score_z
baseline-no-lock-seed-1,1,baseline_no_lock_seed_1_30,baseline-no-lock,0,pass,-86.0,141.0,56.0,0.524814,-1.101433,-0.576619
baseline-no-lock-seed-2,2,baseline_no_lock_seed_1_30,baseline-no-lock,2,fail,-214.5,707.0,311.0,2.348188,0.199074,2.547262
baseline-no-lock-seed-3,3,baseline_no_lock_seed_1_30,baseline-no-lock,0,pass,-323.5,53.0,299.5,-1.300251,0.140424,-1.159826
baseline-no-lock-seed-4,4,baseline_no_lock_seed_1_30,baseline-no-lock,0,pass,-232.0,140.0,266.5,-0.353895,-0.027877,-0.381772
baseline-no-lock-seed-5,5,baseline_no_lock_seed_1_30,baseline-no-lock,0,pass,-537.5,139.0,28.0,-2.187559,-1.244234,-3.431793
baseline-no-lock-seed-6,6,baseline_no_lock_seed_1_30,baseline-no-lock,2,fail,-367.5,326.0,362.5,-0.313131,0.461726,0.148595
baseline-no-lock-seed-7,7,baseline_no_lock_seed_1_30,baseline-no-lock,0,pass,-527.5,214.0,112.5,-1.784128,-0.813281,-2.59741
baseline-no-lock-seed-8,8,baseline_no_lock_seed_1_30,baseline-no-lock,0,pass,-317.5,317.0,41.0,-0.054999,-1.177934,-1.232933
baseline-no-lock-seed-9,9,baseline_no_lock_seed_1_30,baseline-no-lock,0,pass,-356.0,265.0,475.0,-0.523707,1.035479,0.511773
baseline-no-lock-seed-10,10,baseline_no_lock_seed_1_30,baseline-no-lock,0,pass,-99.0,153.0,202.5,0.50195,-0.354279,0.147672
baseline-no-lock-seed-11,11,baseline_no_lock_seed_1_30,baseline-no-lock,2,fail,-335.5,301.0,433.5,-0.236061,0.823828,0.587767
baseline-no-lock-seed-12,12,baseline_no_lock_seed_1_30,baseline-no-lock,2,fail,-212.0,117.0,141.5,-0.339509,-0.665381,-1.00489
baseline-no-lock-seed-13,13,baseline_no_lock_seed_1_30,baseline-no-lock,0,pass,-198.5,164.0,271.5,-0.043385,-0.002377,-0.045762
baseline-no-lock-seed-14,14,baseline_no_lock_seed_1_30,baseline-no-lock,0,pass,-478.0,198.0,71.0,-1.561055,-1.024933,-2.585988
baseline-no-lock-seed-15,15,baseline_no_lock_seed_1_30,baseline-no-lock,0,pass,-125.5,17.0,2.5,-0.279697,-1.374285,-1.653982
baseline-no-lock-seed-16,16,baseline_no_lock_seed_1_30,baseline-no-lock,0,fail,-439.5,480.0,276.5,-0.038767,0.023123,-0.015643
baseline-no-lock-seed-17,17,baseline_no_lock_seed_1_30,baseline-no-lock,0,pass,-572.0,809.0,248.0,0.675012,-0.122227,0.552784
baseline-no-lock-seed-18,18,baseline_no_lock_seed_1_30,baseline-no-lock,0,pass,-181.0,23.0,1.5,-0.584501,-1.379385,-1.963886
baseline-no-lock-seed-19,19,baseline_no_lock_seed_1_30,baseline-no-lock,0,pass,-119.0,351.0,312.0,1.289203,0.204174,1.493377
baseline-no-lock-seed-20,20,baseline_no_lock_seed_1_30,baseline-no-lock,2,fail,-244.0,421.0,277.0,0.861461,0.025673,0.887134
baseline-no-lock-seed-21,21,baseline_no_lock_seed_1_30,baseline-no-lock,0,pass,-333.0,11.0,362.5,-1.549522,0.461726,-1.087796
baseline-no-lock-seed-22,22,baseline_no_lock_seed_1_30,baseline-no-lock,0,pass,-272.0,66.0,68.5,-0.93236,-1.037683,-1.970043
baseline-no-lock-seed-23,23,baseline_no_lock_seed_1_30,baseline-no-lock,2,fail,-453.5,230.0,527.0,-1.267784,1.300681,0.032897
baseline-no-lock-seed-24,24,baseline_no_lock_seed_1_30,baseline-no-lock,0,pass,-465.0,97.0,409.5,-1.945882,0.701427,-1.244454
baseline-no-lock-seed-25,25,baseline_no_lock_seed_1_30,baseline-no-lock,0,pass,-287.5,254.0,364.5,-0.163973,0.471926,0.307953
baseline-no-lock-seed-26,26,baseline_no_lock_seed_1_30,baseline-no-lock,0,pass,-259.0,10.0,219.0,-1.111051,-0.270128,-1.38118
baseline-no-lock-seed-27,27,baseline_no_lock_seed_1_30,baseline-no-lock,2,fail,-270.5,400.0,381.5,0.606604,0.558627,1.16523
baseline-no-lock-seed-28,28,baseline_no_lock_seed_1_30,baseline-no-lock,0,pass,-472.5,179.0,264.0,-1.615161,-0.040627,-1.655788
baseline-no-lock-seed-29,29,baseline_no_lock_seed_1_30,baseline-no-lock,0,pass,-710.0,56.0,308.5,-3.600553,0.186324,-3.414229
baseline-no-lock-seed-30,30,baseline_no_lock_seed_1_30,baseline-no-lock,0,pass,-416.5,143.0,77.5,-1.444787,-0.991782,-2.43657
cntvaluein3-skew-locked-seed12-long-poll,12,cntvaluein3_lock_heldout_long_poll_500,cntvaluein3-skew-locked,0,fail,-378.0,350.0,121.5,-0.266058,-0.767381,-1.033439
cntvaluein3-skew-locked-seed16-long-poll,16,cntvaluein3_lock_heldout_long_poll_500,cntvaluein3-skew-locked,2,fail,-179.5,508.0,96.5,1.646162,-0.894882,0.75128
cntvaluein3-skew-locked-seed23-long-poll,23,cntvaluein3_lock_heldout_long_poll_500,cntvaluein3-skew-locked,2,fail,-170.0,419.0,544.0,1.29535,1.387381,2.682732
cntvaluein3-skew-locked-seed28-long-poll,28,cntvaluein3_lock_heldout_long_poll_500,cntvaluein3-skew-locked,2,fail,-288.5,538.0,692.5,1.130983,2.144736,3.275719
cntvaluein3-skew-locked-seed30-long-poll,30,cntvaluein3_lock_heldout_long_poll_500,cntvaluein3-skew-locked,2,fail,-194.0,69.0,21.0,-0.451618,-1.279934,-1.731552
cntvaluein3-skew-locked-seed1,1,cntvaluein3_lock_heldout_seed_batch,cntvaluein3-skew-locked,0,pass,-256.0,325.0,472.0,0.349859,1.020179,1.370038
cntvaluein3-skew-locked-seed5,5,cntvaluein3_lock_heldout_seed_batch,cntvaluein3-skew-locked,0,pass,-494.0,355.0,558.0,-0.937666,1.458782,0.521115
cntvaluein3-skew-locked-seed6,6,cntvaluein3_lock_heldout_seed_batch,cntvaluein3-skew-locked,0,pass,-581.5,522.0,279.0,-0.696553,0.035874,-0.660679
cntvaluein3-skew-locked-seed11,11,cntvaluein3_lock_heldout_seed_batch,cntvaluein3-skew-locked,0,pass,-302.0,146.0,285.0,-0.745513,0.066474,-0.679039
cntvaluein3-skew-locked-seed20,20,cntvaluein3_lock_heldout_seed_batch,cntvaluein3-skew-locked,0,pass,-264.0,69.0,439.0,-0.870721,0.851878,-0.018842
cntvaluein3-skew-locked-seed27,27,cntvaluein3_lock_heldout_seed_batch,cntvaluein3-skew-locked,0,pass,-329.0,629.0,37.5,1.305354,-1.195784,0.109571
baseline-no-lock-seed-31,31,seed_31_60_baseline_cntvaluein3_lock_long_poll_500,baseline-no-lock,0,fail,-375.0,80.0,168.5,-1.484909,-0.52768,-2.012589
cntvaluein3-skew-locked-seed-31,31,seed_31_60_baseline_cntvaluein3_lock_long_poll_500,cntvaluein3-skew-locked,0,pass,-360.5,599.0,479.5,0.979335,1.058429,2.037764
baseline-no-lock-seed-32,32,seed_31_60_baseline_cntvaluein3_lock_long_poll_500,baseline-no-lock,2,fail,-117.0,145.0,94.0,0.357535,-0.907632,-0.550097
cntvaluein3-skew-locked-seed-32,32,seed_31_60_baseline_cntvaluein3_lock_long_poll_500,cntvaluein3-skew-locked,0,pass,-337.5,162.0,684.5,-0.884765,2.103935,1.21917
baseline-no-lock-seed-33,33,seed_31_60_baseline_cntvaluein3_lock_long_poll_500,baseline-no-lock,0,pass,-243.0,105.0,81.5,-0.580082,-0.971382,-1.551464
cntvaluein3-skew-locked-seed-33,33,seed_31_60_baseline_cntvaluein3_lock_long_poll_500,cntvaluein3-skew-locked,2,fail,-328.0,46.0,742.0,-1.359258,2.397187,1.037929
baseline-no-lock-seed-34,34,seed_31_60_baseline_cntvaluein3_lock_long_poll_500,baseline-no-lock,2,fail,-301.5,178.0,277.0,-0.595934,0.025673,-0.570261
cntvaluein3-skew-locked-seed-34,34,seed_31_60_baseline_cntvaluein3_lock_long_poll_500,cntvaluein3-skew-locked,0,pass,-509.0,459.0,383.5,-0.551072,0.568827,0.017754
baseline-no-lock-seed-35,35,seed_31_60_baseline_cntvaluein3_lock_long_poll_500,baseline-no-lock,0,pass,-274.5,219.0,112.5,-0.246468,-0.813281,-1.059749
cntvaluein3-skew-locked-seed-35,35,seed_31_60_baseline_cntvaluein3_lock_long_poll_500,cntvaluein3-skew-locked,0,pass,-340.5,136.0,796.0,-1.021827,2.672589,1.650762
baseline-no-lock-seed-36,36,seed_31_60_baseline_cntvaluein3_lock_long_poll_500,baseline-no-lock,0,pass,-124.0,243.0,349.0,0.764542,0.392876,1.157417
cntvaluein3-skew-locked-seed-36,36,seed_31_60_baseline_cntvaluein3_lock_long_poll_500,cntvaluein3-skew-locked,2,fail,297.5,35.0,167.0,2.335334,-0.53533,1.800004
baseline-no-lock-seed-37,37,seed_31_60_baseline_cntvaluein3_lock_long_poll_500,baseline-no-lock,2,fail,-329.5,518.0,132.5,0.793893,-0.711281,0.082612
cntvaluein3-skew-locked-seed-37,37,seed_31_60_baseline_cntvaluein3_lock_long_poll_500,cntvaluein3-skew-locked,0,pass,-207.5,30.0,13.5,-0.711096,-1.318184,-2.02928
baseline-no-lock-seed-38,38,seed_31_60_baseline_cntvaluein3_lock_long_poll_500,baseline-no-lock,2,fail,-182.5,123.0,246.5,-0.135403,-0.129877,-0.26528
cntvaluein3-skew-locked-seed-38,38,seed_31_60_baseline_cntvaluein3_lock_long_poll_500,cntvaluein3-skew-locked,0,pass,-357.5,212.0,185.5,-0.775469,-0.440979,-1.216448
baseline-no-lock-seed-39,39,seed_31_60_baseline_cntvaluein3_lock_long_poll_500,baseline-no-lock,0,pass,-690.0,516.0,191.0,-1.373647,-0.412929,-1.786576
cntvaluein3-skew-locked-seed-39,39,seed_31_60_baseline_cntvaluein3_lock_long_poll_500,cntvaluein3-skew-locked,2,fail,-2.0,549.0,499.5,2.896699,1.16043,4.057129
baseline-no-lock-seed-40,40,seed_31_60_baseline_cntvaluein3_lock_long_poll_500,baseline-no-lock,2,fail,-213.0,793.0,546.0,2.751117,1.397581,4.148698
cntvaluein3-skew-locked-seed-40,40,seed_31_60_baseline_cntvaluein3_lock_long_poll_500,cntvaluein3-skew-locked,0,pass,142.5,99.0,25.5,1.700492,-1.256984,0.443508
baseline-no-lock-seed-41,41,seed_31_60_baseline_cntvaluein3_lock_long_poll_500,baseline-no-lock,2,fail,-319.0,332.0,288.5,0.004732,0.084324,0.089056
cntvaluein3-skew-locked-seed-41,41,seed_31_60_baseline_cntvaluein3_lock_long_poll_500,cntvaluein3-skew-locked,2,fail,78.0,446.0,118.5,2.903852,-0.782681,2.121171
baseline-no-lock-seed-42,42,seed_31_60_baseline_cntvaluein3_lock_long_poll_500,baseline-no-lock,0,fail,-11.5,359.0,350.0,1.969471,0.397976,2.367447
cntvaluein3-skew-locked-seed-42,42,seed_31_60_baseline_cntvaluein3_lock_long_poll_500,cntvaluein3-skew-locked,0,pass,-260.0,630.0,391.5,1.723051,0.609627,2.332677
baseline-no-lock-seed-43,43,seed_31_60_baseline_cntvaluein3_lock_long_poll_500,baseline-no-lock,0,pass,-303.5,255.0,57.5,-0.255188,-1.093783,-1.348971
cntvaluein3-skew-locked-seed-43,43,seed_31_60_baseline_cntvaluein3_lock_long_poll_500,cntvaluein3-skew-locked,0,pass,-318.5,291.0,516.0,-0.180087,1.24458,1.064494
baseline-no-lock-seed-44,44,seed_31_60_baseline_cntvaluein3_lock_long_poll_500,baseline-no-lock,0,fail,-288.0,135.0,68.5,-0.712081,-1.037683,-1.749764
cntvaluein3-skew-locked-seed-44,44,seed_31_60_baseline_cntvaluein3_lock_long_poll_500,cntvaluein3-skew-locked,0,pass,-470.5,18.0,512.5,-2.340694,1.22673,-1.113963
baseline-no-lock-seed-45,45,seed_31_60_baseline_cntvaluein3_lock_long_poll_500,baseline-no-lock,2,fail,-164.5,360.0,99.0,1.058013,-0.882132,0.175881
cntvaluein3-skew-locked-seed-45,45,seed_31_60_baseline_cntvaluein3_lock_long_poll_500,cntvaluein3-skew-locked,2,fail,-317.5,650.0,754.5,1.470404,2.460938,3.931341
baseline-no-lock-seed-46,46,seed_31_60_baseline_cntvaluein3_lock_long_poll_500,baseline-no-lock,0,pass,-281.5,204.0,138.0,-0.35709,-0.683231,-1.04032
cntvaluein3-skew-locked-seed-46,46,seed_31_60_baseline_cntvaluein3_lock_long_poll_500,cntvaluein3-skew-locked,0,pass,-552.5,3.0,774.5,-2.900354,2.562938,-0.337416
baseline-no-lock-seed-47,47,seed_31_60_baseline_cntvaluein3_lock_long_poll_500,baseline-no-lock,2,fail,-346.5,491.0,631.5,0.56843,1.833634,2.402064
cntvaluein3-skew-locked-seed-47,47,seed_31_60_baseline_cntvaluein3_lock_long_poll_500,cntvaluein3-skew-locked,0,pass,-458.0,109.0,130.0,-1.849002,-0.724031,-2.573033
baseline-no-lock-seed-48,48,seed_31_60_baseline_cntvaluein3_lock_long_poll_500,baseline-no-lock,0,pass,-430.5,69.0,27.5,-1.867586,-1.246784,-3.11437
cntvaluein3-skew-locked-seed-48,48,seed_31_60_baseline_cntvaluein3_lock_long_poll_500,cntvaluein3-skew-locked,0,fail,-240.5,337.0,247.5,0.497629,-0.124777,0.372852
baseline-no-lock-seed-49,49,seed_31_60_baseline_cntvaluein3_lock_long_poll_500,baseline-no-lock,0,pass,-243.5,140.0,110.0,-0.422747,-0.826031,-1.248779
cntvaluein3-skew-locked-seed-49,49,seed_31_60_baseline_cntvaluein3_lock_long_poll_500,cntvaluein3-skew-locked,0,pass,-49.5,526.0,289.0,2.50695,0.086874,2.593824
baseline-no-lock-seed-50,50,seed_31_60_baseline_cntvaluein3_lock_long_poll_500,baseline-no-lock,0,pass,-388.0,187.0,107.0,-1.072598,-0.841332,-1.913929
cntvaluein3-skew-locked-seed-50,50,seed_31_60_baseline_cntvaluein3_lock_long_poll_500,cntvaluein3-skew-locked,2,fail,-268.5,327.0,232.0,0.284181,-0.203828,0.080353
baseline-no-lock-seed-51,51,seed_31_60_baseline_cntvaluein3_lock_long_poll_500,baseline-no-lock,0,pass,-330.5,311.0,303.0,-0.160317,0.158274,-0.002043
cntvaluein3-skew-locked-seed-51,51,seed_31_60_baseline_cntvaluein3_lock_long_poll_500,cntvaluein3-skew-locked,0,fail,-316.5,16.0,210.0,-1.427829,-0.316029,-1.743858
baseline-no-lock-seed-52,52,seed_31_60_baseline_cntvaluein3_lock_long_poll_500,baseline-no-lock,0,pass,-402.5,301.0,147.5,-0.637202,-0.63478,-1.271982
cntvaluein3-skew-locked-seed-52,52,seed_31_60_baseline_cntvaluein3_lock_long_poll_500,cntvaluein3-skew-locked,2,fail,-273.5,763.0,307.0,2.251469,0.178674,2.430143
baseline-no-lock-seed-53,53,seed_31_60_baseline_cntvaluein3_lock_long_poll_500,baseline-no-lock,0,pass,-294.5,910.0,571.5,2.799114,1.527632,4.326746
cntvaluein3-skew-locked-seed-53,53,seed_31_60_baseline_cntvaluein3_lock_long_poll_500,cntvaluein3-skew-locked,2,fail,-313.5,159.0,106.5,-0.754815,-0.843882,-1.598697
baseline-no-lock-seed-54,54,seed_31_60_baseline_cntvaluein3_lock_long_poll_500,baseline-no-lock,2,fail,-361.0,752.0,119.5,1.677202,-0.777581,0.89962
cntvaluein3-skew-locked-seed-54,54,seed_31_60_baseline_cntvaluein3_lock_long_poll_500,cntvaluein3-skew-locked,0,pass,-504.0,505.0,186.5,-0.31042,-0.435879,-0.746299
baseline-no-lock-seed-55,55,seed_31_60_baseline_cntvaluein3_lock_long_poll_500,baseline-no-lock,2,fail,-299.0,510.0,208.0,0.939856,-0.326229,0.613627
cntvaluein3-skew-locked-seed-55,55,seed_31_60_baseline_cntvaluein3_lock_long_poll_500,cntvaluein3-skew-locked,0,pass,-631.5,78.0,262.5,-3.029782,-0.048277,-3.078059
baseline-no-lock-seed-56,56,seed_31_60_baseline_cntvaluein3_lock_long_poll_500,baseline-no-lock,0,pass,-281.5,484.0,272.0,0.925531,0.000173,0.925704
cntvaluein3-skew-locked-seed-56,56,seed_31_60_baseline_cntvaluein3_lock_long_poll_500,cntvaluein3-skew-locked,0,pass,-50.0,252.0,237.0,1.24882,-0.178328,1.070492
baseline-no-lock-seed-57,57,seed_31_60_baseline_cntvaluein3_lock_long_poll_500,baseline-no-lock,0,fail,-222.0,181.0,265.0,-0.106211,-0.035527,-0.141738
cntvaluein3-skew-locked-seed-57,57,seed_31_60_baseline_cntvaluein3_lock_long_poll_500,cntvaluein3-skew-locked,0,pass,-300.5,783.0,205.5,2.18143,-0.338979,1.842452
baseline-no-lock-seed-58,58,seed_31_60_baseline_cntvaluein3_lock_long_poll_500,baseline-no-lock,2,fail,-223.0,61.0,102.0,-0.661893,-0.866832,-1.528724
cntvaluein3-skew-locked-seed-58,58,seed_31_60_baseline_cntvaluein3_lock_long_poll_500,cntvaluein3-skew-locked,0,pass,50.0,232.0,326.0,1.755922,0.275575,2.031497
baseline-no-lock-seed-59,59,seed_31_60_baseline_cntvaluein3_lock_long_poll_500,baseline-no-lock,0,pass,-167.5,181.0,36.0,0.220091,-1.203434,-0.983343
cntvaluein3-skew-locked-seed-59,59,seed_31_60_baseline_cntvaluein3_lock_long_poll_500,cntvaluein3-skew-locked,0,pass,-12.0,30.0,27.0,0.459398,-1.249334,-0.789936
baseline-no-lock-seed-60,60,seed_31_60_baseline_cntvaluein3_lock_long_poll_500,baseline-no-lock,2,fail,-32.5,166.0,71.5,0.959648,-1.022383,-0.062735
cntvaluein3-skew-locked-seed-60,60,seed_31_60_baseline_cntvaluein3_lock_long_poll_500,cntvaluein3-skew-locked,2,fail,-428.0,533.0,518.5,0.272868,1.257331,1.530198
cntvaluein3-skew-locked-seed2,2,split_idelay_skew_seed2_seed3,cntvaluein3-skew-locked,0,pass,-175.5,163.0,194.5,0.089739,-0.395079,-0.30534
cntvaluein3-skew-locked-seed3,3,split_idelay_skew_seed2_seed3,cntvaluein3-skew-locked,0,pass,-125.5,533.0,599.0,2.08399,1.667883,3.751873
