experiment_id,metrics_group,metric_sample,metric_status,hardware_pass,seed,run_group,variant,payload_version,fail_reasons,state_calibrate,instruction_address,calib_complete,bist_done,wrong_read_data,abort_seen,abort_reason,abort_reason_name,abort_lane,abort_state,abort_instruction,abort_start_index_check,abort_lane_write_dq_late,abort_lane_read_dq_early,abort_dq_target_index,abort_data_start_index,idelay_data_tap_mismatch_seen,idelay_dqs_tap_mismatch_seen,data_mismatch_lane_mask,dqs_mismatch_lane_mask,bitstream_sha256,sdf_sha256,nextpnr_json_sha256,result_json,nextpnr_json,cvc_sdf,interpretation,cntvaluein_bus_skew__idelay_data_cntvaluein__lane0__dq0__ctrl_none__dq0__value_ps,cntvaluein_bus_skew__idelay_data_cntvaluein__lane0__dq1__ctrl_none__dq1__value_ps,cntvaluein_bus_skew__idelay_data_cntvaluein__lane0__dq2__ctrl_none__dq2__value_ps,cntvaluein_bus_skew__idelay_data_cntvaluein__lane0__dq3__ctrl_none__dq3__value_ps,cntvaluein_bus_skew__idelay_data_cntvaluein__lane0__dq4__ctrl_none__dq4__value_ps,cntvaluein_bus_skew__idelay_data_cntvaluein__lane0__dq5__ctrl_none__dq5__value_ps,cntvaluein_bus_skew__idelay_data_cntvaluein__lane0__dq6__ctrl_none__dq6__value_ps,cntvaluein_bus_skew__idelay_data_cntvaluein__lane0__dq7__ctrl_none__dq7__value_ps,cntvaluein_bus_skew__idelay_data_cntvaluein__lane1__dq10__ctrl_none__dq10__value_ps,cntvaluein_bus_skew__idelay_data_cntvaluein__lane1__dq11__ctrl_none__dq11__value_ps,cntvaluein_bus_skew__idelay_data_cntvaluein__lane1__dq12__ctrl_none__dq12__value_ps,cntvaluein_bus_skew__idelay_data_cntvaluein__lane1__dq13__ctrl_none__dq13__value_ps,cntvaluein_bus_skew__idelay_data_cntvaluein__lane1__dq14__ctrl_none__dq14__value_ps,cntvaluein_bus_skew__idelay_data_cntvaluein__lane1__dq15__ctrl_none__dq15__value_ps,cntvaluein_bus_skew__idelay_data_cntvaluein__lane1__dq8__ctrl_none__dq8__value_ps,cntvaluein_bus_skew__idelay_data_cntvaluein__lane1__dq9__ctrl_none__dq9__value_ps,cntvaluein_bus_skew__idelay_dqs_cntvaluein__lane0__dqs0__ctrl_none__dqs0__value_ps,cntvaluein_bus_skew__idelay_dqs_cntvaluein__lane1__dqs1__ctrl_none__dqs1__value_ps,control_fanout_spread__idelay_data_cntvaluein__lane0__no_bit__ctrl_0__lane_control_bit__value_ps,control_fanout_spread__idelay_data_cntvaluein__lane0__no_bit__ctrl_1__lane_control_bit__value_ps,control_fanout_spread__idelay_data_cntvaluein__lane0__no_bit__ctrl_2__lane_control_bit__value_ps,control_fanout_spread__idelay_data_cntvaluein__lane0__no_bit__ctrl_3__lane_control_bit__value_ps,control_fanout_spread__idelay_data_cntvaluein__lane0__no_bit__ctrl_4__lane_control_bit__value_ps,control_fanout_spread__idelay_data_cntvaluein__lane1__no_bit__ctrl_0__lane_control_bit__value_ps,control_fanout_spread__idelay_data_cntvaluein__lane1__no_bit__ctrl_1__lane_control_bit__value_ps,control_fanout_spread__idelay_data_cntvaluein__lane1__no_bit__ctrl_2__lane_control_bit__value_ps,control_fanout_spread__idelay_data_cntvaluein__lane1__no_bit__ctrl_3__lane_control_bit__value_ps,control_fanout_spread__idelay_data_cntvaluein__lane1__no_bit__ctrl_4__lane_control_bit__value_ps,control_fanout_spread__idelay_dqs_cntvaluein__lane0__no_bit__ctrl_0__lane_control_bit__value_ps,control_fanout_spread__idelay_dqs_cntvaluein__lane0__no_bit__ctrl_1__lane_control_bit__value_ps,control_fanout_spread__idelay_dqs_cntvaluein__lane0__no_bit__ctrl_2__lane_control_bit__value_ps,control_fanout_spread__idelay_dqs_cntvaluein__lane0__no_bit__ctrl_3__lane_control_bit__value_ps,control_fanout_spread__idelay_dqs_cntvaluein__lane0__no_bit__ctrl_4__lane_control_bit__value_ps,control_fanout_spread__idelay_dqs_cntvaluein__lane1__no_bit__ctrl_0__lane_control_bit__value_ps,control_fanout_spread__idelay_dqs_cntvaluein__lane1__no_bit__ctrl_1__lane_control_bit__value_ps,control_fanout_spread__idelay_dqs_cntvaluein__lane1__no_bit__ctrl_2__lane_control_bit__value_ps,control_fanout_spread__idelay_dqs_cntvaluein__lane1__no_bit__ctrl_3__lane_control_bit__value_ps,control_fanout_spread__idelay_dqs_cntvaluein__lane1__no_bit__ctrl_4__lane_control_bit__value_ps,direct_max__clocking__all__no_bit__ctrl_none__endpoint__value_ps,direct_max__clocking__lane0__dq0__ctrl_none__endpoint__value_ps,direct_max__clocking__lane0__dq1__ctrl_none__endpoint__value_ps,direct_max__clocking__lane0__dq2__ctrl_none__endpoint__value_ps,direct_max__clocking__lane0__dq3__ctrl_none__endpoint__value_ps,direct_max__clocking__lane0__dq4__ctrl_none__endpoint__value_ps,direct_max__clocking__lane0__dq5__ctrl_none__endpoint__value_ps,direct_max__clocking__lane0__dq6__ctrl_none__endpoint__value_ps,direct_max__clocking__lane0__dq7__ctrl_none__endpoint__value_ps,direct_max__clocking__lane0__dqs0__ctrl_none__endpoint__value_ps,direct_max__clocking__lane1__dq10__ctrl_none__endpoint__value_ps,direct_max__clocking__lane1__dq11__ctrl_none__endpoint__value_ps,direct_max__clocking__lane1__dq12__ctrl_none__endpoint__value_ps,direct_max__clocking__lane1__dq13__ctrl_none__endpoint__value_ps,direct_max__clocking__lane1__dq14__ctrl_none__endpoint__value_ps,direct_max__clocking__lane1__dq15__ctrl_none__endpoint__value_ps,direct_max__clocking__lane1__dq8__ctrl_none__endpoint__value_ps,direct_max__clocking__lane1__dq9__ctrl_none__endpoint__value_ps,direct_max__clocking__lane1__dqs1__ctrl_none__endpoint__value_ps,direct_max__dq_iologic__lane0__dq0__ctrl_none__endpoint__value_ps,direct_max__dq_iologic__lane0__dq1__ctrl_none__endpoint__value_ps,direct_max__dq_iologic__lane0__dq2__ctrl_none__endpoint__value_ps,direct_max__dq_iologic__lane0__dq3__ctrl_none__endpoint__value_ps,direct_max__dq_iologic__lane0__dq4__ctrl_none__endpoint__value_ps,direct_max__dq_iologic__lane0__dq5__ctrl_none__endpoint__value_ps,direct_max__dq_iologic__lane0__dq6__ctrl_none__endpoint__value_ps,direct_max__dq_iologic__lane0__dq7__ctrl_none__endpoint__value_ps,direct_max__dq_iologic__lane1__dq10__ctrl_none__endpoint__value_ps,direct_max__dq_iologic__lane1__dq11__ctrl_none__endpoint__value_ps,direct_max__dq_iologic__lane1__dq12__ctrl_none__endpoint__value_ps,direct_max__dq_iologic__lane1__dq13__ctrl_none__endpoint__value_ps,direct_max__dq_iologic__lane1__dq14__ctrl_none__endpoint__value_ps,direct_max__dq_iologic__lane1__dq15__ctrl_none__endpoint__value_ps,direct_max__dq_iologic__lane1__dq8__ctrl_none__endpoint__value_ps,direct_max__dq_iologic__lane1__dq9__ctrl_none__endpoint__value_ps,direct_max__dqs_iologic__lane0__dqs0__ctrl_none__endpoint__value_ps,direct_max__dqs_iologic__lane1__dqs1__ctrl_none__endpoint__value_ps,direct_max__idelay_data_cntvaluein__lane0__dq0__ctrl_0__endpoint__value_ps,direct_max__idelay_data_cntvaluein__lane0__dq0__ctrl_1__endpoint__value_ps,direct_max__idelay_data_cntvaluein__lane0__dq0__ctrl_2__endpoint__value_ps,direct_max__idelay_data_cntvaluein__lane0__dq0__ctrl_3__endpoint__value_ps,direct_max__idelay_data_cntvaluein__lane0__dq0__ctrl_4__endpoint__value_ps,direct_max__idelay_data_cntvaluein__lane0__dq1__ctrl_0__endpoint__value_ps,direct_max__idelay_data_cntvaluein__lane0__dq1__ctrl_1__endpoint__value_ps,direct_max__idelay_data_cntvaluein__lane0__dq1__ctrl_2__endpoint__value_ps,direct_max__idelay_data_cntvaluein__lane0__dq1__ctrl_3__endpoint__value_ps,direct_max__idelay_data_cntvaluein__lane0__dq1__ctrl_4__endpoint__value_ps,direct_max__idelay_data_cntvaluein__lane0__dq2__ctrl_0__endpoint__value_ps,direct_max__idelay_data_cntvaluein__lane0__dq2__ctrl_1__endpoint__value_ps,direct_max__idelay_data_cntvaluein__lane0__dq2__ctrl_2__endpoint__value_ps,direct_max__idelay_data_cntvaluein__lane0__dq2__ctrl_3__endpoint__value_ps,direct_max__idelay_data_cntvaluein__lane0__dq2__ctrl_4__endpoint__value_ps,direct_max__idelay_data_cntvaluein__lane0__dq3__ctrl_0__endpoint__value_ps,direct_max__idelay_data_cntvaluein__lane0__dq3__ctrl_1__endpoint__value_ps,direct_max__idelay_data_cntvaluein__lane0__dq3__ctrl_2__endpoint__value_ps,direct_max__idelay_data_cntvaluein__lane0__dq3__ctrl_3__endpoint__value_ps,direct_max__idelay_data_cntvaluein__lane0__dq3__ctrl_4__endpoint__value_ps,direct_max__idelay_data_cntvaluein__lane0__dq4__ctrl_0__endpoint__value_ps,direct_max__idelay_data_cntvaluein__lane0__dq4__ctrl_1__endpoint__value_ps,direct_max__idelay_data_cntvaluein__lane0__dq4__ctrl_2__endpoint__value_ps,direct_max__idelay_data_cntvaluein__lane0__dq4__ctrl_3__endpoint__value_ps,direct_max__idelay_data_cntvaluein__lane0__dq4__ctrl_4__endpoint__value_ps,direct_max__idelay_data_cntvaluein__lane0__dq5__ctrl_0__endpoint__value_ps,direct_max__idelay_data_cntvaluein__lane0__dq5__ctrl_1__endpoint__value_ps,direct_max__idelay_data_cntvaluein__lane0__dq5__ctrl_2__endpoint__value_ps,direct_max__idelay_data_cntvaluein__lane0__dq5__ctrl_3__endpoint__value_ps,direct_max__idelay_data_cntvaluein__lane0__dq5__ctrl_4__endpoint__value_ps,direct_max__idelay_data_cntvaluein__lane0__dq6__ctrl_0__endpoint__value_ps,direct_max__idelay_data_cntvaluein__lane0__dq6__ctrl_1__endpoint__value_ps,direct_max__idelay_data_cntvaluein__lane0__dq6__ctrl_2__endpoint__value_ps,direct_max__idelay_data_cntvaluein__lane0__dq6__ctrl_3__endpoint__value_ps,direct_max__idelay_data_cntvaluein__lane0__dq6__ctrl_4__endpoint__value_ps,direct_max__idelay_data_cntvaluein__lane0__dq7__ctrl_0__endpoint__value_ps,direct_max__idelay_data_cntvaluein__lane0__dq7__ctrl_1__endpoint__value_ps,direct_max__idelay_data_cntvaluein__lane0__dq7__ctrl_2__endpoint__value_ps,direct_max__idelay_data_cntvaluein__lane0__dq7__ctrl_3__endpoint__value_ps,direct_max__idelay_data_cntvaluein__lane0__dq7__ctrl_4__endpoint__value_ps,direct_max__idelay_data_cntvaluein__lane1__dq10__ctrl_0__endpoint__value_ps,direct_max__idelay_data_cntvaluein__lane1__dq10__ctrl_1__endpoint__value_ps,direct_max__idelay_data_cntvaluein__lane1__dq10__ctrl_2__endpoint__value_ps,direct_max__idelay_data_cntvaluein__lane1__dq10__ctrl_3__endpoint__value_ps,direct_max__idelay_data_cntvaluein__lane1__dq10__ctrl_4__endpoint__value_ps,direct_max__idelay_data_cntvaluein__lane1__dq11__ctrl_0__endpoint__value_ps,direct_max__idelay_data_cntvaluein__lane1__dq11__ctrl_1__endpoint__value_ps,direct_max__idelay_data_cntvaluein__lane1__dq11__ctrl_2__endpoint__value_ps,direct_max__idelay_data_cntvaluein__lane1__dq11__ctrl_3__endpoint__value_ps,direct_max__idelay_data_cntvaluein__lane1__dq11__ctrl_4__endpoint__value_ps,direct_max__idelay_data_cntvaluein__lane1__dq12__ctrl_0__endpoint__value_ps,direct_max__idelay_data_cntvaluein__lane1__dq12__ctrl_1__endpoint__value_ps,direct_max__idelay_data_cntvaluein__lane1__dq12__ctrl_2__endpoint__value_ps,direct_max__idelay_data_cntvaluein__lane1__dq12__ctrl_3__endpoint__value_ps,direct_max__idelay_data_cntvaluein__lane1__dq12__ctrl_4__endpoint__value_ps,direct_max__idelay_data_cntvaluein__lane1__dq13__ctrl_0__endpoint__value_ps,direct_max__idelay_data_cntvaluein__lane1__dq13__ctrl_1__endpoint__value_ps,direct_max__idelay_data_cntvaluein__lane1__dq13__ctrl_2__endpoint__value_ps,direct_max__idelay_data_cntvaluein__lane1__dq13__ctrl_3__endpoint__value_ps,direct_max__idelay_data_cntvaluein__lane1__dq13__ctrl_4__endpoint__value_ps,direct_max__idelay_data_cntvaluein__lane1__dq14__ctrl_0__endpoint__value_ps,direct_max__idelay_data_cntvaluein__lane1__dq14__ctrl_1__endpoint__value_ps,direct_max__idelay_data_cntvaluein__lane1__dq14__ctrl_2__endpoint__value_ps,direct_max__idelay_data_cntvaluein__lane1__dq14__ctrl_3__endpoint__value_ps,direct_max__idelay_data_cntvaluein__lane1__dq14__ctrl_4__endpoint__value_ps,direct_max__idelay_data_cntvaluein__lane1__dq15__ctrl_0__endpoint__value_ps,direct_max__idelay_data_cntvaluein__lane1__dq15__ctrl_1__endpoint__value_ps,direct_max__idelay_data_cntvaluein__lane1__dq15__ctrl_2__endpoint__value_ps,direct_max__idelay_data_cntvaluein__lane1__dq15__ctrl_3__endpoint__value_ps,direct_max__idelay_data_cntvaluein__lane1__dq15__ctrl_4__endpoint__value_ps,direct_max__idelay_data_cntvaluein__lane1__dq8__ctrl_0__endpoint__value_ps,direct_max__idelay_data_cntvaluein__lane1__dq8__ctrl_1__endpoint__value_ps,direct_max__idelay_data_cntvaluein__lane1__dq8__ctrl_2__endpoint__value_ps,direct_max__idelay_data_cntvaluein__lane1__dq8__ctrl_3__endpoint__value_ps,direct_max__idelay_data_cntvaluein__lane1__dq8__ctrl_4__endpoint__value_ps,direct_max__idelay_data_cntvaluein__lane1__dq9__ctrl_0__endpoint__value_ps,direct_max__idelay_data_cntvaluein__lane1__dq9__ctrl_1__endpoint__value_ps,direct_max__idelay_data_cntvaluein__lane1__dq9__ctrl_2__endpoint__value_ps,direct_max__idelay_data_cntvaluein__lane1__dq9__ctrl_3__endpoint__value_ps,direct_max__idelay_data_cntvaluein__lane1__dq9__ctrl_4__endpoint__value_ps,direct_max__idelay_dqs_cntvaluein__lane0__dqs0__ctrl_0__endpoint__value_ps,direct_max__idelay_dqs_cntvaluein__lane0__dqs0__ctrl_1__endpoint__value_ps,direct_max__idelay_dqs_cntvaluein__lane0__dqs0__ctrl_2__endpoint__value_ps,direct_max__idelay_dqs_cntvaluein__lane0__dqs0__ctrl_3__endpoint__value_ps,direct_max__idelay_dqs_cntvaluein__lane0__dqs0__ctrl_4__endpoint__value_ps,direct_max__idelay_dqs_cntvaluein__lane1__dqs1__ctrl_0__endpoint__value_ps,direct_max__idelay_dqs_cntvaluein__lane1__dqs1__ctrl_1__endpoint__value_ps,direct_max__idelay_dqs_cntvaluein__lane1__dqs1__ctrl_2__endpoint__value_ps,direct_max__idelay_dqs_cntvaluein__lane1__dqs1__ctrl_3__endpoint__value_ps,direct_max__idelay_dqs_cntvaluein__lane1__dqs1__ctrl_4__endpoint__value_ps,direct_max__idelay_ld__lane0__dq0__ctrl_none__endpoint__value_ps,direct_max__idelay_ld__lane0__dq1__ctrl_none__endpoint__value_ps,direct_max__idelay_ld__lane0__dq2__ctrl_none__endpoint__value_ps,direct_max__idelay_ld__lane0__dq3__ctrl_none__endpoint__value_ps,direct_max__idelay_ld__lane0__dq4__ctrl_none__endpoint__value_ps,direct_max__idelay_ld__lane0__dq5__ctrl_none__endpoint__value_ps,direct_max__idelay_ld__lane0__dq6__ctrl_none__endpoint__value_ps,direct_max__idelay_ld__lane0__dq7__ctrl_none__endpoint__value_ps,direct_max__idelay_ld__lane0__dqs0__ctrl_none__endpoint__value_ps,direct_max__idelay_ld__lane1__dq10__ctrl_none__endpoint__value_ps,direct_max__idelay_ld__lane1__dq11__ctrl_none__endpoint__value_ps,direct_max__idelay_ld__lane1__dq12__ctrl_none__endpoint__value_ps,direct_max__idelay_ld__lane1__dq13__ctrl_none__endpoint__value_ps,direct_max__idelay_ld__lane1__dq14__ctrl_none__endpoint__value_ps,direct_max__idelay_ld__lane1__dq15__ctrl_none__endpoint__value_ps,direct_max__idelay_ld__lane1__dq8__ctrl_none__endpoint__value_ps,direct_max__idelay_ld__lane1__dq9__ctrl_none__endpoint__value_ps,direct_max__idelay_ld__lane1__dqs1__ctrl_none__endpoint__value_ps,direct_max__idelayctrl__all__no_bit__ctrl_none__endpoint__value_ps,direct_max__reset_release__all__no_bit__ctrl_none__endpoint__value_ps,lane_spread__clocking__all__no_bit__ctrl_none__lane__value_ps,lane_spread__clocking__lane0__no_bit__ctrl_none__lane__value_ps,lane_spread__clocking__lane1__no_bit__ctrl_none__lane__value_ps,lane_spread__dq_iologic__lane0__no_bit__ctrl_none__lane__value_ps,lane_spread__dq_iologic__lane1__no_bit__ctrl_none__lane__value_ps,lane_spread__dqs_iologic__lane0__no_bit__ctrl_none__lane__value_ps,lane_spread__dqs_iologic__lane1__no_bit__ctrl_none__lane__value_ps,lane_spread__idelay_data_cntvaluein__lane0__no_bit__ctrl_none__lane__value_ps,lane_spread__idelay_data_cntvaluein__lane1__no_bit__ctrl_none__lane__value_ps,lane_spread__idelay_dqs_cntvaluein__lane0__no_bit__ctrl_none__lane__value_ps,lane_spread__idelay_dqs_cntvaluein__lane1__no_bit__ctrl_none__lane__value_ps,lane_spread__idelay_ld__lane0__no_bit__ctrl_none__lane__value_ps,lane_spread__idelay_ld__lane1__no_bit__ctrl_none__lane__value_ps,lane_spread__idelayctrl__all__no_bit__ctrl_none__lane__value_ps,lane_spread__reset_release__all__no_bit__ctrl_none__lane__value_ps
baseline-no-lock-seed-1,baseline-no-lock-seed-1-30,baseline-no-lock-seed-1,pass,True,1,baseline_no_lock_seed_1_30,baseline-no-lock,3,,23,22,True,True,0,False,0,none,0,0,0,0,False,False,0,0,False,False,0,0,93559ae7c9e7dd011567a22638637edc9f0bd9ff10be7305a0c23f2ce7d0b66b,c2f319a25f55bf581918e9a4f9036da7048906b073c5e5cf11cc628a411e9137,3d1cc46caeaca30c360b5edc65ede420a4a83ac6dc97ebefd5eac49ee3f02447,artifacts/hardware/baseline-no-lock-seed-1-30/baseline-no-lock-seed-1.json,/nix/store/ahfyga4ylg7y4f2g9bg46rf6dpdbn7mg-ypcb-ddr3-nextpnr-json-seed-1/ypcb_00338_1p1_ddr3.placed.json,/nix/store/7x1d974s848wf73zrj1zdinfqji2pm0p-ypcb-ddr3-cvc-sdf-seed-1/ypcb_00338_1p1_ddr3.cvc.sdf,passes calibration and BIST,762.0,912.0,824.0,635.0,917.0,596.0,961.0,873.0,602.0,352.0,480.0,710.0,449.0,471.0,623.0,414.0,363.0,640.0,306.0,625.0,227.0,399.0,582.0,316.0,426.0,268.0,340.0,688.0,0.0,0.0,0.0,0.0,0.0,0.0,0.0,0.0,0.0,0.0,6135.0,1314.0,1314.0,1314.0,1314.0,1314.0,1314.0,1314.0,1314.0,1279.0,1314.0,1314.0,1314.0,1314.0,1314.0,1314.0,1314.0,1314.0,1279.0,2025.0,2155.0,2023.0,1985.0,2069.0,1845.0,1965.0,1995.0,2872.0,2622.0,2684.0,2654.0,2714.0,2401.0,2595.0,2490.0,3509.0,3119.0,1643.0,2006.0,1266.0,2028.0,1986.0,1544.0,2091.0,1179.0,1983.0,1906.0,1634.0,2184.0,1360.0,2076.0,1878.0,1412.0,1651.0,1264.0,1899.0,1485.0,1550.0,2181.0,1264.0,2075.0,1820.0,1620.0,1705.0,1175.0,1771.0,1404.0,1531.0,2276.0,1315.0,2170.0,1664.0,1718.0,2275.0,1402.0,2167.0,1753.0,1366.0,1684.0,1164.0,1766.0,1476.0,1434.0,1590.0,1238.0,1567.0,1248.0,1450.0,1597.0,1195.0,1675.0,1562.0,1521.0,1680.0,970.0,1652.0,1253.0,1274.0,1682.0,1233.0,1659.0,1646.0,1205.0,1258.0,1194.0,1429.0,958.0,1358.0,1504.0,1146.0,1769.0,1345.0,1289.0,1310.0,1105.0,1519.0,1213.0,1835.0,1597.0,1960.0,1799.0,1796.0,1401.0,1338.0,1978.0,1518.0,1437.0,1893.0,1978.0,1771.0,1644.0,1781.0,1633.0,1827.0,1690.0,1853.0,1504.0,1396.0,1360.0,1315.0,1488.0,1440.0,1476.0,1177.0,1223.0,2111.0,584.0,6016.0,135.0,135.0,2155.0,2872.0,3509.0,3119.0,1101.0,811.0,363.0,640.0,345.0,327.0,985.0,584.0
baseline-no-lock-seed-10,baseline-no-lock-seed-1-30,baseline-no-lock-seed-10,pass,True,10,baseline_no_lock_seed_1_30,baseline-no-lock,3,,23,22,True,True,0,False,0,none,0,0,0,0,False,False,0,0,False,False,0,0,d7923a7193229c9834e790e3b17bcf65bfb9c600c26782447fc6b52415af4855,4995c46d976325d69fea06c801547978c9d1e5fae726844976e5309c8d959249,4a0e52287e8cb4e5e5c16e83984a279a36cbcc27317cc28079223802080acb88,artifacts/hardware/baseline-no-lock-seed-1-30/baseline-no-lock-seed-10.json,/nix/store/p7rw5yk68n6rqckdvgmmb4jlx493w6gz-ypcb-ddr3-nextpnr-json-seed-10/ypcb_00338_1p1_ddr3.placed.json,/nix/store/whmcxhihnghr30i5b7pvdnmqawly7n1q-ypcb-ddr3-cvc-sdf-seed-10/ypcb_00338_1p1_ddr3.cvc.sdf,passes calibration and BIST,443.0,354.0,638.0,572.0,429.0,738.0,607.0,641.0,615.0,847.0,444.0,808.0,607.0,436.0,670.0,497.0,896.0,645.0,436.0,438.0,138.0,393.0,516.0,448.0,439.0,647.0,625.0,637.0,0.0,0.0,0.0,0.0,0.0,0.0,0.0,0.0,0.0,0.0,7065.0,1314.0,1314.0,1314.0,1314.0,1314.0,1314.0,1314.0,1314.0,1279.0,1314.0,1314.0,1314.0,1314.0,1314.0,1314.0,1314.0,1314.0,1279.0,1875.0,2335.0,1855.0,2119.0,1845.0,2469.0,1985.0,2355.0,2595.0,2730.0,3036.0,2505.0,2505.0,2476.0,2638.0,2295.0,3930.0,3539.0,1542.0,1845.0,1985.0,1791.0,1866.0,1626.0,1847.0,1980.0,1919.0,1953.0,1411.0,1722.0,1978.0,1771.0,2049.0,1355.0,1491.0,1927.0,1730.0,1677.0,1710.0,1636.0,2065.0,1873.0,1690.0,1274.0,1409.0,2012.0,1526.0,1628.0,1537.0,1815.0,1935.0,1865.0,2144.0,1496.0,1812.0,2023.0,1863.0,2137.0,1266.0,1455.0,1881.0,1697.0,1508.0,1131.0,1259.0,1978.0,1386.0,1284.0,1350.0,1360.0,1794.0,1782.0,1595.0,1261.0,1366.0,2069.0,1378.0,1370.0,1434.0,1279.0,1886.0,1868.0,1684.0,986.0,1098.0,1422.0,1251.0,1223.0,1218.0,1282.0,1888.0,1876.0,1771.0,1123.0,1016.0,1513.0,1343.0,1134.0,1327.0,1953.0,2223.0,2119.0,1437.0,1075.0,1720.0,1692.0,1715.0,1166.0,1626.0,1717.0,1434.0,1473.0,1718.0,1565.0,1439.0,1812.0,1531.0,1539.0,1468.0,1592.0,1324.0,1672.0,1404.0,1416.0,1327.0,1439.0,1797.0,764.0,6946.0,135.0,135.0,2469.0,3036.0,3930.0,3539.0,870.0,1083.0,896.0,645.0,378.0,348.0,671.0,764.0
baseline-no-lock-seed-13,baseline-no-lock-seed-1-30,baseline-no-lock-seed-13,pass,True,13,baseline_no_lock_seed_1_30,baseline-no-lock,3,,23,22,True,True,0,False,0,none,0,0,0,0,False,False,0,0,False,False,0,0,b0f03929d6cb3725cb8ed0592cd4b27130a499b0327255272cb2eb744d8110f3,eea8f3405632c3afd792b9baa3b33e14b1e4e5651a3bf8c6528ca1b4e74815bc,0a331cb7df641d1a199d9102cdb396ba6cc222a223f3769a2333901f10dc0fbe,artifacts/hardware/baseline-no-lock-seed-1-30/baseline-no-lock-seed-13.json,/nix/store/lgkkmjfy4vlpr4a18g49g6msq9fil5h8-ypcb-ddr3-nextpnr-json-seed-13/ypcb_00338_1p1_ddr3.placed.json,/nix/store/xc7zfwa9n7hjfg133zxdfpqd1kpw2saq-ypcb-ddr3-cvc-sdf-seed-13/ypcb_00338_1p1_ddr3.cvc.sdf,passes calibration and BIST,604.0,625.0,678.0,530.0,668.0,618.0,860.0,849.0,518.0,630.0,436.0,682.0,501.0,673.0,771.0,673.0,584.0,691.0,326.0,707.0,128.0,332.0,220.0,517.0,352.0,270.0,337.0,292.0,0.0,0.0,0.0,0.0,0.0,0.0,0.0,0.0,0.0,0.0,6945.0,1314.0,1314.0,1314.0,1314.0,1314.0,1314.0,1314.0,1314.0,1279.0,1314.0,1314.0,1314.0,1314.0,1314.0,1314.0,1314.0,1314.0,1279.0,2191.0,2029.0,2075.0,2809.0,1985.0,2628.0,2009.0,2401.0,2759.0,2730.0,2690.0,2770.0,2714.0,2446.0,3598.0,2453.0,3599.0,3210.0,1855.0,2178.0,1718.0,1945.0,2322.0,1939.0,2263.0,1638.0,1901.0,2256.0,1725.0,2357.0,1679.0,1995.0,2259.0,1613.0,1743.0,1608.0,1810.0,2138.0,1805.0,2355.0,1690.0,1993.0,2358.0,1697.0,1796.0,1608.0,1786.0,2226.0,1633.0,2450.0,1590.0,1753.0,2190.0,1809.0,2447.0,1598.0,2085.0,2269.0,1478.0,1608.0,1541.0,1613.0,1996.0,1425.0,1486.0,1320.0,1613.0,1950.0,1562.0,1661.0,1544.0,1699.0,1980.0,1356.0,1539.0,1376.0,1621.0,2038.0,1646.0,1700.0,1590.0,1789.0,2091.0,1213.0,1348.0,1358.0,1544.0,1886.0,1730.0,1700.0,1407.0,1881.0,2178.0,1300.0,1401.0,1442.0,1629.0,1973.0,1786.0,1511.0,1883.0,1990.0,2095.0,1509.0,1174.0,1865.0,1625.0,1776.0,1365.0,1447.0,1539.0,1453.0,1531.0,1442.0,1633.0,1625.0,1534.0,1876.0,1608.0,1845.0,1746.0,1700.0,1472.0,1753.0,1524.0,1825.0,2954.0,584.0,6826.0,135.0,135.0,2809.0,3598.0,3599.0,3210.0,860.0,965.0,584.0,691.0,268.0,404.0,1828.0,584.0
baseline-no-lock-seed-14,baseline-no-lock-seed-1-30,baseline-no-lock-seed-14,pass,True,14,baseline_no_lock_seed_1_30,baseline-no-lock,3,,23,22,True,True,0,False,0,none,0,0,0,0,False,False,0,0,False,False,0,0,84a6e8e5883ed8717f3db930fb16a7a3314f379de310c9a3e561b2a78bc7b59a,b84677d091c0ca1ea1cd2098b67beb4a4c338e21cfda4b0872049184a8d652e0,572edee6b38d85b0186ac593582db030c678949e276777f81089b5a287283b75,artifacts/hardware/baseline-no-lock-seed-1-30/baseline-no-lock-seed-14.json,/nix/store/vj21kg08dw5c4k50lwk41fr5p7yyhdp6-ypcb-ddr3-nextpnr-json-seed-14/ypcb_00338_1p1_ddr3.placed.json,/nix/store/py15l07cnjnh5wsg1jz9mdyh9xzpvhnd-ypcb-ddr3-cvc-sdf-seed-14/ypcb_00338_1p1_ddr3.cvc.sdf,passes calibration and BIST,694.0,885.0,946.0,468.0,742.0,546.0,1087.0,1059.0,615.0,483.0,656.0,488.0,664.0,326.0,826.0,240.0,564.0,507.0,272.0,348.0,588.0,193.0,389.0,312.0,511.0,632.0,583.0,243.0,0.0,0.0,0.0,0.0,0.0,0.0,0.0,0.0,0.0,0.0,6539.0,1314.0,1314.0,1314.0,1314.0,1314.0,1314.0,1314.0,1314.0,1279.0,1314.0,1314.0,1314.0,1314.0,1314.0,1314.0,1314.0,1314.0,1279.0,1894.0,2069.0,1988.0,2507.0,1939.0,2039.0,1899.0,2206.0,2505.0,2443.0,2474.0,2384.0,2444.0,2569.0,2374.0,2174.0,3404.0,3015.0,1687.0,1998.0,1960.0,1664.0,1304.0,1725.0,2000.0,2051.0,1804.0,1166.0,1514.0,2171.0,2144.0,1623.0,1225.0,1453.0,1921.0,1735.0,1611.0,1468.0,1600.0,2085.0,2141.0,1750.0,1399.0,1460.0,2006.0,1648.0,1702.0,1555.0,1559.0,2269.0,2236.0,1705.0,1182.0,1501.0,2178.0,2234.0,1761.0,1175.0,1406.0,1672.0,1779.0,1363.0,1164.0,1223.0,1580.0,1503.0,1179.0,1097.0,1412.0,1667.0,1733.0,1447.0,1077.0,1228.0,1672.0,1417.0,1264.0,1184.0,1315.0,1580.0,1825.0,1532.0,1161.0,1149.0,1241.0,1284.0,958.0,1233.0,1320.0,1498.0,1916.0,1541.0,1090.0,1100.0,1161.0,1340.0,1179.0,1320.0,2061.0,1498.0,1743.0,2029.0,2062.0,1569.0,1223.0,1470.0,1730.0,1541.0,1154.0,1245.0,1338.0,1468.0,1246.0,1475.0,1430.0,1340.0,1524.0,1452.0,1406.0,1307.0,1261.0,1434.0,1332.0,1353.0,1125.0,1169.0,2805.0,699.0,6420.0,135.0,135.0,2507.0,2569.0,3404.0,3015.0,1103.0,958.0,564.0,507.0,370.0,327.0,1901.0,699.0
baseline-no-lock-seed-15,baseline-no-lock-seed-1-30,baseline-no-lock-seed-15,pass,True,15,baseline_no_lock_seed_1_30,baseline-no-lock,3,,23,22,True,True,0,False,0,none,0,0,0,0,False,False,0,0,False,False,0,0,9c2099403c8fa82f4afc07877df00bd746faf5115ec3fb0448f62ab7d5cee984,d435588f161d6beebcfaa2b5ea2cfbe005816be66d441ad937fe1d8f9ff79357,af4ce975a6b307d15921ccdd78761d1caf9fb1b7bff2444abf8ef6b072a55964,artifacts/hardware/baseline-no-lock-seed-1-30/baseline-no-lock-seed-15.json,/nix/store/lm5pz22253qb0bw1c0wjny1gacjc09v6-ypcb-ddr3-nextpnr-json-seed-15/ypcb_00338_1p1_ddr3.placed.json,/nix/store/2gh0a9nys4mnvgsir71b4zmdqzv80cx0-ypcb-ddr3-cvc-sdf-seed-15/ypcb_00338_1p1_ddr3.cvc.sdf,passes calibration and BIST,1125.0,953.0,851.0,801.0,1037.0,783.0,798.0,1036.0,683.0,426.0,676.0,431.0,958.0,288.0,758.0,465.0,508.0,439.0,528.0,531.0,219.0,293.0,549.0,171.0,659.0,293.0,456.0,334.0,0.0,0.0,0.0,0.0,0.0,0.0,0.0,0.0,0.0,0.0,6704.0,1314.0,1314.0,1314.0,1314.0,1314.0,1314.0,1314.0,1314.0,1279.0,1314.0,1314.0,1314.0,1314.0,1314.0,1314.0,1314.0,1314.0,1279.0,1875.0,1953.0,1827.0,2252.0,1962.0,2148.0,1692.0,2084.0,2414.0,2265.0,2505.0,2325.0,2384.0,1934.0,2174.0,2099.0,2970.0,2549.0,1784.0,2207.0,1340.0,1082.0,1567.0,1784.0,2127.0,1342.0,1174.0,1656.0,1611.0,2117.0,1297.0,1266.0,1751.0,1338.0,1868.0,1261.0,1067.0,1376.0,1699.0,2301.0,1296.0,1264.0,1743.0,1256.0,1863.0,1172.0,1080.0,1296.0,1580.0,2158.0,1391.0,1360.0,1845.0,1580.0,2394.0,1389.0,1358.0,1838.0,1348.0,1763.0,1274.0,1080.0,1363.0,1241.0,1633.0,1207.0,1445.0,1554.0,1292.0,1848.0,1179.0,1172.0,1452.0,1297.0,1585.0,1210.0,1536.0,1641.0,1333.0,1939.0,981.0,1263.0,1458.0,1215.0,1370.0,1082.0,1146.0,1307.0,1386.0,2029.0,1271.0,1353.0,1547.0,1299.0,1460.0,995.0,1172.0,1393.0,1355.0,1805.0,1641.0,1863.0,1452.0,1090.0,1527.0,1279.0,1246.0,1088.0,1360.0,1498.0,1524.0,1383.0,1475.0,1475.0,1304.0,1315.0,1439.0,1442.0,1322.0,1361.0,1177.0,1414.0,1121.0,1269.0,1041.0,1292.0,2640.0,1049.0,6585.0,135.0,135.0,2252.0,2505.0,2970.0,2549.0,1327.0,1048.0,508.0,439.0,220.0,401.0,1514.0,1049.0
baseline-no-lock-seed-16,baseline-no-lock-seed-1-30,baseline-no-lock-seed-16,fail,False,16,baseline_no_lock_seed_1_30,baseline-no-lock,3,"calib_incomplete,calib_state_not_done,bist_not_done",3,13,False,False,0,False,0,none,0,0,0,0,False,False,0,0,False,False,0,0,a6c5fea8fa764567fa42d974f9aad2a1d352a46346de09dc3c4730d3418b6b27,b195079a5b9fe9ce3ed6ac5bc63004b6a9fab248a5a0310e04e4361928253405,cba09c3cfd70803f67c537ccab536ace0b84f62a13ec32d2fc6db43d795f589f,artifacts/hardware/baseline-no-lock-seed-1-30/baseline-no-lock-seed-16.json,/nix/store/87sk1zbjh6az87wlq5npj6ad8rn6fhkh-ypcb-ddr3-nextpnr-json-seed-16/ypcb_00338_1p1_ddr3.placed.json,/nix/store/ai4dzq0wdfff4sg63n36d4nw5nkxs7xg-ypcb-ddr3-cvc-sdf-seed-16/ypcb_00338_1p1_ddr3.cvc.sdf,failing calibration row stops at state 3 instruction 13 without captured abort,995.0,1002.0,968.0,551.0,1181.0,608.0,1118.0,1105.0,701.0,446.0,798.0,306.0,727.0,426.0,691.0,294.0,970.0,431.0,325.0,500.0,444.0,465.0,388.0,211.0,507.0,550.0,357.0,709.0,0.0,0.0,0.0,0.0,0.0,0.0,0.0,0.0,0.0,0.0,6780.0,1314.0,1314.0,1314.0,1314.0,1314.0,1314.0,1314.0,1314.0,1279.0,1314.0,1314.0,1314.0,1314.0,1314.0,1314.0,1314.0,1314.0,1279.0,2796.0,3088.0,3181.0,3398.0,3174.0,3319.0,2815.0,2900.0,3000.0,3190.0,3342.0,3276.0,3279.0,3326.0,3457.0,2295.0,3390.0,3000.0,1101.0,1597.0,2096.0,1791.0,1978.0,1185.0,1682.0,2187.0,1745.0,2063.0,1093.0,1774.0,2061.0,1838.0,1914.0,1315.0,1368.0,1866.0,1547.0,1675.0,1009.0,1773.0,2190.0,1835.0,1917.0,1230.0,1452.0,1838.0,1465.0,1764.0,990.0,1868.0,2108.0,1930.0,2009.0,1177.0,1866.0,2282.0,1929.0,2002.0,1070.0,1322.0,1771.0,1458.0,1621.0,1108.0,1220.0,1554.0,1315.0,1463.0,986.0,1407.0,1784.0,1544.0,1710.0,1197.0,1312.0,1468.0,1493.0,1503.0,1070.0,1498.0,1786.0,1552.0,1797.0,990.0,1083.0,1416.0,1279.0,1177.0,1195.0,1590.0,1878.0,1636.0,1886.0,1077.0,1174.0,1328.0,1371.0,1264.0,1085.0,1503.0,1692.0,1394.0,2055.0,1106.0,1225.0,1449.0,1072.0,1503.0,1911.0,1953.0,1575.0,1648.0,2039.0,1733.0,1565.0,1654.0,1559.0,1414.0,1368.0,1332.0,1287.0,1460.0,1154.0,1379.0,1143.0,1402.0,3516.0,720.0,6661.0,135.0,135.0,3398.0,3457.0,3390.0,3000.0,1292.0,900.0,970.0,431.0,480.0,317.0,2390.0,720.0
baseline-no-lock-seed-17,baseline-no-lock-seed-1-30,baseline-no-lock-seed-17,pass,True,17,baseline_no_lock_seed_1_30,baseline-no-lock,3,,23,22,True,True,0,False,0,none,0,0,0,0,False,False,0,0,False,False,0,0,035bebda2a989593988a77dd374d87767d5444c8c82d84da0a8244e9bc0d66f0,4cc23a5ca965ba068cdf01576f3120e19b490471e85f1704b84b3e05e4c948a9,6805f54ce7963e3a63b1070887dce401c464d3cb85452842e6ca41614085d3c2,artifacts/hardware/baseline-no-lock-seed-1-30/baseline-no-lock-seed-17.json,/nix/store/wxkghw47jyp6byi5widhz1js52zlypai-ypcb-ddr3-nextpnr-json-seed-17/ypcb_00338_1p1_ddr3.placed.json,/nix/store/ajv6adqn9qxdj01zy3zqf87ybzwkchhq-ypcb-ddr3-cvc-sdf-seed-17/ypcb_00338_1p1_ddr3.cvc.sdf,passes calibration and BIST,1001.0,870.0,1021.0,920.0,933.0,996.0,802.0,913.0,995.0,860.0,1116.0,650.0,1034.0,639.0,1266.0,643.0,730.0,395.0,227.0,234.0,547.0,306.0,182.0,359.0,168.0,470.0,460.0,693.0,0.0,0.0,0.0,0.0,0.0,0.0,0.0,0.0,0.0,0.0,6974.0,1314.0,1314.0,1314.0,1314.0,1314.0,1314.0,1314.0,1314.0,1279.0,1314.0,1314.0,1314.0,1314.0,1314.0,1314.0,1314.0,1314.0,1279.0,2206.0,2457.0,1904.0,2838.0,1934.0,2191.0,1904.0,2711.0,3262.0,2654.0,2767.0,2569.0,2744.0,2845.0,3158.0,2414.0,3359.0,2970.0,1692.0,1383.0,1983.0,1950.0,2384.0,1746.0,1518.0,2073.0,2003.0,2388.0,1651.0,1284.0,2167.0,1845.0,2305.0,1519.0,1286.0,1799.0,1720.0,2206.0,1600.0,1373.0,2164.0,1927.0,2306.0,1519.0,1294.0,1712.0,1774.0,2290.0,1646.0,1457.0,2259.0,2026.0,2213.0,1646.0,1366.0,2257.0,1930.0,2279.0,1391.0,1067.0,1613.0,1764.0,2062.0,1365.0,1077.0,1429.0,1643.0,1937.0,1391.0,1120.0,1725.0,1850.0,2236.0,1274.0,1167.0,1480.0,1705.0,1817.0,1457.0,1121.0,1654.0,1940.0,2155.0,1238.0,999.0,1347.0,1572.0,1638.0,1541.0,1065.0,1817.0,2032.0,2331.0,1182.0,1080.0,1401.0,1606.0,1723.0,1560.0,1929.0,1667.0,1199.0,1662.0,1320.0,1526.0,1417.0,1131.0,1458.0,1544.0,1626.0,1718.0,1447.0,1717.0,1539.0,1812.0,1809.0,1363.0,1606.0,1560.0,1697.0,1646.0,1700.0,1085.0,1791.0,1223.0,1402.0,2775.0,584.0,6855.0,135.0,135.0,2838.0,3262.0,3359.0,2970.0,1104.0,1332.0,730.0,395.0,449.0,706.0,1649.0,584.0
baseline-no-lock-seed-18,baseline-no-lock-seed-1-30,baseline-no-lock-seed-18,pass,True,18,baseline_no_lock_seed_1_30,baseline-no-lock,3,,23,22,True,True,0,False,0,none,0,0,0,0,False,False,0,0,False,False,0,0,20e2570e9bbfb4031f469212bfa10b6ce455f667c320d5b8d749e00cd2dfe83e,312f1e5ab69e8f6ed855282ca5976abce7e16a5f0c6344abb781827ff82be9f7,242bfc599e93cd66345a79fd407d23079fba411bd688a41ae90aa81ccd81b470,artifacts/hardware/baseline-no-lock-seed-1-30/baseline-no-lock-seed-18.json,/nix/store/0vxr5i5zmgp7x4bwflvqlrc23z5zjlqp-ypcb-ddr3-nextpnr-json-seed-18/ypcb_00338_1p1_ddr3.placed.json,/nix/store/l25jq5nlgvzf2b55v77lhf8v553jxzc8-ypcb-ddr3-cvc-sdf-seed-18/ypcb_00338_1p1_ddr3.cvc.sdf,passes calibration and BIST,390.0,455.0,339.0,293.0,479.0,400.0,395.0,477.0,386.0,341.0,329.0,449.0,332.0,697.0,332.0,608.0,739.0,427.0,266.0,336.0,327.0,620.0,320.0,273.0,518.0,444.0,347.0,192.0,0.0,0.0,0.0,0.0,0.0,0.0,0.0,0.0,0.0,0.0,6809.0,1314.0,1314.0,1314.0,1314.0,1314.0,1314.0,1314.0,1314.0,1279.0,1314.0,1314.0,1314.0,1314.0,1314.0,1314.0,1314.0,1314.0,1279.0,2019.0,1981.0,1789.0,2220.0,2022.0,1878.0,1939.0,1853.0,2414.0,2325.0,2444.0,2325.0,2414.0,2079.0,2295.0,2115.0,2775.0,2325.0,1309.0,1557.0,1633.0,1699.0,1430.0,1452.0,1559.0,1907.0,1784.0,1514.0,1537.0,1651.0,1669.0,1876.0,1610.0,1368.0,1409.0,1580.0,1432.0,1661.0,1396.0,1649.0,1756.0,1875.0,1526.0,1506.0,1501.0,1664.0,1350.0,1750.0,1575.0,1745.0,1641.0,1970.0,1705.0,1491.0,1743.0,1588.0,1968.0,1697.0,1105.0,1269.0,1491.0,1337.0,1429.0,1368.0,1144.0,1452.0,1202.0,1485.0,1378.0,1266.0,1577.0,1248.0,1440.0,1376.0,1197.0,1365.0,1121.0,1570.0,1192.0,1351.0,1521.0,1330.0,1524.0,1197.0,924.0,1169.0,1075.0,1621.0,1281.0,1442.0,1613.0,1422.0,1611.0,1203.0,1008.0,1172.0,1166.0,1616.0,1817.0,1807.0,1547.0,1796.0,1078.0,1376.0,1532.0,1269.0,1353.0,1105.0,1713.0,1702.0,1610.0,1485.0,1690.0,1537.0,1692.0,1695.0,1784.0,1286.0,1371.0,1205.0,1159.0,1282.0,1026.0,1335.0,1080.0,1199.0,1710.0,944.0,6690.0,135.0,135.0,2220.0,2444.0,2775.0,2325.0,661.0,697.0,739.0,427.0,299.0,345.0,584.0,944.0
baseline-no-lock-seed-19,baseline-no-lock-seed-1-30,baseline-no-lock-seed-19,pass,True,19,baseline_no_lock_seed_1_30,baseline-no-lock,3,,23,22,True,True,0,False,0,none,0,0,0,0,False,False,0,0,False,False,0,0,49a3226e389871c146c707be6ba301818035fc8ab633b90e1f74f9113cbe4e1a,3515de1e4f6b226f3d22dc52ec1f63710b29292ee6620c7587f95a5a3c3688a8,05d2a84ff296f93c6ddf22d85d8dbcae0dc57bed82e20465d15ef541e248172a,artifacts/hardware/baseline-no-lock-seed-1-30/baseline-no-lock-seed-19.json,/nix/store/cp4hw10ln4z2b009dw28sd01smxlpbpr-ypcb-ddr3-nextpnr-json-seed-19/ypcb_00338_1p1_ddr3.placed.json,/nix/store/7xy6kyq2p3kcaqvhq8cizmbf668qnc63-ypcb-ddr3-cvc-sdf-seed-19/ypcb_00338_1p1_ddr3.cvc.sdf,passes calibration and BIST,388.0,517.0,306.0,321.0,429.0,220.0,326.0,570.0,324.0,253.0,523.0,130.0,315.0,535.0,313.0,538.0,469.0,216.0,364.0,291.0,177.0,409.0,412.0,444.0,424.0,349.0,486.0,417.0,0.0,0.0,0.0,0.0,0.0,0.0,0.0,0.0,0.0,0.0,6795.0,1314.0,1314.0,1314.0,1314.0,1314.0,1314.0,1314.0,1314.0,1279.0,1314.0,1314.0,1314.0,1314.0,1314.0,1314.0,1314.0,1314.0,1279.0,1695.0,1800.0,1713.0,1876.0,1769.0,1761.0,1753.0,1751.0,2384.0,2421.0,2295.0,2265.0,2295.0,2155.0,2443.0,2055.0,2894.0,2505.0,1547.0,1302.0,1284.0,1241.0,1159.0,1684.0,1330.0,1286.0,1250.0,1167.0,1513.0,1422.0,1207.0,1343.0,1261.0,1332.0,1225.0,1133.0,1018.0,1011.0,1453.0,1421.0,1294.0,1335.0,1024.0,1320.0,1309.0,1128.0,1103.0,1100.0,1421.0,1516.0,1305.0,1190.0,1356.0,1379.0,1514.0,1258.0,1427.0,944.0,1269.0,963.0,1080.0,972.0,945.0,1101.0,1074.0,1217.0,964.0,1069.0,1406.0,883.0,1171.0,961.0,953.0,1185.0,1156.0,1133.0,1055.0,1156.0,1194.0,1085.0,1172.0,879.0,1041.0,962.0,1223.0,915.0,1274.0,739.0,1277.0,1171.0,1264.0,964.0,1047.0,1047.0,1307.0,948.0,1365.0,827.0,1462.0,1159.0,1085.0,1554.0,1259.0,1184.0,1014.0,1123.0,1230.0,1093.0,1519.0,1519.0,1532.0,1314.0,1500.0,1381.0,1524.0,1559.0,1473.0,1634.0,1600.0,1490.0,1513.0,1537.0,1463.0,1398.0,1376.0,1353.0,1792.0,1544.0,6676.0,135.0,135.0,1876.0,2443.0,2894.0,2505.0,740.0,667.0,469.0,216.0,245.0,281.0,750.0,1544.0
baseline-no-lock-seed-21,baseline-no-lock-seed-1-30,baseline-no-lock-seed-21,pass,True,21,baseline_no_lock_seed_1_30,baseline-no-lock,3,,23,22,True,True,0,False,0,none,0,0,0,0,False,False,0,0,False,False,0,0,4f3b529ce5e438a770476e45d47808e519d0342fc27e8581aab0a2f4f8bb588f,4752c4f8480a3067c64ded76106fa958b3f606c30a49537f0f53e9affa11adce,1b751ec492c692cb63eb6bb3ecb26b96af1f2d2fe2e1c500edd9aaf4c154e563,artifacts/hardware/baseline-no-lock-seed-1-30/baseline-no-lock-seed-21.json,/nix/store/pyxw9kl5h4wybm2fxhv397i0m066s8s1-ypcb-ddr3-nextpnr-json-seed-21/ypcb_00338_1p1_ddr3.placed.json,/nix/store/adg5jq3sd5ajb1rqh9qhjqn6wgzvvlgh-ypcb-ddr3-cvc-sdf-seed-21/ypcb_00338_1p1_ddr3.cvc.sdf,passes calibration and BIST,528.0,587.0,640.0,316.0,590.0,314.0,738.0,182.0,544.0,445.0,577.0,473.0,749.0,262.0,919.0,261.0,404.0,712.0,359.0,549.0,227.0,368.0,283.0,325.0,1067.0,434.0,210.0,509.0,0.0,0.0,0.0,0.0,0.0,0.0,0.0,0.0,0.0,0.0,6824.0,1314.0,1314.0,1314.0,1314.0,1314.0,1314.0,1314.0,1314.0,1279.0,1314.0,1314.0,1314.0,1314.0,1314.0,1314.0,1314.0,1314.0,1279.0,2190.0,1990.0,2085.0,2301.0,2075.0,1751.0,2180.0,2170.0,2474.0,2325.0,2474.0,2325.0,2430.0,2190.0,2309.0,2309.0,2555.0,2121.0,1432.0,1656.0,1248.0,1386.0,1128.0,1516.0,1746.0,1332.0,1472.0,1159.0,1381.0,1840.0,1241.0,1200.0,1254.0,1253.0,1383.0,1235.0,1228.0,1067.0,1600.0,1838.0,1417.0,1562.0,1248.0,1241.0,1468.0,1190.0,1320.0,1154.0,1305.0,1932.0,1409.0,1194.0,1350.0,1386.0,1430.0,1325.0,1248.0,1343.0,1143.0,1516.0,985.0,992.0,972.0,1023.0,1230.0,922.0,859.0,785.0,1195.0,1608.0,1069.0,1031.0,1118.0,1009.0,1315.0,842.0,944.0,873.0,1115.0,1699.0,1152.0,950.0,1207.0,884.0,722.0,802.0,984.0,921.0,1110.0,1789.0,1236.0,870.0,1294.0,870.0,808.0,887.0,1069.0,1008.0,1325.0,1328.0,1223.0,924.0,1151.0,1585.0,1246.0,873.0,961.0,1083.0,2015.0,2023.0,2115.0,1664.0,2108.0,1746.0,2209.0,2200.0,2302.0,1292.0,1348.0,1383.0,1345.0,1475.0,1485.0,1476.0,1483.0,1439.0,3494.0,540.0,6705.0,135.0,135.0,2301.0,2474.0,2555.0,2121.0,865.0,1067.0,404.0,712.0,638.0,193.0,2368.0,540.0
baseline-no-lock-seed-22,baseline-no-lock-seed-1-30,baseline-no-lock-seed-22,pass,True,22,baseline_no_lock_seed_1_30,baseline-no-lock,3,,23,22,True,True,0,False,0,none,0,0,0,0,False,False,0,0,False,False,0,0,b03d4913dac941e4ef31d2336488e7bad905f9dab272ef2a3476af616a231add,18975ed049c10a93624e3a2bfdb7f07c078eb16b37e99a07e9a251d4399927de,c73bd372ff88e3edaefd6e93b6cf16a0f7048ed74fbd761fca9b677c8f85be77,artifacts/hardware/baseline-no-lock-seed-1-30/baseline-no-lock-seed-22.json,/nix/store/v4pbkwfmjp0hq1600k3rbrjf6w073i7i-ypcb-ddr3-nextpnr-json-seed-22/ypcb_00338_1p1_ddr3.placed.json,/nix/store/139i5v6kn2w9b8rfhvv1rwdyp7p9d377-ypcb-ddr3-cvc-sdf-seed-22/ypcb_00338_1p1_ddr3.cvc.sdf,passes calibration and BIST,1185.0,1180.0,1179.0,1051.0,1184.0,882.0,1561.0,1182.0,729.0,670.0,574.0,574.0,565.0,250.0,490.0,254.0,522.0,444.0,626.0,768.0,247.0,558.0,561.0,176.0,645.0,235.0,458.0,261.0,0.0,0.0,0.0,0.0,0.0,0.0,0.0,0.0,0.0,0.0,6735.0,1314.0,1314.0,1314.0,1314.0,1314.0,1314.0,1314.0,1314.0,1279.0,1314.0,1314.0,1314.0,1314.0,1314.0,1314.0,1314.0,1314.0,1279.0,2203.0,2305.0,1784.0,2865.0,1927.0,2125.0,1889.0,2509.0,3128.0,2867.0,2989.0,2894.0,2595.0,2535.0,2910.0,2474.0,3539.0,2849.0,1845.0,2548.0,1759.0,1534.0,1363.0,1934.0,2632.0,1850.0,1626.0,1452.0,2029.0,2726.0,1771.0,1718.0,1547.0,1498.0,2131.0,1917.0,1251.0,1080.0,2022.0,2723.0,1853.0,1717.0,1539.0,1582.0,2051.0,2006.0,1343.0,1169.0,2124.0,2819.0,1863.0,1258.0,1641.0,2117.0,2816.0,1773.0,1809.0,1634.0,1447.0,1998.0,1687.0,1493.0,1269.0,1358.0,1832.0,1460.0,1162.0,1171.0,1366.0,1917.0,1606.0,1437.0,1343.0,1442.0,1656.0,1544.0,1248.0,1082.0,1450.0,1828.0,1605.0,1529.0,1263.0,1396.0,1434.0,1463.0,1437.0,1213.0,1534.0,1748.0,1695.0,1620.0,1258.0,1485.0,1353.0,1554.0,1386.0,1300.0,1830.0,1514.0,1343.0,1815.0,1865.0,1531.0,1157.0,1151.0,1595.0,1587.0,1851.0,1935.0,1861.0,1554.0,1983.0,1608.0,1736.0,1600.0,1763.0,1815.0,1381.0,1345.0,1300.0,1473.0,1371.0,1526.0,1164.0,1208.0,2802.0,699.0,6616.0,135.0,135.0,2865.0,3128.0,3539.0,2849.0,1739.0,916.0,522.0,444.0,429.0,651.0,1676.0,699.0
baseline-no-lock-seed-24,baseline-no-lock-seed-1-30,baseline-no-lock-seed-24,pass,True,24,baseline_no_lock_seed_1_30,baseline-no-lock,3,,23,22,True,True,0,False,0,none,0,0,0,0,False,False,0,0,False,False,0,0,60201c8868148b94e8b20ff2e7d095ba2ddf4b7db7838f6da9c62fcbda7a4842,779e714ee93d8a17c0030dab54ffc4d9948ef0a45206fb803fdfeca1578183c6,19fb2c52e350c06203483fcefe585060c1c5cde057dff63dd3721cc286dc58e8,artifacts/hardware/baseline-no-lock-seed-1-30/baseline-no-lock-seed-24.json,/nix/store/rk5ya4la4yc0231l15jgvzp95nhj9pd4-ypcb-ddr3-nextpnr-json-seed-24/ypcb_00338_1p1_ddr3.placed.json,/nix/store/h3nm4cvnibjskwfm3ndj9119fdgbsf9z-ypcb-ddr3-cvc-sdf-seed-24/ypcb_00338_1p1_ddr3.cvc.sdf,passes calibration and BIST,454.0,314.0,314.0,344.0,281.0,376.0,278.0,135.0,408.0,219.0,186.0,393.0,192.0,359.0,270.0,297.0,951.0,580.0,408.0,212.0,398.0,439.0,524.0,541.0,359.0,222.0,347.0,435.0,0.0,0.0,0.0,0.0,0.0,0.0,0.0,0.0,0.0,0.0,7184.0,1314.0,1314.0,1314.0,1314.0,1314.0,1314.0,1314.0,1314.0,1279.0,1314.0,1314.0,1314.0,1314.0,1314.0,1314.0,1314.0,1314.0,1279.0,2703.0,2788.0,2963.0,3016.0,2950.0,3180.0,2756.0,3049.0,2460.0,2476.0,2545.0,2377.0,2552.0,2078.0,2638.0,2266.0,4275.0,3884.0,1350.0,1664.0,1389.0,1210.0,1620.0,1439.0,1582.0,1613.0,1391.0,1705.0,1534.0,1547.0,1639.0,1483.0,1797.0,1220.0,1490.0,1335.0,1564.0,1360.0,1445.0,1667.0,1726.0,1481.0,1616.0,1309.0,1572.0,1419.0,1649.0,1273.0,1628.0,1455.0,1733.0,1577.0,1496.0,1621.0,1629.0,1651.0,1575.0,1710.0,1077.0,1485.0,1113.0,1156.0,1266.0,1348.0,1258.0,1138.0,1332.0,1129.0,1164.0,1304.0,1279.0,1340.0,1350.0,1435.0,1340.0,1057.0,1424.0,1042.0,1253.0,1389.0,1197.0,1328.0,1222.0,894.0,1126.0,1184.0,1077.0,1253.0,1340.0,1480.0,1225.0,1248.0,1210.0,982.0,1212.0,1097.0,1080.0,915.0,1322.0,2273.0,1610.0,1629.0,2137.0,1324.0,1904.0,1406.0,1425.0,1736.0,1532.0,1615.0,1710.0,1440.0,1700.0,1531.0,1435.0,1792.0,1353.0,1684.0,1416.0,1720.0,1552.0,1804.0,1279.0,1889.0,1416.0,1578.0,3240.0,1259.0,7065.0,135.0,135.0,3180.0,2638.0,4275.0,3884.0,587.0,591.0,951.0,580.0,439.0,610.0,2114.0,1259.0
baseline-no-lock-seed-25,baseline-no-lock-seed-1-30,baseline-no-lock-seed-25,pass,True,25,baseline_no_lock_seed_1_30,baseline-no-lock,3,,23,22,True,True,0,False,0,none,0,0,0,0,False,False,0,0,False,False,0,0,2abf8e5d629bfaadb4cfd27c1fdd14ccf6de651772b0df2a5bbc53bbb5fa7f21,350e9f20492bcca187cbffb361374c044665cce358381168b8aa9cd1522aaae2,2c34867b0e3f1e1d77553755637ee2b02223c71ecb2bf7501bbee39d61b58ceb,artifacts/hardware/baseline-no-lock-seed-1-30/baseline-no-lock-seed-25.json,/nix/store/npvlk5g083ncx7v3c9i6c1izbjhfnr7p-ypcb-ddr3-nextpnr-json-seed-25/ypcb_00338_1p1_ddr3.placed.json,/nix/store/fwzl2srsag12qr6h0axl0vh80sr6m63m-ypcb-ddr3-cvc-sdf-seed-25/ypcb_00338_1p1_ddr3.cvc.sdf,passes calibration and BIST,962.0,871.0,482.0,758.0,704.0,855.0,462.0,566.0,596.0,760.0,488.0,718.0,307.0,550.0,414.0,576.0,873.0,401.0,377.0,288.0,398.0,380.0,444.0,453.0,686.0,347.0,493.0,230.0,0.0,0.0,0.0,0.0,0.0,0.0,0.0,0.0,0.0,0.0,7275.0,1314.0,1314.0,1314.0,1314.0,1314.0,1314.0,1314.0,1314.0,1279.0,1314.0,1314.0,1314.0,1314.0,1314.0,1314.0,1314.0,1314.0,1279.0,1863.0,1695.0,1634.0,1726.0,1695.0,1718.0,1638.0,1695.0,2444.0,2411.0,2414.0,2339.0,2355.0,2124.0,2430.0,2190.0,2684.0,2295.0,985.0,1537.0,1639.0,1809.0,1947.0,1069.0,1623.0,1557.0,1728.0,1940.0,1251.0,1715.0,1641.0,1702.0,1733.0,1059.0,1817.0,1414.0,1657.0,1598.0,1338.0,1713.0,1723.0,1814.0,2042.0,970.0,1825.0,1327.0,1684.0,1682.0,1347.0,1809.0,1631.0,1526.0,1730.0,1340.0,1807.0,1725.0,1906.0,1820.0,982.0,1411.0,1399.0,1578.0,1550.0,782.0,1368.0,1360.0,1514.0,1542.0,1067.0,1355.0,1483.0,1555.0,1547.0,913.0,1363.0,1327.0,1243.0,1631.0,1151.0,1447.0,1335.0,1434.0,1458.0,907.0,851.0,1223.0,1177.0,1401.0,1235.0,1537.0,1442.0,1649.0,1455.0,995.0,989.0,1136.0,1156.0,1565.0,2029.0,1669.0,1309.0,1458.0,1156.0,1450.0,1396.0,1049.0,1180.0,1105.0,1588.0,1641.0,1669.0,1360.0,1751.0,1496.0,1713.0,1754.0,1504.0,1429.0,1353.0,1353.0,1445.0,1271.0,1024.0,1356.0,1013.0,1146.0,2595.0,1139.0,7156.0,135.0,135.0,1863.0,2444.0,2684.0,2295.0,1072.0,867.0,873.0,401.0,394.0,432.0,1497.0,1139.0
baseline-no-lock-seed-26,baseline-no-lock-seed-1-30,baseline-no-lock-seed-26,pass,True,26,baseline_no_lock_seed_1_30,baseline-no-lock,3,,23,22,True,True,0,False,0,none,0,0,0,0,False,False,0,0,False,False,0,0,c93a58b14c441542757e14bb12cb3e817a65bedc66b80334fc89114fb181e20b,b4c7acb199c88c25efb075fbbe4bfe8418606de4727c930806545e07207beb21,d79a1196da8ff61ab2915640c488180aa39c1d6f9e60f0c636b72c755d76db28,artifacts/hardware/baseline-no-lock-seed-1-30/baseline-no-lock-seed-26.json,/nix/store/6qy9wxpv9yrmdrb1z66xkpjmialaf37l-ypcb-ddr3-nextpnr-json-seed-26/ypcb_00338_1p1_ddr3.placed.json,/nix/store/zy1ypv6xrch2gxsjv69hph9xy22jksk9-ypcb-ddr3-cvc-sdf-seed-26/ypcb_00338_1p1_ddr3.cvc.sdf,passes calibration and BIST,439.0,435.0,409.0,519.0,533.0,587.0,312.0,505.0,511.0,512.0,378.0,692.0,569.0,340.0,719.0,331.0,643.0,631.0,416.0,301.0,477.0,232.0,348.0,398.0,378.0,776.0,406.0,239.0,0.0,0.0,0.0,0.0,0.0,0.0,0.0,0.0,0.0,0.0,6135.0,1314.0,1314.0,1314.0,1314.0,1314.0,1314.0,1314.0,1314.0,1279.0,1314.0,1314.0,1314.0,1314.0,1314.0,1314.0,1314.0,1314.0,1279.0,2469.0,2553.0,2467.0,2434.0,2638.0,2605.0,2561.0,2552.0,2595.0,2444.0,2535.0,2594.0,2565.0,2473.0,2743.0,2540.0,3599.0,2984.0,1498.0,1536.0,1883.0,1937.0,1641.0,1587.0,1532.0,1967.0,1934.0,1726.0,1682.0,1529.0,1666.0,1930.0,1521.0,1360.0,1521.0,1741.0,1879.0,1378.0,1674.0,1659.0,2051.0,2019.0,1518.0,1447.0,1391.0,1825.0,1970.0,1383.0,1776.0,1623.0,1574.0,1886.0,1692.0,1769.0,1692.0,1661.0,2111.0,1606.0,1225.0,1396.0,1606.0,1736.0,1332.0,1226.0,1266.0,1442.0,1738.0,1320.0,1312.0,1478.0,1690.0,1656.0,1335.0,1315.0,1136.0,1432.0,1828.0,1409.0,1401.0,1220.0,1774.0,1789.0,1421.0,1090.0,1100.0,1082.0,1422.0,1182.0,1488.0,1139.0,1858.0,1652.0,1243.0,1177.0,1192.0,1253.0,1508.0,1269.0,1741.0,2384.0,2276.0,2062.0,2009.0,1467.0,2098.0,1980.0,1799.0,1733.0,1680.0,1733.0,1761.0,1452.0,1588.0,1588.0,1805.0,1703.0,1532.0,1577.0,1442.0,1629.0,1361.0,1534.0,1370.0,1588.0,1225.0,1409.0,3029.0,1350.0,6016.0,135.0,135.0,2638.0,2743.0,3599.0,2984.0,751.0,776.0,643.0,631.0,353.0,404.0,1903.0,1350.0
baseline-no-lock-seed-28,baseline-no-lock-seed-1-30,baseline-no-lock-seed-28,pass,True,28,baseline_no_lock_seed_1_30,baseline-no-lock,3,,23,22,True,True,0,False,0,none,0,0,0,0,False,False,0,0,False,False,0,0,077cfc33c805abd736e3eb3a9f73a5c03bfc5232ac4ba4e513c7ee4f8883c000,706cdd417d16469ef88d22738c485e93ea7dd60009813b3d032b73351376ce99,ac75cd5f40079f82aa9d0f9fedf3784f7f44e239b1fc96f0e369fe52fba873ae,artifacts/hardware/baseline-no-lock-seed-1-30/baseline-no-lock-seed-28.json,/nix/store/y9l2l15rp9angzmm33l1ns878xdyan2w-ypcb-ddr3-nextpnr-json-seed-28/ypcb_00338_1p1_ddr3.placed.json,/nix/store/49lbl68shk0gb11npjnlinxs50cihmd1-ypcb-ddr3-cvc-sdf-seed-28/ypcb_00338_1p1_ddr3.cvc.sdf,passes calibration and BIST,921.0,1108.0,786.0,643.0,934.0,863.0,787.0,733.0,668.0,431.0,527.0,268.0,557.0,508.0,518.0,504.0,690.0,636.0,341.0,272.0,472.0,256.0,316.0,219.0,233.0,523.0,431.0,465.0,0.0,0.0,0.0,0.0,0.0,0.0,0.0,0.0,0.0,0.0,7125.0,1314.0,1314.0,1314.0,1314.0,1314.0,1314.0,1314.0,1314.0,1279.0,1314.0,1314.0,1314.0,1314.0,1314.0,1314.0,1314.0,1314.0,1279.0,2229.0,2016.0,1827.0,3091.0,1952.0,2131.0,1672.0,2552.0,2234.0,2645.0,2568.0,2348.0,2265.0,2232.0,2417.0,1934.0,3000.0,2609.0,1804.0,1572.0,2055.0,1876.0,1134.0,1723.0,1491.0,2190.0,2013.0,1082.0,1631.0,1620.0,2015.0,2039.0,1253.0,1572.0,1348.0,1805.0,1899.0,1256.0,1718.0,1564.0,2101.0,1991.0,1167.0,1491.0,1480.0,1718.0,2063.0,1200.0,1746.0,1527.0,2062.0,2132.0,1345.0,1832.0,1616.0,2105.0,2131.0,1398.0,1526.0,1300.0,1710.0,1733.0,1065.0,1429.0,1197.0,1580.0,1628.0,1256.0,1445.0,1213.0,1684.0,1740.0,1284.0,1437.0,1279.0,1500.0,1547.0,1343.0,1521.0,1208.0,1661.0,1718.0,1161.0,1386.0,1067.0,1274.0,1335.0,878.0,1605.0,1284.0,1592.0,1766.0,1248.0,1470.0,1157.0,1187.0,1335.0,966.0,1274.0,1161.0,1327.0,1851.0,1470.0,999.0,903.0,1207.0,1539.0,1266.0,2178.0,2157.0,1996.0,2121.0,2141.0,1860.0,1904.0,2049.0,2019.0,1827.0,1633.0,1807.0,1718.0,1725.0,1496.0,1810.0,1582.0,1812.0,2625.0,675.0,7006.0,135.0,135.0,3091.0,2645.0,3000.0,2609.0,1108.0,888.0,690.0,636.0,318.0,331.0,1890.0,675.0
baseline-no-lock-seed-29,baseline-no-lock-seed-1-30,baseline-no-lock-seed-29,pass,True,29,baseline_no_lock_seed_1_30,baseline-no-lock,3,,23,21,True,True,0,False,0,none,0,0,0,0,False,False,0,0,False,False,0,0,3e701f81100a08ba0c5e7f3810867f992c2eba265bd0e4650a8f4bfa67b1496e,377033fd552b1b772715c8337d242b3b9b49f9dafa28cab167050ce039d33711,5d5e581c7948082605614d22a8fb87cb9b54b830aeeadced5b5aaab2a18fe4b6,artifacts/hardware/baseline-no-lock-seed-1-30/baseline-no-lock-seed-29.json,/nix/store/xiy685c6rkxw34q8k0qvq4j5px701yms-ypcb-ddr3-nextpnr-json-seed-29/ypcb_00338_1p1_ddr3.placed.json,/nix/store/4bmgbm0b5ksq6hbnmqhlkyhih05afb6k-ypcb-ddr3-cvc-sdf-seed-29/ypcb_00338_1p1_ddr3.cvc.sdf,passes calibration and BIST,886.0,885.0,720.0,624.0,797.0,260.0,528.0,801.0,436.0,267.0,261.0,357.0,253.0,252.0,478.0,117.0,482.0,240.0,220.0,429.0,688.0,412.0,426.0,636.0,417.0,375.0,434.0,448.0,0.0,0.0,0.0,0.0,0.0,0.0,0.0,0.0,0.0,0.0,6974.0,1314.0,1314.0,1314.0,1314.0,1314.0,1314.0,1314.0,1314.0,1279.0,1314.0,1314.0,1314.0,1314.0,1314.0,1314.0,1314.0,1314.0,1279.0,2055.0,2171.0,2177.0,2392.0,2173.0,2315.0,2269.0,2262.0,2177.0,2417.0,2667.0,2391.0,2256.0,2427.0,2936.0,2138.0,2954.0,2565.0,1424.0,1526.0,2086.0,1200.0,1713.0,1508.0,1608.0,2177.0,1292.0,1789.0,1529.0,1700.0,2104.0,1384.0,1884.0,1529.0,1271.0,1506.0,1111.0,1735.0,1593.0,1699.0,2180.0,1383.0,1878.0,1613.0,1353.0,1597.0,1523.0,1554.0,1611.0,1483.0,2006.0,1478.0,1980.0,1393.0,1399.0,2194.0,1475.0,1666.0,1417.0,1225.0,1518.0,1164.0,1600.0,1263.0,1121.0,1340.0,1197.0,1388.0,1504.0,1307.0,1430.0,1250.0,1511.0,1350.0,1205.0,1286.0,1116.0,1473.0,1593.0,1398.0,1526.0,1340.0,1480.0,1044.0,981.0,1151.0,998.0,1233.0,1680.0,1202.0,1524.0,1432.0,1468.0,1184.0,1067.0,1164.0,1082.0,1152.0,1447.0,1161.0,1613.0,1643.0,1383.0,1215.0,1246.0,1419.0,1284.0,1179.0,2147.0,2232.0,1843.0,1786.0,2316.0,1705.0,2003.0,2410.0,2095.0,1768.0,1692.0,1692.0,1784.0,1610.0,1363.0,1695.0,1351.0,1876.0,3015.0,540.0,6855.0,135.0,135.0,2392.0,2936.0,2954.0,2565.0,1083.0,699.0,482.0,240.0,705.0,525.0,1889.0,540.0
baseline-no-lock-seed-3,baseline-no-lock-seed-1-30,baseline-no-lock-seed-3,pass,True,3,baseline_no_lock_seed_1_30,baseline-no-lock,3,,23,22,True,True,0,False,0,none,0,0,0,0,False,False,0,0,False,False,0,0,37941b5110c32fd142923804c79231341566159845140393e4c45fa469c99a76,f8068e2fdef337b1cd074844bafdcb49ab8111feaf5f4679b30edd6b401cb08f,b9a4b6714cc4d29177ad690c2442814c11facb30573f7eb638f00505a9aac87b,artifacts/hardware/baseline-no-lock-seed-1-30/baseline-no-lock-seed-3.json,/nix/store/4pnw97bn26lsknlkv3926b6s5dam03xm-ypcb-ddr3-nextpnr-json-seed-3/ypcb_00338_1p1_ddr3.placed.json,/nix/store/zyrzwsrx248z1arjnkd3lizj66m8nn9i-ypcb-ddr3-cvc-sdf-seed-3/ypcb_00338_1p1_ddr3.cvc.sdf,passes calibration and BIST,563.0,568.0,449.0,1249.0,453.0,1276.0,446.0,585.0,1075.0,864.0,1047.0,858.0,805.0,514.0,640.0,314.0,734.0,731.0,413.0,352.0,224.0,614.0,863.0,688.0,145.0,573.0,533.0,352.0,0.0,0.0,0.0,0.0,0.0,0.0,0.0,0.0,0.0,0.0,6105.0,1314.0,1314.0,1314.0,1314.0,1314.0,1314.0,1314.0,1314.0,1279.0,1314.0,1314.0,1314.0,1314.0,1314.0,1314.0,1314.0,1314.0,1279.0,2183.0,2130.0,2069.0,2430.0,2130.0,1985.0,2025.0,2107.0,3319.0,2744.0,2865.0,2744.0,2982.0,2476.0,3141.0,2595.0,3329.0,3015.0,2049.0,2066.0,2217.0,2101.0,1654.0,2108.0,2042.0,2309.0,2193.0,1741.0,2154.0,2073.0,2177.0,2286.0,1837.0,1741.0,1945.0,2318.0,1764.0,1069.0,1881.0,2082.0,2265.0,2283.0,1830.0,1800.0,1815.0,2401.0,1850.0,1125.0,2059.0,2167.0,2342.0,2378.0,1932.0,2052.0,2164.0,2395.0,1810.0,1924.0,1557.0,1776.0,2160.0,1580.0,1085.0,1432.0,1677.0,1995.0,1452.0,1131.0,1779.0,1631.0,2216.0,1666.0,1169.0,1343.0,1703.0,1996.0,1534.0,1138.0,1730.0,1684.0,1985.0,1756.0,1180.0,1129.0,1636.0,1643.0,1315.0,1348.0,1817.0,1674.0,1904.0,1848.0,1264.0,1350.0,1664.0,1643.0,1396.0,1437.0,1628.0,2016.0,1718.0,1993.0,1282.0,1266.0,1569.0,1452.0,1809.0,1078.0,2134.0,2244.0,2028.0,1838.0,1975.0,1827.0,2019.0,1883.0,2046.0,1848.0,1812.0,1768.0,1791.0,1820.0,1712.0,1675.0,1797.0,1631.0,3075.0,584.0,5986.0,135.0,135.0,2430.0,3319.0,3329.0,3015.0,1332.0,1131.0,734.0,731.0,417.0,217.0,1949.0,584.0
baseline-no-lock-seed-30,baseline-no-lock-seed-1-30,baseline-no-lock-seed-30,pass,True,30,baseline_no_lock_seed_1_30,baseline-no-lock,3,,23,22,True,True,0,False,0,none,0,0,0,0,False,False,0,0,False,False,0,0,8657c8532a87dd30190b7860e30831b26dfad798030337ad314a1d4ce091a859,074413ac44505422ab86b9491fa9b58f7195cd77bf96323c319ab27ac1eee981,cebe94b7e34f683897c84c1e68b63c8b5ffb414eae51feb9cbd8aebfc023316e,artifacts/hardware/baseline-no-lock-seed-1-30/baseline-no-lock-seed-30.json,/nix/store/95sr9d11rflm9pzx6xgsb65a0b66zlg5-ypcb-ddr3-nextpnr-json-seed-30/ypcb_00338_1p1_ddr3.placed.json,/nix/store/ky5m8jgf8d4860h28aj61rgzsg4pjhm9-ypcb-ddr3-cvc-sdf-seed-30/ypcb_00338_1p1_ddr3.cvc.sdf,passes calibration and BIST,622.0,911.0,827.0,633.0,830.0,597.0,622.0,721.0,552.0,662.0,944.0,737.0,842.0,344.0,666.0,341.0,220.0,597.0,332.0,352.0,179.0,624.0,142.0,457.0,229.0,303.0,350.0,319.0,0.0,0.0,0.0,0.0,0.0,0.0,0.0,0.0,0.0,0.0,7034.0,1314.0,1314.0,1314.0,1314.0,1314.0,1314.0,1314.0,1314.0,1279.0,1314.0,1314.0,1314.0,1314.0,1314.0,1314.0,1314.0,1314.0,1279.0,3148.0,2971.0,3395.0,3611.0,3056.0,3697.0,3365.0,3480.0,3122.0,3176.0,3286.0,3180.0,3371.0,3313.0,3086.0,3318.0,3457.0,3029.0,1973.0,1950.0,1870.0,1917.0,1351.0,2246.0,1986.0,1810.0,2002.0,1335.0,2006.0,1764.0,1822.0,2095.0,1268.0,1919.0,1634.0,1715.0,1567.0,1286.0,2094.0,1845.0,1894.0,2009.0,1264.0,2003.0,1687.0,1807.0,1478.0,1406.0,1914.0,1855.0,1730.0,1606.0,1292.0,1996.0,1832.0,1756.0,2102.0,1381.0,1695.0,1674.0,1508.0,1432.0,1143.0,1648.0,1572.0,1343.0,1430.0,986.0,2006.0,1580.0,1444.0,1516.0,1062.0,1731.0,1657.0,1434.0,1516.0,994.0,1815.0,1669.0,1350.0,1608.0,973.0,1549.0,1445.0,1205.0,1396.0,1205.0,1728.0,1488.0,1440.0,1258.0,1062.0,1633.0,1529.0,1296.0,1486.0,1292.0,2035.0,1976.0,1975.0,1815.0,2022.0,2062.0,1702.0,1567.0,1465.0,1789.0,1952.0,2006.0,2085.0,1723.0,1860.0,1860.0,2078.0,2111.0,1985.0,1662.0,1685.0,1715.0,1606.0,1570.0,1549.0,1707.0,1597.0,1578.0,3092.0,495.0,6915.0,135.0,135.0,3697.0,3371.0,3457.0,3029.0,982.0,1033.0,220.0,597.0,388.0,166.0,1966.0,495.0
baseline-no-lock-seed-4,baseline-no-lock-seed-1-30,baseline-no-lock-seed-4,pass,True,4,baseline_no_lock_seed_1_30,baseline-no-lock,3,,23,22,True,True,0,False,0,none,0,0,0,0,False,False,0,0,False,False,0,0,9b9bf3e3c216ce40258f75e470ad48b94a711fd256c3851ab0f205a7ede6017f,5e6e763d3a85aa63d6196438a1526341584d4f5c72e3a1c6f698437dddc8cc9d,c1c1a05368d4caef460f3f950d9dcc7c4098c11b5c5a976e5245e3932fb4f8ff,artifacts/hardware/baseline-no-lock-seed-1-30/baseline-no-lock-seed-4.json,/nix/store/14x05r7f7qjw9ag6s26fd580gmaxz6yd-ypcb-ddr3-nextpnr-json-seed-4/ypcb_00338_1p1_ddr3.placed.json,/nix/store/86gcag1fsaib67npy9brsfjrwnlm84gh-ypcb-ddr3-cvc-sdf-seed-4/ypcb_00338_1p1_ddr3.cvc.sdf,passes calibration and BIST,892.0,1122.0,1100.0,713.0,1177.0,741.0,1245.0,1096.0,579.0,479.0,688.0,477.0,605.0,384.0,617.0,431.0,443.0,183.0,291.0,253.0,303.0,311.0,451.0,140.0,290.0,554.0,255.0,383.0,0.0,0.0,0.0,0.0,0.0,0.0,0.0,0.0,0.0,0.0,6855.0,1314.0,1314.0,1314.0,1314.0,1314.0,1314.0,1314.0,1314.0,1279.0,1314.0,1314.0,1314.0,1314.0,1314.0,1314.0,1314.0,1314.0,1279.0,2191.0,1746.0,1981.0,1819.0,1787.0,1817.0,1699.0,1860.0,2595.0,2384.0,2505.0,2444.0,2535.0,2405.0,2384.0,2204.0,2880.0,2490.0,1593.0,1222.0,2059.0,1167.0,2002.0,1598.0,1141.0,1945.0,1258.0,2263.0,1559.0,1258.0,1838.0,1350.0,2358.0,1361.0,1309.0,1787.0,1386.0,2022.0,1519.0,1174.0,2029.0,1343.0,2351.0,1368.0,1394.0,1756.0,1478.0,2109.0,1652.0,1208.0,1921.0,1444.0,2453.0,1585.0,1350.0,1840.0,1442.0,2446.0,1315.0,1121.0,1575.0,1223.0,1700.0,1317.0,1190.0,1669.0,1207.0,1516.0,1320.0,1065.0,1628.0,1172.0,1753.0,1324.0,1276.0,1753.0,1297.0,1570.0,1223.0,1156.0,1761.0,1256.0,1608.0,1266.0,986.0,1291.0,1343.0,1370.0,1228.0,1248.0,1845.0,1264.0,1605.0,1184.0,996.0,1322.0,1427.0,1373.0,1735.0,1292.0,1677.0,1672.0,1495.0,1457.0,1284.0,1286.0,1396.0,1274.0,1848.0,1702.0,1817.0,1702.0,1840.0,1680.0,1657.0,1738.0,1565.0,1580.0,1534.0,1753.0,1524.0,1626.0,1389.0,1679.0,1475.0,1570.0,2714.0,720.0,6736.0,135.0,135.0,2191.0,2595.0,2880.0,2490.0,1312.0,859.0,443.0,183.0,283.0,364.0,1761.0,720.0
baseline-no-lock-seed-5,baseline-no-lock-seed-1-30,baseline-no-lock-seed-5,pass,True,5,baseline_no_lock_seed_1_30,baseline-no-lock,3,,23,22,True,True,0,False,0,none,0,0,0,0,False,False,0,0,False,False,0,0,305999d6de19c6f5cf8bc77740479ec966eb25390b79b63b0997503471cc9df8,9193ddaae557f9dc183c3858a90aa1b9e861b2a088d52eb7301bfdf1b339d766,f0f31e4a431d704b241b56614c8bb3d5411f793ab301daeb3b38d9b152b7fb57,artifacts/hardware/baseline-no-lock-seed-1-30/baseline-no-lock-seed-5.json,/nix/store/s1zla5q19jk42kldi6q3m5whbgnhdy4p-ypcb-ddr3-nextpnr-json-seed-5/ypcb_00338_1p1_ddr3.placed.json,/nix/store/43x6xad6wl41cf947x631mziwq3a5v7i-ypcb-ddr3-cvc-sdf-seed-5/ypcb_00338_1p1_ddr3.cvc.sdf,passes calibration and BIST,423.0,242.0,441.0,450.0,240.0,328.0,421.0,424.0,513.0,434.0,490.0,461.0,695.0,147.0,623.0,145.0,296.0,278.0,464.0,301.0,353.0,396.0,367.0,781.0,499.0,273.0,415.0,471.0,0.0,0.0,0.0,0.0,0.0,0.0,0.0,0.0,0.0,0.0,6885.0,1314.0,1314.0,1314.0,1314.0,1314.0,1314.0,1314.0,1314.0,1279.0,1314.0,1314.0,1314.0,1314.0,1314.0,1314.0,1314.0,1314.0,1279.0,3693.0,3990.0,4083.0,3805.0,4073.0,4221.0,4176.0,3805.0,3391.0,3805.0,3483.0,3891.0,3421.0,3944.0,4359.0,4106.0,4269.0,3638.0,1720.0,1916.0,1710.0,1493.0,1560.0,1809.0,1771.0,1707.0,1575.0,1567.0,1904.0,1924.0,1800.0,1483.0,1662.0,1534.0,1713.0,1541.0,1263.0,1391.0,1896.0,1853.0,1802.0,1659.0,1656.0,1621.0,1804.0,1542.0,1483.0,1476.0,1998.0,1644.0,1894.0,1577.0,1758.0,1991.0,1945.0,1891.0,1567.0,1751.0,1730.0,1417.0,1325.0,1217.0,1386.0,1549.0,1501.0,1282.0,1115.0,1202.0,1735.0,1412.0,1245.0,1299.0,1472.0,1432.0,1592.0,1131.0,1200.0,1199.0,1820.0,1546.0,1190.0,1125.0,1294.0,1123.0,1093.0,1052.0,976.0,1001.0,1904.0,1409.0,1281.0,1391.0,1379.0,1207.0,1179.0,1143.0,1062.0,1205.0,1595.0,1590.0,1476.0,1743.0,1447.0,1243.0,1312.0,1202.0,1264.0,1034.0,1911.0,1830.0,1945.0,1830.0,1968.0,1809.0,1786.0,2029.0,1694.0,1671.0,1626.0,1659.0,1613.0,1759.0,1664.0,1705.0,1753.0,1695.0,3305.0,584.0,6766.0,135.0,135.0,4221.0,4359.0,4269.0,3638.0,735.0,928.0,296.0,278.0,335.0,146.0,2179.0,584.0
baseline-no-lock-seed-7,baseline-no-lock-seed-1-30,baseline-no-lock-seed-7,pass,True,7,baseline_no_lock_seed_1_30,baseline-no-lock,3,,23,22,True,True,0,False,0,none,0,0,0,0,False,False,0,0,False,False,0,0,182c59fe70204a4b14b944ac324ea9506603878dbcd1f4cb34d500cac35c2501,6cbd5faf6f2be32d560a88c21e5489f7b27b4da48e4bbd152ccb401e6efac8c7,257a224da58311fe6b767ab5eab065b1505996af5e275e63eb59eea3d6748257,artifacts/hardware/baseline-no-lock-seed-1-30/baseline-no-lock-seed-7.json,/nix/store/0r2gcqrivdasyz60z8kg9r3ij0ip5fw4-ypcb-ddr3-nextpnr-json-seed-7/ypcb_00338_1p1_ddr3.placed.json,/nix/store/mfavlp16blmlrz7nplpy85jchhf474iq-ypcb-ddr3-cvc-sdf-seed-7/ypcb_00338_1p1_ddr3.cvc.sdf,passes calibration and BIST,398.0,489.0,462.0,405.0,518.0,358.0,200.0,374.0,272.0,325.0,408.0,434.0,271.0,693.0,325.0,633.0,711.0,534.0,400.0,410.0,585.0,278.0,268.0,282.0,314.0,313.0,405.0,454.0,0.0,0.0,0.0,0.0,0.0,0.0,0.0,0.0,0.0,0.0,6704.0,1314.0,1314.0,1314.0,1314.0,1314.0,1314.0,1314.0,1314.0,1279.0,1314.0,1314.0,1314.0,1314.0,1314.0,1314.0,1314.0,1314.0,1279.0,2499.0,2609.0,2355.0,3405.0,2269.0,2733.0,2588.0,3177.0,3098.0,2507.0,2601.0,3121.0,2474.0,2523.0,2562.0,2611.0,3105.0,2714.0,2108.0,1710.0,2085.0,1921.0,1741.0,2082.0,1628.0,2117.0,1875.0,1819.0,2177.0,1715.0,1830.0,1781.0,1914.0,1886.0,1481.0,1615.0,1835.0,1764.0,2170.0,1682.0,2200.0,1965.0,1906.0,1865.0,1567.0,1699.0,1925.0,1853.0,1988.0,1809.0,1909.0,1875.0,2009.0,2265.0,1891.0,1921.0,2059.0,2002.0,1702.0,1434.0,1430.0,1664.0,1463.0,1667.0,1432.0,1342.0,1585.0,1417.0,1758.0,1353.0,1350.0,1750.0,1541.0,1754.0,1478.0,1425.0,1671.0,1320.0,1705.0,1524.0,1434.0,1493.0,1508.0,1476.0,1294.0,1205.0,1898.0,1277.0,1753.0,1608.0,1518.0,1843.0,1636.0,1560.0,1378.0,1289.0,1815.0,1182.0,1172.0,1876.0,1883.0,1554.0,1179.0,975.0,1506.0,1509.0,1279.0,1070.0,1526.0,1534.0,1705.0,1444.0,1620.0,1529.0,1531.0,1789.0,1534.0,1960.0,1789.0,2036.0,1843.0,1955.0,1628.0,1712.0,1483.0,1963.0,2805.0,495.0,6585.0,135.0,135.0,3405.0,3121.0,3105.0,2714.0,784.0,716.0,711.0,534.0,345.0,553.0,1679.0,495.0
baseline-no-lock-seed-8,baseline-no-lock-seed-1-30,baseline-no-lock-seed-8,pass,True,8,baseline_no_lock_seed_1_30,baseline-no-lock,3,,23,22,True,True,0,False,0,none,0,0,0,0,False,False,0,0,False,False,0,0,35b9539c6a501dc328d319fb5f8fbc0dbcbd5d16deaf2c2705f5ef30a375ea48,24e92b60f4d65d866ec5815749e7411a331bb40280fba5e5a2660442d660d256,1061f451d229eb5eac7d860235d7996e75f129ad1e244bc91bfb6c0d33bc9e38,artifacts/hardware/baseline-no-lock-seed-1-30/baseline-no-lock-seed-8.json,/nix/store/2p1gsjg197mrmihqlrxnrp7ylnchwdy1-ypcb-ddr3-nextpnr-json-seed-8/ypcb_00338_1p1_ddr3.placed.json,/nix/store/y74b7x0nj8wskq9hia9vm8703m7bsg5a-ypcb-ddr3-cvc-sdf-seed-8/ypcb_00338_1p1_ddr3.cvc.sdf,passes calibration and BIST,681.0,451.0,513.0,676.0,531.0,543.0,458.0,587.0,370.0,265.0,403.0,237.0,439.0,313.0,412.0,325.0,1157.0,671.0,387.0,261.0,495.0,341.0,257.0,438.0,263.0,398.0,291.0,675.0,0.0,0.0,0.0,0.0,0.0,0.0,0.0,0.0,0.0,0.0,6735.0,1314.0,1314.0,1314.0,1314.0,1314.0,1314.0,1314.0,1314.0,1279.0,1314.0,1314.0,1314.0,1314.0,1314.0,1314.0,1314.0,1314.0,1279.0,1740.0,1649.0,1827.0,2042.0,1621.0,1965.0,1710.0,2063.0,2265.0,2223.0,2204.0,2115.0,2234.0,1904.0,2104.0,1904.0,2686.0,2253.0,1720.0,1039.0,1521.0,1473.0,1610.0,1623.0,1172.0,1613.0,1564.0,1615.0,1713.0,1200.0,1705.0,1656.0,1526.0,1491.0,1031.0,1356.0,1409.0,1707.0,1628.0,1172.0,1703.0,1654.0,1524.0,1575.0,1116.0,1302.0,1500.0,1659.0,1610.0,1292.0,1447.0,1750.0,1450.0,1878.0,1291.0,1797.0,1748.0,1531.0,1427.0,1182.0,1243.0,1240.0,1552.0,1223.0,1116.0,1256.0,1223.0,1381.0,1347.0,1179.0,1335.0,1194.0,1582.0,1307.0,1207.0,1169.0,1320.0,1406.0,1434.0,1021.0,1425.0,1284.0,1460.0,1085.0,1192.0,1116.0,1220.0,907.0,1523.0,1111.0,1427.0,1376.0,1373.0,1169.0,1284.0,1029.0,1085.0,959.0,958.0,1250.0,1146.0,1335.0,2115.0,978.0,1046.0,1057.0,967.0,1638.0,1815.0,1896.0,1633.0,1577.0,1713.0,1496.0,1541.0,1685.0,1722.0,1348.0,1304.0,1268.0,1223.0,1396.0,1090.0,1449.0,1143.0,1264.0,1659.0,899.0,6616.0,135.0,135.0,2063.0,2265.0,2686.0,2253.0,847.0,675.0,1157.0,671.0,400.0,359.0,533.0,899.0
baseline-no-lock-seed-9,baseline-no-lock-seed-1-30,baseline-no-lock-seed-9,pass,True,9,baseline_no_lock_seed_1_30,baseline-no-lock,3,,23,22,True,True,0,False,0,none,0,0,0,0,False,False,0,0,False,False,0,0,bc9e3073f67fdf56c419f10091d062dd3db76e8ec555ed2223b0e60ab2768fd2,653c89b48ef64c0074ddf4587ebdeb906eb9663ee70d7a23a37d7d9173f18190,f523f9f3e9c277d8617f7dd50e00132e990f0db927461314d0c258e986bbc3fc,artifacts/hardware/baseline-no-lock-seed-1-30/baseline-no-lock-seed-9.json,/nix/store/hq1yvvyagvigv93k9yhiff36hrvgx8fm-ypcb-ddr3-nextpnr-json-seed-9/ypcb_00338_1p1_ddr3.placed.json,/nix/store/icifxmz6r5jqxc313mmfb2rzrq2yafp6-ypcb-ddr3-cvc-sdf-seed-9/ypcb_00338_1p1_ddr3.cvc.sdf,passes calibration and BIST,762.0,730.0,852.0,779.0,785.0,896.0,849.0,856.0,824.0,495.0,732.0,462.0,647.0,461.0,818.0,161.0,329.0,377.0,368.0,457.0,182.0,211.0,274.0,252.0,674.0,493.0,564.0,227.0,0.0,0.0,0.0,0.0,0.0,0.0,0.0,0.0,0.0,0.0,6585.0,1314.0,1314.0,1314.0,1314.0,1314.0,1314.0,1314.0,1314.0,1279.0,1314.0,1314.0,1314.0,1314.0,1314.0,1314.0,1314.0,1314.0,1279.0,1891.0,1774.0,1856.0,1769.0,1759.0,1575.0,1750.0,2115.0,2535.0,2414.0,2505.0,2384.0,2384.0,2115.0,2414.0,2204.0,3089.0,2700.0,1338.0,1851.0,1712.0,1934.0,1172.0,1345.0,1942.0,1802.0,1986.0,1256.0,1184.0,2036.0,1728.0,1978.0,1350.0,1059.0,1671.0,1781.0,1838.0,1402.0,1271.0,2032.0,1815.0,2049.0,1264.0,977.0,1756.0,1873.0,1842.0,1128.0,1279.0,2128.0,1894.0,1878.0,1279.0,1271.0,2127.0,1824.0,1978.0,1274.0,970.0,1544.0,1570.0,1794.0,1172.0,980.0,1360.0,1381.0,1475.0,985.0,1054.0,1626.0,1626.0,1713.0,981.0,1067.0,1442.0,1437.0,1529.0,1072.0,1138.0,1717.0,1478.0,1567.0,1070.0,981.0,1277.0,1161.0,1442.0,1121.0,1222.0,1807.0,1468.0,1621.0,989.0,1069.0,1133.0,1133.0,1230.0,1208.0,1682.0,1427.0,1710.0,1506.0,1381.0,1381.0,1087.0,1330.0,1302.0,1004.0,1440.0,1531.0,1623.0,1373.0,1532.0,1458.0,1491.0,1626.0,1455.0,1519.0,1600.0,1437.0,1393.0,1575.0,1518.0,1552.0,1608.0,1300.0,2730.0,699.0,6466.0,135.0,135.0,2115.0,2535.0,3089.0,2700.0,1151.0,837.0,329.0,377.0,253.0,308.0,1604.0,699.0
