delta_ps,good_ps,bad_ps,bad_lane,bad_bit,bad_families,key,good_text,bad_text
12306.0,414.0,12720.0,all,,['calibration_fsm'],INTERCONNECT:ddr3_top_inst.ddr3_controller_inst.dqs_start_index[4]$LUT$N.A1,(INTERCONNECT \$auto\$ff\.cc\:266\:slice\$42733.Q ddr3_top_inst\.ddr3_controller_inst\.dqs_start_index\[4\]\$LUT\$200.A1 (414:414:414) (414:414:414)),(INTERCONNECT \$PACKER_GND_DRV.Y ddr3_top_inst\.ddr3_controller_inst\.dqs_start_index\[4\]\$LUT\$200.A1 (12720:12720:12720) (12720:12720:12720))
11994.0,545.0,12539.0,all,,['calibration_fsm'],INTERCONNECT:ddr3_top_inst.ddr3_controller_inst.dqs_start_index_stored[5]$LUT$N.A1,(INTERCONNECT \$auto\$ff\.cc\:266\:slice\$42740.Q ddr3_top_inst\.ddr3_controller_inst\.dqs_start_index_stored\[5\]\$LUT\$500.A1 (545:545:545) (545:545:545)),(INTERCONNECT \$PACKER_GND_DRV.Y ddr3_top_inst\.ddr3_controller_inst\.dqs_start_index_stored\[5\]\$LUT\$500.A1 (12539:12539:12539) (12539:12539:12539))
11969.0,600.0,12569.0,all,,['calibration_fsm'],INTERCONNECT:ddr3_top_inst.ddr3_controller_inst.dqs_start_index_stored[2]$LUT$N.A1,(INTERCONNECT \$auto\$ff\.cc\:266\:slice\$42737.Q ddr3_top_inst\.ddr3_controller_inst\.dqs_start_index_stored\[2\]\$LUT\$488.A1 (600:600:600) (600:600:600)),(INTERCONNECT \$PACKER_GND_DRV.Y ddr3_top_inst\.ddr3_controller_inst\.dqs_start_index_stored\[2\]\$LUT\$488.A1 (12569:12569:12569) (12569:12569:12569))
11437.0,323.0,11760.0,all,,['idelay_control'],INTERCONNECT:ddr3_top_inst.idelay_data_cntvaluein[2]$LUT$N.A1,(INTERCONNECT \$abc\$179448\$lut\\ddr3_top_inst\.ddr3_phy_inst\.i_controller_idelay_data_cntvaluein\[2\].O6 ddr3_top_inst\.idelay_data_cntvaluein\[2\]\$LUT\$116.A1 (323:323:323) (323:323:323)),(INTERCONNECT \$PACKER_GND_DRV.Y ddr3_top_inst\.idelay_data_cntvaluein\[2\]\$LUT\$116.A1 (11760:11760:11760) (11760:11760:11760))
10871.0,333.0,11204.0,all,,['other'],INTERCONNECT:ddr3_top_inst.ddr3_controller_inst.write_test_address_counter[13]$LUT$N.A1,(INTERCONNECT \$auto\$ff\.cc\:266\:slice\$43212.Q ddr3_top_inst\.ddr3_controller_inst\.write_test_address_counter\[13\]\$LUT\$312.A1 (333:333:333) (333:333:333)),(INTERCONNECT \$PACKER_GND_DRV.Y ddr3_top_inst\.ddr3_controller_inst\.write_test_address_counter\[13\]\$LUT\$312.A1 (11204:11204:11204) (11204:11204:11204))
10804.0,326.0,11130.0,all,,['calibration_fsm'],INTERCONNECT:ddr3_top_inst.ddr3_controller_inst.calib_addr[20]$LUT$N.A1,(INTERCONNECT \$auto\$ff\.cc\:266\:slice\$29968.Q ddr3_top_inst\.ddr3_controller_inst\.calib_addr\[20\]\$LUT\$84.A1 (326:326:326) (326:326:326)),(INTERCONNECT \$PACKER_GND_DRV.Y ddr3_top_inst\.ddr3_controller_inst\.calib_addr\[20\]\$LUT\$84.A1 (11130:11130:11130) (11130:11130:11130))
10769.0,331.0,11100.0,all,,['calibration_fsm'],INTERCONNECT:ddr3_top_inst.ddr3_controller_inst.calib_addr[24]$LUT$N.A1,(INTERCONNECT \$auto\$ff\.cc\:266\:slice\$29972.Q ddr3_top_inst\.ddr3_controller_inst\.calib_addr\[24\]\$LUT\$100.A1 (331:331:331) (331:331:331)),(INTERCONNECT \$PACKER_GND_DRV.Y ddr3_top_inst\.ddr3_controller_inst\.calib_addr\[24\]\$LUT\$100.A1 (11100:11100:11100) (11100:11100:11100))
10729.0,460.0,11189.0,all,,['calibration_fsm'],INTERCONNECT:ddr3_top_inst.ddr3_controller_inst.calib_addr[13]$LUT$N.A1,(INTERCONNECT \$auto\$ff\.cc\:266\:slice\$29961.Q ddr3_top_inst\.ddr3_controller_inst\.calib_addr\[13\]\$LUT\$56.A1 (460:460:460) (460:460:460)),(INTERCONNECT \$PACKER_GND_DRV.Y ddr3_top_inst\.ddr3_controller_inst\.calib_addr\[13\]\$LUT\$56.A1 (11189:11189:11189) (11189:11189:11189))
10726.0,508.0,11234.0,all,,['calibration_fsm'],INTERCONNECT:ddr3_top_inst.ddr3_controller_inst.calib_data_randomized[103]$LUT$N.A1,(INTERCONNECT \$auto\$ff\.cc\:266\:slice\$43206.Q ddr3_top_inst\.ddr3_controller_inst\.calib_data_randomized\[103\]\$LUT\$288.A1 (508:508:508) (508:508:508)),(INTERCONNECT \$PACKER_GND_DRV.Y ddr3_top_inst\.ddr3_controller_inst\.calib_data_randomized\[103\]\$LUT\$288.A1 (11234:11234:11234) (11234:11234:11234))
10724.0,465.0,11189.0,all,,['calibration_fsm'],INTERCONNECT:ddr3_top_inst.ddr3_controller_inst.calib_addr[12]$LUT$N.A1,(INTERCONNECT \$auto\$ff\.cc\:266\:slice\$29960.Q ddr3_top_inst\.ddr3_controller_inst\.calib_addr\[12\]\$LUT\$52.A1 (465:465:465) (465:465:465)),(INTERCONNECT \$PACKER_GND_DRV.Y ddr3_top_inst\.ddr3_controller_inst\.calib_addr\[12\]\$LUT\$52.A1 (11189:11189:11189) (11189:11189:11189))
10722.0,528.0,11250.0,all,,['calibration_fsm'],INTERCONNECT:ddr3_top_inst.ddr3_controller_inst.calib_addr[4]$LUT$N.A1,(INTERCONNECT \$auto\$ff\.cc\:266\:slice\$42777.Q ddr3_top_inst\.ddr3_controller_inst\.calib_addr\[4\]\$LUT\$20.A1 (528:528:528) (528:528:528)),(INTERCONNECT \$PACKER_GND_DRV.Y ddr3_top_inst\.ddr3_controller_inst\.calib_addr\[4\]\$LUT\$20.A1 (11250:11250:11250) (11250:11250:11250))
10722.0,453.0,11175.0,all,,['other'],INTERCONNECT:ddr3_top_inst.ddr3_controller_inst.write_test_address_counter[15]$LUT$N.A1,(INTERCONNECT \$auto\$ff\.cc\:266\:slice\$43214.Q ddr3_top_inst\.ddr3_controller_inst\.write_test_address_counter\[15\]\$LUT\$320.A1 (453:453:453) (453:453:453)),(INTERCONNECT \$PACKER_GND_DRV.Y ddr3_top_inst\.ddr3_controller_inst\.write_test_address_counter\[15\]\$LUT\$320.A1 (11175:11175:11175) (11175:11175:11175))
10721.0,499.0,11220.0,all,,['calibration_fsm'],INTERCONNECT:ddr3_top_inst.ddr3_controller_inst.calib_addr[6]$LUT$N.A1,(INTERCONNECT \$auto\$ff\.cc\:266\:slice\$42779.Q ddr3_top_inst\.ddr3_controller_inst\.calib_addr\[6\]\$LUT\$28.A1 (499:499:499) (499:499:499)),(INTERCONNECT \$PACKER_GND_DRV.Y ddr3_top_inst\.ddr3_controller_inst\.calib_addr\[6\]\$LUT\$28.A1 (11220:11220:11220) (11220:11220:11220))
10706.0,559.0,11265.0,all,,['calibration_fsm'],INTERCONNECT:ddr3_top_inst.ddr3_controller_inst.calib_data_randomized[123]$LUT$N.A1,(INTERCONNECT \$auto\$ff\.cc\:266\:slice\$43202.Q ddr3_top_inst\.ddr3_controller_inst\.calib_data_randomized\[123\]\$LUT\$272.A1 (559:559:559) (559:559:559)),(INTERCONNECT \$PACKER_GND_DRV.Y ddr3_top_inst\.ddr3_controller_inst\.calib_data_randomized\[123\]\$LUT\$272.A1 (11265:11265:11265) (11265:11265:11265))
10674.0,546.0,11220.0,all,,['calibration_fsm'],INTERCONNECT:ddr3_top_inst.ddr3_controller_inst.calib_addr[7]$LUT$N.A1,(INTERCONNECT \$auto\$ff\.cc\:266\:slice\$42780.Q ddr3_top_inst\.ddr3_controller_inst\.calib_addr\[7\]\$LUT\$32.A1 (546:546:546) (546:546:546)),(INTERCONNECT \$PACKER_GND_DRV.Y ddr3_top_inst\.ddr3_controller_inst\.calib_addr\[7\]\$LUT\$32.A1 (11220:11220:11220) (11220:11220:11220))
10263.0,476.0,10739.0,all,,['calibration_fsm'],INTERCONNECT:ddr3_top_inst.o_debug_calib_gate[8]$LUT$N.A1,(INTERCONNECT \$auto\$ff\.cc\:266\:slice\$38329.Q ddr3_top_inst\.o_debug_calib_gate\[8\]\$LUT\$810.A1 (476:476:476) (476:476:476)),(INTERCONNECT \$PACKER_GND_DRV.Y ddr3_top_inst\.o_debug_calib_gate\[8\]\$LUT\$810.A1 (10739:10739:10739) (10739:10739:10739))
10164.0,500.0,10664.0,all,,['other'],INTERCONNECT:ddr3_top_inst.ddr3_controller_inst.read_test_address_counter[22]$LUT$N.A1,(INTERCONNECT \$auto\$ff\.cc\:266\:slice\$43196.Q ddr3_top_inst\.ddr3_controller_inst\.read_test_address_counter\[22\]\$LUT\$458.A1 (500:500:500) (500:500:500)),(INTERCONNECT \$PACKER_GND_DRV.Y ddr3_top_inst\.ddr3_controller_inst\.read_test_address_counter\[22\]\$LUT\$458.A1 (10664:10664:10664) (10664:10664:10664))
8417.0,192.0,8609.0,all,,['other'],INTERCONNECT:$abc$$lut$flattenddr3_top_inst.ddr3_controller_inst.$procmux$N_Y[0].A6,(INTERCONNECT \$PACKER_VCC_DRV.Y \$abc\$179448\$lut\$flatten\\ddr3_top_inst\.\\ddr3_controller_inst\.\$procmux\$14616_Y\[0\].A6 (192:192:192) (192:192:192)),(INTERCONNECT \$PACKER_VCC_DRV.Y \$abc\$179448\$lut\$flatten\\ddr3_top_inst\.\\ddr3_controller_inst\.\$procmux\$14616_Y\[0\].A6 (8609:8609:8609) (8609:8609:8609))
8222.0,192.0,8414.0,all,,['other'],INTERCONNECT:$abc$$lut$flattenddr3_top_inst.ddr3_controller_inst.$shiftx$rtl/ddr3_controller.v:0$N.buffer[85].A6,(INTERCONNECT \$PACKER_VCC_DRV.Y \$abc\$179448\$lut\$flatten\\ddr3_top_inst\.\\ddr3_controller_inst\.\$shiftx\$rtl/ddr3_controller\.v\:0\$9080\.buffer\[85\].A6 (192:192:192) (192:192:192)),(INTERCONNECT \$PACKER_VCC_DRV.Y \$abc\$179448\$lut\$flatten\\ddr3_top_inst\.\\ddr3_controller_inst\.\$shiftx\$rtl/ddr3_controller\.v\:0\$9080\.buffer\[85\].A6 (8414:8414:8414) (8414:8414:8414))
8207.0,192.0,8399.0,all,,['other'],INTERCONNECT:$abc$$lut$flattenddr3_top_inst.ddr3_controller_inst.$procmux$N.Y[51].A6,(INTERCONNECT \$PACKER_VCC_DRV.Y \$abc\$179448\$lut\$flatten\\ddr3_top_inst\.\\ddr3_controller_inst\.\$procmux\$14265\.Y\[51\].A6 (192:192:192) (192:192:192)),(INTERCONNECT \$PACKER_VCC_DRV.Y \$abc\$179448\$lut\$flatten\\ddr3_top_inst\.\\ddr3_controller_inst\.\$procmux\$14265\.Y\[51\].A6 (8399:8399:8399) (8399:8399:8399))
8177.0,192.0,8369.0,all,,['other'],INTERCONNECT:$abc$$lut$flattenddr3_top_inst.ddr3_controller_inst.$procmux$N.Y[49].A6,(INTERCONNECT \$PACKER_VCC_DRV.Y \$abc\$179448\$lut\$flatten\\ddr3_top_inst\.\\ddr3_controller_inst\.\$procmux\$14265\.Y\[49\].A6 (192:192:192) (192:192:192)),(INTERCONNECT \$PACKER_VCC_DRV.Y \$abc\$179448\$lut\$flatten\\ddr3_top_inst\.\\ddr3_controller_inst\.\$procmux\$14265\.Y\[49\].A6 (8369:8369:8369) (8369:8369:8369))
8132.0,192.0,8324.0,all,,['other'],INTERCONNECT:$abc$$lut$flattenddr3_top_inst.ddr3_controller_inst.$shiftx$rtl/ddr3_controller.v:0$N.buffer[103].A6,(INTERCONNECT \$PACKER_VCC_DRV.Y \$abc\$179448\$lut\$flatten\\ddr3_top_inst\.\\ddr3_controller_inst\.\$shiftx\$rtl/ddr3_controller\.v\:0\$9080\.buffer\[103\].A6 (192:192:192) (192:192:192)),(INTERCONNECT \$PACKER_VCC_DRV.Y \$abc\$179448\$lut\$flatten\\ddr3_top_inst\.\\ddr3_controller_inst\.\$shiftx\$rtl/ddr3_controller\.v\:0\$9080\.buffer\[103\].A6 (8324:8324:8324) (8324:8324:8324))
8103.0,192.0,8295.0,all,,['other'],INTERCONNECT:$abc$$lut$flattenddr3_top_inst.ddr3_phy_inst.$ternary$rtl/ddr3_phy.v:1304$N_Y[5].A6,(INTERCONNECT \$PACKER_VCC_DRV.Y \$abc\$179448\$lut\$flatten\\ddr3_top_inst\.\\ddr3_phy_inst\.\$ternary\$rtl/ddr3_phy\.v\:1304\$7467_Y\[5\].A6 (192:192:192) (192:192:192)),(INTERCONNECT \$PACKER_VCC_DRV.Y \$abc\$179448\$lut\$flatten\\ddr3_top_inst\.\\ddr3_phy_inst\.\$ternary\$rtl/ddr3_phy\.v\:1304\$7436_Y\[5\].A6 (8295:8295:8295) (8295:8295:8295))
8073.0,192.0,8265.0,all,,['other'],INTERCONNECT:$abc$$lut$flattenddr3_top_inst.ddr3_phy_inst.$ternary$rtl/ddr3_phy.v:1304$N_Y[4].A6,(INTERCONNECT \$PACKER_VCC_DRV.Y \$abc\$179448\$lut\$flatten\\ddr3_top_inst\.\\ddr3_phy_inst\.\$ternary\$rtl/ddr3_phy\.v\:1304\$7467_Y\[4\].A6 (192:192:192) (192:192:192)),(INTERCONNECT \$PACKER_VCC_DRV.Y \$abc\$179448\$lut\$flatten\\ddr3_top_inst\.\\ddr3_phy_inst\.\$ternary\$rtl/ddr3_phy\.v\:1304\$7436_Y\[4\].A6 (8265:8265:8265) (8265:8265:8265))
7953.0,192.0,8145.0,all,,['other'],INTERCONNECT:$abc$$lut$flattenddr3_top_inst.ddr3_controller_inst.$shiftx$rtl/ddr3_controller.v:0$N.buffer[54].A6,(INTERCONNECT \$PACKER_VCC_DRV.Y \$abc\$179448\$lut\$flatten\\ddr3_top_inst\.\\ddr3_controller_inst\.\$shiftx\$rtl/ddr3_controller\.v\:0\$9080\.buffer\[54\].A6 (192:192:192) (192:192:192)),(INTERCONNECT \$PACKER_VCC_DRV.Y \$abc\$179448\$lut\$flatten\\ddr3_top_inst\.\\ddr3_controller_inst\.\$shiftx\$rtl/ddr3_controller\.v\:0\$9080\.buffer\[54\].A6 (8145:8145:8145) (8145:8145:8145))
7847.0,192.0,8039.0,all,,['other'],INTERCONNECT:$abc$$lut$flattenddr3_top_inst.ddr3_controller_inst.$shiftx$rtl/ddr3_controller.v:0$N.buffer[65].A6,(INTERCONNECT \$PACKER_VCC_DRV.Y \$abc\$179448\$lut\$flatten\\ddr3_top_inst\.\\ddr3_controller_inst\.\$shiftx\$rtl/ddr3_controller\.v\:0\$9080\.buffer\[65\].A6 (192:192:192) (192:192:192)),(INTERCONNECT \$PACKER_VCC_DRV.Y \$abc\$179448\$lut\$flatten\\ddr3_top_inst\.\\ddr3_controller_inst\.\$shiftx\$rtl/ddr3_controller\.v\:0\$9080\.buffer\[65\].A6 (8039:8039:8039) (8039:8039:8039))
7773.0,192.0,7965.0,all,,['other'],INTERCONNECT:$abc$$lut$flattenddr3_top_inst.ddr3_controller_inst.$shiftx$rtl/ddr3_controller.v:0$N.buffer[70].A6,(INTERCONNECT \$PACKER_VCC_DRV.Y \$abc\$179448\$lut\$flatten\\ddr3_top_inst\.\\ddr3_controller_inst\.\$shiftx\$rtl/ddr3_controller\.v\:0\$9080\.buffer\[70\].A6 (192:192:192) (192:192:192)),(INTERCONNECT \$PACKER_VCC_DRV.Y \$abc\$179448\$lut\$flatten\\ddr3_top_inst\.\\ddr3_controller_inst\.\$shiftx\$rtl/ddr3_controller\.v\:0\$9080\.buffer\[70\].A6 (7965:7965:7965) (7965:7965:7965))
7513.0,407.0,7920.0,all,,['other'],INTERCONNECT:bist_counts[6]$LUT$N.A1,(INTERCONNECT \$auto\$ff\.cc\:266\:slice\$42621.Q bist_counts\[6\]\$LUT\$536.A1 (407:407:407) (407:407:407)),(INTERCONNECT \$PACKER_GND_DRV.Y bist_counts\[6\]\$LUT\$536.A1 (7920:7920:7920) (7920:7920:7920))
7474.0,326.0,7800.0,all,,['other'],INTERCONNECT:bist_counts[23]$LUT$N.A1,(INTERCONNECT \$auto\$ff\.cc\:266\:slice\$42638.Q bist_counts\[23\]\$LUT\$604.A1 (326:326:326) (326:326:326)),(INTERCONNECT \$PACKER_GND_DRV.Y bist_counts\[23\]\$LUT\$604.A1 (7800:7800:7800) (7800:7800:7800))
7458.0,192.0,7650.0,all,,"['dqs_input', 'idelay_control']",INTERCONNECT:$abc$$lutddr3_top_inst.ddr3_phy_inst.i_controller_idelay_dqs_cntvaluein[4].A6,(INTERCONNECT \$PACKER_VCC_DRV.Y \$abc\$179448\$lut\\ddr3_top_inst\.ddr3_phy_inst\.i_controller_idelay_dqs_cntvaluein\[4\].A6 (192:192:192) (192:192:192)),(INTERCONNECT \$PACKER_VCC_DRV.Y \$abc\$179448\$lut\\ddr3_top_inst\.ddr3_phy_inst\.i_controller_idelay_dqs_cntvaluein\[4\].A6 (7650:7650:7650) (7650:7650:7650))
7260.0,540.0,7800.0,all,,['other'],INTERCONNECT:bist_counts[21]$LUT$N.A3,(INTERCONNECT \$auto\$ff\.cc\:266\:slice\$42636.Q bist_counts\[21\]\$LUT\$596.A3 (540:540:540) (540:540:540)),(INTERCONNECT \$PACKER_GND_DRV.Y bist_counts\[21\]\$LUT\$596.A3 (7800:7800:7800) (7800:7800:7800))
7213.0,556.0,7769.0,all,,['other'],INTERCONNECT:bist_counts[27]$LUT$N.A1,(INTERCONNECT \$auto\$ff\.cc\:266\:slice\$42642.Q bist_counts\[27\]\$LUT\$620.A1 (556:556:556) (556:556:556)),(INTERCONNECT \$PACKER_GND_DRV.Y bist_counts\[27\]\$LUT\$620.A1 (7769:7769:7769) (7769:7769:7769))
7133.0,216.0,7349.0,all,,['other'],INTERCONNECT:bist_counts[46]$LUT$N.A1,(INTERCONNECT \$auto\$ff\.cc\:266\:slice\$42661.Q bist_counts\[46\]\$LUT\$696.A1 (216:216:216) (216:216:216)),(INTERCONNECT \$PACKER_GND_DRV.Y bist_counts\[46\]\$LUT\$696.A1 (7349:7349:7349) (7349:7349:7349))
7127.0,612.0,7739.0,all,,['other'],INTERCONNECT:bist_counts[31]$LUT$N.A1,(INTERCONNECT \$auto\$ff\.cc\:266\:slice\$42646.Q bist_counts\[31\]\$LUT\$636.A1 (612:612:612) (612:612:612)),(INTERCONNECT \$PACKER_GND_DRV.Y bist_counts\[31\]\$LUT\$636.A1 (7739:7739:7739) (7739:7739:7739))
7052.0,192.0,7244.0,all,,['other'],INTERCONNECT:$abc$$lut$flattenddr3_top_inst.ddr3_controller_inst.$procmux$N.Y[3].A6,(INTERCONNECT \$PACKER_VCC_DRV.Y \$abc\$179448\$lut\$flatten\\ddr3_top_inst\.\\ddr3_controller_inst\.\$procmux\$13907\.Y\[3\].A6 (192:192:192) (192:192:192)),(INTERCONNECT \$PACKER_VCC_DRV.Y \$abc\$179448\$lut\$flatten\\ddr3_top_inst\.\\ddr3_controller_inst\.\$procmux\$13907\.Y\[3\].A6 (7244:7244:7244) (7244:7244:7244))
7038.0,192.0,7230.0,all,,['other'],INTERCONNECT:$abc$$lut$flattenddr3_top_inst.ddr3_controller_inst.$procmux$N.Y[5].A6,(INTERCONNECT \$PACKER_VCC_DRV.Y \$abc\$179448\$lut\$flatten\\ddr3_top_inst\.\\ddr3_controller_inst\.\$procmux\$13907\.Y\[5\].A6 (192:192:192) (192:192:192)),(INTERCONNECT \$PACKER_VCC_DRV.Y \$abc\$179448\$lut\$flatten\\ddr3_top_inst\.\\ddr3_controller_inst\.\$procmux\$13907\.Y\[5\].A6 (7230:7230:7230) (7230:7230:7230))
6992.0,192.0,7184.0,all,,['other'],INTERCONNECT:$abc$$lut$flattenddr3_top_inst.ddr3_controller_inst.$procmux$N.Y[12].A6,(INTERCONNECT \$PACKER_VCC_DRV.Y \$abc\$179448\$lut\$flatten\\ddr3_top_inst\.\\ddr3_controller_inst\.\$procmux\$13907\.Y\[12\].A6 (192:192:192) (192:192:192)),(INTERCONNECT \$PACKER_VCC_DRV.Y \$abc\$179448\$lut\$flatten\\ddr3_top_inst\.\\ddr3_controller_inst\.\$procmux\$13907\.Y\[12\].A6 (7184:7184:7184) (7184:7184:7184))
6992.0,192.0,7184.0,all,,['other'],INTERCONNECT:$abc$$lut$flattenddr3_top_inst.ddr3_controller_inst.$procmux$N.Y[20].A6,(INTERCONNECT \$PACKER_VCC_DRV.Y \$abc\$179448\$lut\$flatten\\ddr3_top_inst\.\\ddr3_controller_inst\.\$procmux\$13907\.Y\[20\].A6 (192:192:192) (192:192:192)),(INTERCONNECT \$PACKER_VCC_DRV.Y \$abc\$179448\$lut\$flatten\\ddr3_top_inst\.\\ddr3_controller_inst\.\$procmux\$13907\.Y\[20\].A6 (7184:7184:7184) (7184:7184:7184))
6933.0,192.0,7125.0,all,,['other'],INTERCONNECT:$abc$$lut$flattenddr3_top_inst.ddr3_controller_inst.$procmux$N.Y[14].A6,(INTERCONNECT \$PACKER_VCC_DRV.Y \$abc\$179448\$lut\$flatten\\ddr3_top_inst\.\\ddr3_controller_inst\.\$procmux\$13907\.Y\[14\].A6 (192:192:192) (192:192:192)),(INTERCONNECT \$PACKER_VCC_DRV.Y \$abc\$179448\$lut\$flatten\\ddr3_top_inst\.\\ddr3_controller_inst\.\$procmux\$13907\.Y\[14\].A6 (7125:7125:7125) (7125:7125:7125))
6887.0,192.0,7079.0,all,,['other'],INTERCONNECT:$abc$$lutddr3_top_inst.ddr3_controller_inst.cmd_d[0][12].A6,(INTERCONNECT \$PACKER_VCC_DRV.Y \$abc\$179448\$lut\\ddr3_top_inst\.ddr3_controller_inst\.cmd_d\[0\]\[12\].A6 (192:192:192) (192:192:192)),(INTERCONNECT \$PACKER_VCC_DRV.Y \$abc\$179448\$lut\\ddr3_top_inst\.ddr3_controller_inst\.cmd_d\[0\]\[12\].A6 (7079:7079:7079) (7079:7079:7079))
6886.0,5864.0,12750.0,all,,['calibration_fsm'],INTERCONNECT:ddr3_top_inst.ddr3_controller_inst.dqs_start_index[2]$LUT$N.A1,(INTERCONNECT \$PACKER_GND_DRV.Y ddr3_top_inst\.ddr3_controller_inst\.dqs_start_index\[2\]\$LUT\$192.A1 (5864:5864:5864) (5864:5864:5864)),(INTERCONNECT \$PACKER_GND_DRV.Y ddr3_top_inst\.ddr3_controller_inst\.dqs_start_index\[2\]\$LUT\$192.A1 (12750:12750:12750) (12750:12750:12750))
6879.0,381.0,7260.0,all,,['other'],INTERCONNECT:bist_counts[59]$LUT$N.A1,(INTERCONNECT \$auto\$ff\.cc\:266\:slice\$42674.Q bist_counts\[59\]\$LUT\$748.A1 (381:381:381) (381:381:381)),(INTERCONNECT \$PACKER_GND_DRV.Y bist_counts\[59\]\$LUT\$748.A1 (7260:7260:7260) (7260:7260:7260))
6842.0,192.0,7034.0,all,,['other'],INTERCONNECT:$abc$$lutddr3_top_inst.ddr3_controller_inst.delay_before_read_counter_d[0][0].A6,(INTERCONNECT \$PACKER_VCC_DRV.Y \$abc\$179448\$lut\\ddr3_top_inst\.ddr3_controller_inst\.delay_before_read_counter_d\[0\]\[0\].A6 (192:192:192) (192:192:192)),(INTERCONNECT \$PACKER_VCC_DRV.Y \$abc\$179448\$lut\\ddr3_top_inst\.ddr3_controller_inst\.delay_before_read_counter_d\[0\]\[0\].A6 (7034:7034:7034) (7034:7034:7034))
6840.0,540.0,7380.0,all,,['other'],INTERCONNECT:bist_counts[42]$LUT$N.A3,(INTERCONNECT \$auto\$ff\.cc\:266\:slice\$42657.Q bist_counts\[42\]\$LUT\$680.A3 (540:540:540) (540:540:540)),(INTERCONNECT \$PACKER_GND_DRV.Y bist_counts\[42\]\$LUT\$680.A3 (7380:7380:7380) (7380:7380:7380))
6807.0,453.0,7260.0,all,,['other'],INTERCONNECT:bist_counts[58]$LUT$N.A1,(INTERCONNECT \$auto\$ff\.cc\:266\:slice\$42673.Q bist_counts\[58\]\$LUT\$744.A1 (453:453:453) (453:453:453)),(INTERCONNECT \$PACKER_GND_DRV.Y bist_counts\[58\]\$LUT\$744.A1 (7260:7260:7260) (7260:7260:7260))
6656.0,574.0,7230.0,all,,['other'],INTERCONNECT:bist_counts[63]$LUT$N.A1,(INTERCONNECT \$auto\$ff\.cc\:266\:slice\$42678.Q bist_counts\[63\]\$LUT\$764.A1 (574:574:574) (574:574:574)),(INTERCONNECT \$PACKER_GND_DRV.Y bist_counts\[63\]\$LUT\$764.A1 (7230:7230:7230) (7230:7230:7230))
6527.0,192.0,6719.0,all,,['other'],INTERCONNECT:$abc$$lutddr3_top_inst.ddr3_controller_inst.cmd_d[3][16].A6,(INTERCONNECT \$PACKER_VCC_DRV.Y \$abc\$179448\$lut\\ddr3_top_inst\.ddr3_controller_inst\.cmd_d\[3\]\[16\].A6 (192:192:192) (192:192:192)),(INTERCONNECT \$PACKER_VCC_DRV.Y \$abc\$179448\$lut\\ddr3_top_inst\.ddr3_controller_inst\.cmd_d\[3\]\[16\].A6 (6719:6719:6719) (6719:6719:6719))
6511.0,4664.0,11175.0,all,,['other'],INTERCONNECT:ddr3_top_inst.ddr3_controller_inst.write_test_address_counter[14]$LUT$N.A1,(INTERCONNECT \$PACKER_GND_DRV.Y ddr3_top_inst\.ddr3_controller_inst\.write_test_address_counter\[14\]\$LUT\$316.A1 (4664:4664:4664) (4664:4664:4664)),(INTERCONNECT \$PACKER_GND_DRV.Y ddr3_top_inst\.ddr3_controller_inst\.write_test_address_counter\[14\]\$LUT\$316.A1 (11175:11175:11175) (11175:11175:11175))
6510.0,4755.0,11265.0,all,,['calibration_fsm'],INTERCONNECT:ddr3_top_inst.ddr3_controller_inst.calib_data_randomized[114]$LUT$N.A1,(INTERCONNECT \$PACKER_GND_DRV.Y ddr3_top_inst\.ddr3_controller_inst\.calib_data_randomized\[114\]\$LUT\$268.A1 (4755:4755:4755) (4755:4755:4755)),(INTERCONNECT \$PACKER_GND_DRV.Y ddr3_top_inst\.ddr3_controller_inst\.calib_data_randomized\[114\]\$LUT\$268.A1 (11265:11265:11265) (11265:11265:11265))
6510.0,4724.0,11234.0,all,,['calibration_fsm'],INTERCONNECT:ddr3_top_inst.ddr3_controller_inst.calib_data_randomized[118]$LUT$N.A1,(INTERCONNECT \$PACKER_GND_DRV.Y ddr3_top_inst\.ddr3_controller_inst\.calib_data_randomized\[118\]\$LUT\$284.A1 (4724:4724:4724) (4724:4724:4724)),(INTERCONNECT \$PACKER_GND_DRV.Y ddr3_top_inst\.ddr3_controller_inst\.calib_data_randomized\[118\]\$LUT\$284.A1 (11234:11234:11234) (11234:11234:11234))
6510.0,4724.0,11234.0,all,,['other'],INTERCONNECT:ddr3_top_inst.ddr3_controller_inst.write_test_address_counter[8]$LUT$N.A3,(INTERCONNECT \$PACKER_GND_DRV.Y ddr3_top_inst\.ddr3_controller_inst\.write_test_address_counter\[8\]\$LUT\$292.A3 (4724:4724:4724) (4724:4724:4724)),(INTERCONNECT \$PACKER_GND_DRV.Y ddr3_top_inst\.ddr3_controller_inst\.write_test_address_counter\[8\]\$LUT\$292.A3 (11234:11234:11234) (11234:11234:11234))
6509.0,4695.0,11204.0,all,,['other'],INTERCONNECT:ddr3_top_inst.ddr3_controller_inst.write_test_address_counter[12]$LUT$N.A1,(INTERCONNECT \$PACKER_GND_DRV.Y ddr3_top_inst\.ddr3_controller_inst\.write_test_address_counter\[12\]\$LUT\$308.A1 (4695:4695:4695) (4695:4695:4695)),(INTERCONNECT \$PACKER_GND_DRV.Y ddr3_top_inst\.ddr3_controller_inst\.write_test_address_counter\[12\]\$LUT\$308.A1 (11204:11204:11204) (11204:11204:11204))
6509.0,4605.0,11114.0,all,,['other'],INTERCONNECT:ddr3_top_inst.ddr3_controller_inst.write_test_address_counter[22]$LUT$N.A1,(INTERCONNECT \$PACKER_GND_DRV.Y ddr3_top_inst\.ddr3_controller_inst\.write_test_address_counter\[22\]\$LUT\$348.A1 (4605:4605:4605) (4605:4605:4605)),(INTERCONNECT \$PACKER_GND_DRV.Y ddr3_top_inst\.ddr3_controller_inst\.write_test_address_counter\[22\]\$LUT\$348.A1 (11114:11114:11114) (11114:11114:11114))
6509.0,4605.0,11114.0,all,,['other'],INTERCONNECT:ddr3_top_inst.ddr3_controller_inst.write_test_address_counter[23]$LUT$N.A1,(INTERCONNECT \$PACKER_GND_DRV.Y ddr3_top_inst\.ddr3_controller_inst\.write_test_address_counter\[23\]\$LUT\$352.A1 (4605:4605:4605) (4605:4605:4605)),(INTERCONNECT \$PACKER_GND_DRV.Y ddr3_top_inst\.ddr3_controller_inst\.write_test_address_counter\[23\]\$LUT\$352.A1 (11114:11114:11114) (11114:11114:11114))
6465.0,5625.0,12090.0,all,,['other'],INTERCONNECT:ddr3_top_inst.ddr3_controller_inst.dqs_count_repeat[1]$LUT$N.A3,(INTERCONNECT \$PACKER_GND_DRV.Y ddr3_top_inst\.ddr3_controller_inst\.dqs_count_repeat\[1\]\$LUT\$174.A3 (5625:5625:5625) (5625:5625:5625)),(INTERCONNECT \$PACKER_GND_DRV.Y ddr3_top_inst\.ddr3_controller_inst\.dqs_count_repeat\[1\]\$LUT\$174.A3 (12090:12090:12090) (12090:12090:12090))
6390.0,6179.0,12569.0,all,,['calibration_fsm'],INTERCONNECT:ddr3_top_inst.ddr3_controller_inst.dqs_start_index_stored[3]$LUT$N.A1,(INTERCONNECT \$PACKER_GND_DRV.Y ddr3_top_inst\.ddr3_controller_inst\.dqs_start_index_stored\[3\]\$LUT\$492.A1 (6179:6179:6179) (6179:6179:6179)),(INTERCONNECT \$PACKER_GND_DRV.Y ddr3_top_inst\.ddr3_controller_inst\.dqs_start_index_stored\[3\]\$LUT\$492.A1 (12569:12569:12569) (12569:12569:12569))
6389.0,1350.0,7739.0,all,,['other'],INTERCONNECT:bist_counts[30]$LUT$N.A1,(INTERCONNECT \$PACKER_GND_DRV.Y bist_counts\[30\]\$LUT\$632.A1 (1350:1350:1350) (1350:1350:1350)),(INTERCONNECT \$PACKER_GND_DRV.Y bist_counts\[30\]\$LUT\$632.A1 (7739:7739:7739) (7739:7739:7739))
6389.0,6150.0,12539.0,all,,['calibration_fsm'],INTERCONNECT:ddr3_top_inst.ddr3_controller_inst.dqs_start_index_stored[4]$LUT$N.A1,(INTERCONNECT \$PACKER_GND_DRV.Y ddr3_top_inst\.ddr3_controller_inst\.dqs_start_index_stored\[4\]\$LUT\$496.A1 (6150:6150:6150) (6150:6150:6150)),(INTERCONNECT \$PACKER_GND_DRV.Y ddr3_top_inst\.ddr3_controller_inst\.dqs_start_index_stored\[4\]\$LUT\$496.A1 (12539:12539:12539) (12539:12539:12539))
6375.0,4364.0,10739.0,all,,['calibration_fsm'],INTERCONNECT:ddr3_top_inst.o_debug_calib_gate[7]$LUT$N.A1,(INTERCONNECT \$PACKER_GND_DRV.Y ddr3_top_inst\.o_debug_calib_gate\[7\]\$LUT\$806.A1 (4364:4364:4364) (4364:4364:4364)),(INTERCONNECT \$PACKER_GND_DRV.Y ddr3_top_inst\.o_debug_calib_gate\[7\]\$LUT\$806.A1 (10739:10739:10739) (10739:10739:10739))
6361.0,4889.0,11250.0,all,,['calibration_fsm'],INTERCONNECT:ddr3_top_inst.ddr3_controller_inst.calib_addr[5]$LUT$N.A1,(INTERCONNECT \$PACKER_GND_DRV.Y ddr3_top_inst\.ddr3_controller_inst\.calib_addr\[5\]\$LUT\$24.A1 (4889:4889:4889) (4889:4889:4889)),(INTERCONNECT \$PACKER_GND_DRV.Y ddr3_top_inst\.ddr3_controller_inst\.calib_addr\[5\]\$LUT\$24.A1 (11250:11250:11250) (11250:11250:11250))
6359.0,4800.0,11159.0,all,,['calibration_fsm'],INTERCONNECT:ddr3_top_inst.ddr3_controller_inst.calib_addr[16]$LUT$N.A1,(INTERCONNECT \$PACKER_GND_DRV.Y ddr3_top_inst\.ddr3_controller_inst\.calib_addr\[16\]\$LUT\$68.A1 (4800:4800:4800) (4800:4800:4800)),(INTERCONNECT \$PACKER_GND_DRV.Y ddr3_top_inst\.ddr3_controller_inst\.calib_addr\[16\]\$LUT\$68.A1 (11159:11159:11159) (11159:11159:11159))
6330.0,1559.0,7889.0,all,,['other'],INTERCONNECT:bist_counts[10]$LUT$N.A1,(INTERCONNECT \$PACKER_GND_DRV.Y bist_counts\[10\]\$LUT\$552.A1 (1559:1559:1559) (1559:1559:1559)),(INTERCONNECT \$PACKER_GND_DRV.Y bist_counts\[10\]\$LUT\$552.A1 (7889:7889:7889) (7889:7889:7889))
6330.0,1559.0,7889.0,all,,['other'],INTERCONNECT:bist_counts[11]$LUT$N.A1,(INTERCONNECT \$PACKER_GND_DRV.Y bist_counts\[11\]\$LUT\$556.A1 (1559:1559:1559) (1559:1559:1559)),(INTERCONNECT \$PACKER_GND_DRV.Y bist_counts\[11\]\$LUT\$556.A1 (7889:7889:7889) (7889:7889:7889))
6329.0,1440.0,7769.0,all,,['other'],INTERCONNECT:bist_counts[24]$LUT$N.A3,(INTERCONNECT \$PACKER_GND_DRV.Y bist_counts\[24\]\$LUT\$608.A3 (1440:1440:1440) (1440:1440:1440)),(INTERCONNECT \$PACKER_GND_DRV.Y bist_counts\[24\]\$LUT\$608.A3 (7769:7769:7769) (7769:7769:7769))
6329.0,1620.0,7949.0,all,,['other'],INTERCONNECT:bist_counts[3]$LUT$N.A1,(INTERCONNECT \$PACKER_GND_DRV.Y bist_counts\[3\]\$LUT\$524.A1 (1620:1620:1620) (1620:1620:1620)),(INTERCONNECT \$PACKER_GND_DRV.Y bist_counts\[3\]\$LUT\$524.A1 (7949:7949:7949) (7949:7949:7949))
6300.0,4364.0,10664.0,all,,['other'],INTERCONNECT:ddr3_top_inst.ddr3_controller_inst.read_test_address_counter[20]$LUT$N.A1,(INTERCONNECT \$PACKER_GND_DRV.Y ddr3_top_inst\.ddr3_controller_inst\.read_test_address_counter\[20\]\$LUT\$450.A1 (4364:4364:4364) (4364:4364:4364)),(INTERCONNECT \$PACKER_GND_DRV.Y ddr3_top_inst\.ddr3_controller_inst\.read_test_address_counter\[20\]\$LUT\$450.A1 (10664:10664:10664) (10664:10664:10664))
6300.0,4335.0,10635.0,all,,['other'],INTERCONNECT:ddr3_top_inst.ddr3_controller_inst.read_test_address_counter[24]$LUT$N.A1,(INTERCONNECT \$PACKER_GND_DRV.Y ddr3_top_inst\.ddr3_controller_inst\.read_test_address_counter\[24\]\$LUT\$466.A1 (4335:4335:4335) (4335:4335:4335)),(INTERCONNECT \$PACKER_GND_DRV.Y ddr3_top_inst\.ddr3_controller_inst\.read_test_address_counter\[24\]\$LUT\$466.A1 (10635:10635:10635) (10635:10635:10635))
6226.0,6329.0,12555.0,all,,['other'],INTERCONNECT:$abc$$lut$aiger179447$N.A2,(INTERCONNECT \$PACKER_GND_DRV.Y \$abc\$179448\$lut\$aiger179447\$20414.A2 (6329:6329:6329) (6329:6329:6329)),(INTERCONNECT \$PACKER_GND_DRV.Y \$abc\$179448\$lut\$aiger179447\$20414.A2 (12555:12555:12555) (12555:12555:12555))
6225.0,6360.0,12585.0,all,,['other'],INTERCONNECT:$techmap180442$abc$$lut$aiger179447$N.A[0]$LUT$N.A1,(INTERCONNECT \$PACKER_GND_DRV.Y \$techmap180442\$abc\$179448\$lut\$aiger179447\$10062\.A\[0\]\$LUT\$240.A1 (6360:6360:6360) (6360:6360:6360)),(INTERCONNECT \$PACKER_GND_DRV.Y \$techmap180442\$abc\$179448\$lut\$aiger179447\$10062\.A\[0\]\$LUT\$240.A1 (12585:12585:12585) (12585:12585:12585))
6225.0,6360.0,12585.0,all,,['other'],INTERCONNECT:$techmap180444$abc$$lut$aiger179447$N.A[0]$LUT$N.A1,(INTERCONNECT \$PACKER_GND_DRV.Y \$techmap180444\$abc\$179448\$lut\$aiger179447\$10068\.A\[0\]\$LUT\$244.A1 (6360:6360:6360) (6360:6360:6360)),(INTERCONNECT \$PACKER_GND_DRV.Y \$techmap180444\$abc\$179448\$lut\$aiger179447\$10068\.A\[0\]\$LUT\$244.A1 (12585:12585:12585) (12585:12585:12585))
6090.0,5670.0,11760.0,all,,['idelay_control'],INTERCONNECT:ddr3_top_inst.idelay_data_cntvaluein[3]$LUT$N.A1,(INTERCONNECT \$PACKER_GND_DRV.Y ddr3_top_inst\.idelay_data_cntvaluein\[3\]\$LUT\$120.A1 (5670:5670:5670) (5670:5670:5670)),(INTERCONNECT \$PACKER_GND_DRV.Y ddr3_top_inst\.idelay_data_cntvaluein\[3\]\$LUT\$120.A1 (11760:11760:11760) (11760:11760:11760))
6060.0,6389.0,12449.0,all,,['other'],INTERCONNECT:ddr3_top_inst.ddr3_controller_inst.check_test_address_counter[2]$LUT$N.A1,(INTERCONNECT \$PACKER_GND_DRV.Y ddr3_top_inst\.ddr3_controller_inst\.check_test_address_counter\[2\]\$LUT\$776.A1 (6389:6389:6389) (6389:6389:6389)),(INTERCONNECT \$PACKER_GND_DRV.Y ddr3_top_inst\.ddr3_controller_inst\.check_test_address_counter\[2\]\$LUT\$776.A1 (12449:12449:12449) (12449:12449:12449))
6060.0,6389.0,12449.0,all,,['other'],INTERCONNECT:ddr3_top_inst.ddr3_controller_inst.check_test_address_counter[3]$LUT$N.A1,(INTERCONNECT \$PACKER_GND_DRV.Y ddr3_top_inst\.ddr3_controller_inst\.check_test_address_counter\[3\]\$LUT\$780.A1 (6389:6389:6389) (6389:6389:6389)),(INTERCONNECT \$PACKER_GND_DRV.Y ddr3_top_inst\.ddr3_controller_inst\.check_test_address_counter\[3\]\$LUT\$780.A1 (12449:12449:12449) (12449:12449:12449))
6060.0,6360.0,12420.0,all,,['other'],INTERCONNECT:ddr3_top_inst.ddr3_controller_inst.check_test_address_counter[4]$LUT$N.A1,(INTERCONNECT \$PACKER_GND_DRV.Y ddr3_top_inst\.ddr3_controller_inst\.check_test_address_counter\[4\]\$LUT\$784.A1 (6360:6360:6360) (6360:6360:6360)),(INTERCONNECT \$PACKER_GND_DRV.Y ddr3_top_inst\.ddr3_controller_inst\.check_test_address_counter\[4\]\$LUT\$784.A1 (12420:12420:12420) (12420:12420:12420))
6060.0,6360.0,12420.0,all,,['other'],INTERCONNECT:ddr3_top_inst.ddr3_controller_inst.check_test_address_counter[5]$LUT$N.A1,(INTERCONNECT \$PACKER_GND_DRV.Y ddr3_top_inst\.ddr3_controller_inst\.check_test_address_counter\[5\]\$LUT\$788.A1 (6360:6360:6360) (6360:6360:6360)),(INTERCONNECT \$PACKER_GND_DRV.Y ddr3_top_inst\.ddr3_controller_inst\.check_test_address_counter\[5\]\$LUT\$788.A1 (12420:12420:12420) (12420:12420:12420))
5656.0,1784.0,7440.0,all,,['other'],INTERCONNECT:bist_counts[34]$LUT$N.A1,(INTERCONNECT \$PACKER_GND_DRV.Y bist_counts\[34\]\$LUT\$648.A1 (1784:1784:1784) (1784:1784:1784)),(INTERCONNECT \$PACKER_GND_DRV.Y bist_counts\[34\]\$LUT\$648.A1 (7440:7440:7440) (7440:7440:7440))
5656.0,1784.0,7440.0,all,,['other'],INTERCONNECT:bist_counts[35]$LUT$N.A1,(INTERCONNECT \$PACKER_GND_DRV.Y bist_counts\[35\]\$LUT\$652.A1 (1784:1784:1784) (1784:1784:1784)),(INTERCONNECT \$PACKER_GND_DRV.Y bist_counts\[35\]\$LUT\$652.A1 (7440:7440:7440) (7440:7440:7440))
5656.0,1664.0,7320.0,all,,['other'],INTERCONNECT:bist_counts[50]$LUT$N.A1,(INTERCONNECT \$PACKER_GND_DRV.Y bist_counts\[50\]\$LUT\$712.A1 (1664:1664:1664) (1664:1664:1664)),(INTERCONNECT \$PACKER_GND_DRV.Y bist_counts\[50\]\$LUT\$712.A1 (7320:7320:7320) (7320:7320:7320))
5656.0,1664.0,7320.0,all,,['other'],INTERCONNECT:bist_counts[51]$LUT$N.A1,(INTERCONNECT \$PACKER_GND_DRV.Y bist_counts\[51\]\$LUT\$716.A1 (1664:1664:1664) (1664:1664:1664)),(INTERCONNECT \$PACKER_GND_DRV.Y bist_counts\[51\]\$LUT\$716.A1 (7320:7320:7320) (7320:7320:7320))
5655.0,1725.0,7380.0,all,,['other'],INTERCONNECT:bist_counts[40]$LUT$N.A1,(INTERCONNECT \$PACKER_GND_DRV.Y bist_counts\[40\]\$LUT\$672.A1 (1725:1725:1725) (1725:1725:1725)),(INTERCONNECT \$PACKER_GND_DRV.Y bist_counts\[40\]\$LUT\$672.A1 (7380:7380:7380) (7380:7380:7380))
5655.0,1725.0,7380.0,all,,['other'],INTERCONNECT:bist_counts[41]$LUT$N.A1,(INTERCONNECT \$PACKER_GND_DRV.Y bist_counts\[41\]\$LUT\$676.A1 (1725:1725:1725) (1725:1725:1725)),(INTERCONNECT \$PACKER_GND_DRV.Y bist_counts\[41\]\$LUT\$676.A1 (7380:7380:7380) (7380:7380:7380))
5655.0,1634.0,7289.0,all,,['other'],INTERCONNECT:bist_counts[54]$LUT$N.A1,(INTERCONNECT \$PACKER_GND_DRV.Y bist_counts\[54\]\$LUT\$728.A1 (1634:1634:1634) (1634:1634:1634)),(INTERCONNECT \$PACKER_GND_DRV.Y bist_counts\[54\]\$LUT\$728.A1 (7289:7289:7289) (7289:7289:7289))
5640.0,6630.0,12270.0,all,,['other'],INTERCONNECT:$PACKER_GND_NET$LUT$N.A3,(INTERCONNECT \$PACKER_GND_DRV.Y \$PACKER_GND_NET\$LUT\$222.A3 (6630:6630:6630) (6630:6630:6630)),(INTERCONNECT \$PACKER_GND_DRV.Y \$PACKER_GND_NET\$LUT\$222.A3 (12270:12270:12270) (12270:12270:12270))
5640.0,6630.0,12270.0,all,,['other'],INTERCONNECT:$techmap180491$abc$$lut$aiger179447$N.A[3]$LUT$N.A1,(INTERCONNECT \$PACKER_GND_DRV.Y \$techmap180491\$abc\$179448\$lut\$aiger179447\$5830\.A\[3\]\$LUT\$228.A1 (6630:6630:6630) (6630:6630:6630)),(INTERCONNECT \$PACKER_GND_DRV.Y \$techmap180491\$abc\$179448\$lut\$aiger179447\$5830\.A\[3\]\$LUT\$228.A1 (12270:12270:12270) (12270:12270:12270))
5640.0,6630.0,12270.0,all,,['other'],INTERCONNECT:$techmap180493$abc$$lut$aiger179447$N.A[1]$LUT$N.A3,(INTERCONNECT \$PACKER_GND_DRV.Y \$techmap180493\$abc\$179448\$lut\$aiger179447\$5833\.A\[1\]\$LUT\$220.A3 (6630:6630:6630) (6630:6630:6630)),(INTERCONNECT \$PACKER_GND_DRV.Y \$techmap180493\$abc\$179448\$lut\$aiger179447\$5833\.A\[1\]\$LUT\$220.A3 (12270:12270:12270) (12270:12270:12270))
2267.0,150.0,2417.0,all,,['other'],INTERCONNECT:$abc$$lut$flattenddr3_top_inst.ddr3_controller_inst.$procmux$N_Y[6].A2,(INTERCONNECT \$abc\$179448\$lut\$aiger179447\$14982.O6 \$abc\$179448\$lut\$flatten\\ddr3_top_inst\.\\ddr3_controller_inst\.\$procmux\$26139_Y\[6\].A2 (150:150:150) (150:150:150)),(INTERCONNECT \$abc\$179448\$lut\$aiger179447\$6038.O6 \$abc\$179448\$lut\$flatten\\ddr3_top_inst\.\\ddr3_controller_inst\.\$procmux\$26139_Y\[6\].A2 (2417:2417:2417) (2417:2417:2417))
2128.0,241.0,2369.0,all,,['other'],INTERCONNECT:$abc$$lut$flattenddr3_top_inst.ddr3_controller_inst.$procmux$N_Y[10].A3,(INTERCONNECT \$abc\$179448\$lut\$aiger179447\$16260.O6 \$abc\$179448\$lut\$flatten\\ddr3_top_inst\.\\ddr3_controller_inst\.\$procmux\$26130_Y\[10\].A3 (241:241:241) (241:241:241)),(INTERCONNECT \$auto\$ff\.cc\:266\:slice\$43521.Q \$abc\$179448\$lut\$flatten\\ddr3_top_inst\.\\ddr3_controller_inst\.\$procmux\$26139_Y\[10\].A3 (2369:2369:2369) (2369:2369:2369))
2092.0,308.0,2400.0,all,,['other'],INTERCONNECT:$abc$$lutddr3_top_inst.ddr3_controller_inst.bank_active_row_d[4][7].A2,(INTERCONNECT \$auto\$ff\.cc\:266\:slice\$43714.Q \$abc\$179448\$lut\\ddr3_top_inst\.ddr3_controller_inst\.bank_active_row_d\[4\]\[7\].A2 (308:308:308) (308:308:308)),(INTERCONNECT \$abc\$179448\$lut\$aiger179447\$6745.O6 \$abc\$179448\$lut\\ddr3_top_inst\.ddr3_controller_inst\.bank_active_row_d\[4\]\[7\].A2 (2400:2400:2400) (2400:2400:2400))
2069.0,540.0,2609.0,all,,['other'],INTERCONNECT:$abc$$lut$flattenddr3_top_inst.ddr3_controller_inst.$procmux$N_Y[63].A3,(INTERCONNECT \$abc\$179448\$lut\$aiger179447\$19918.O5 \$abc\$179448\$lut\$flatten\\ddr3_top_inst\.\\ddr3_controller_inst\.\$procmux\$26130_Y\[63\].A3 (540:540:540) (540:540:540)),(INTERCONNECT \$auto\$ff\.cc\:266\:slice\$43521.Q \$abc\$179448\$lut\$flatten\\ddr3_top_inst\.\\ddr3_controller_inst\.\$procmux\$26139_Y\[63\].A3 (2609:2609:2609) (2609:2609:2609))
1980.0,150.0,2130.0,all,,['other'],INTERCONNECT:$abc$$lut$flattenddr3_top_inst.ddr3_controller_inst.$procmux$N_Y[26].A5,(INTERCONNECT \$abc\$179448\$lut\$aiger179447\$18336.O6 \$abc\$179448\$lut\$flatten\\ddr3_top_inst\.\\ddr3_controller_inst\.\$procmux\$26139_Y\[26\].A5 (150:150:150) (150:150:150)),(INTERCONNECT \$abc\$179448\$lut\$aiger179447\$6423.O6 \$abc\$179448\$lut\$flatten\\ddr3_top_inst\.\\ddr3_controller_inst\.\$procmux\$26139_Y\[26\].A5 (2130:2130:2130) (2130:2130:2130))
1919.0,0.0,1919.0,all,,['other'],INTERCONNECT:$abc$$lutddr3_top_inst.ddr3_controller_inst.bank_active_row_d[6][5].A2,(INTERCONNECT \$auto\$ff\.cc\:266\:slice\$35750.Q \$abc\$179448\$lut\\ddr3_top_inst\.ddr3_controller_inst\.bank_active_row_d\[6\]\[5\].A2 (0:0:0) (0:0:0)),(INTERCONNECT \$abc\$179448\$lut\$aiger179447\$6873.O6 \$abc\$179448\$lut\\ddr3_top_inst\.ddr3_controller_inst\.bank_active_row_d\[6\]\[5\].A2 (1919:1919:1919) (1919:1919:1919))
1769.0,0.0,1769.0,all,,['other'],INTERCONNECT:$abc$$lutddr3_top_inst.ddr3_controller_inst.bank_active_row_d[5][7].A3,(INTERCONNECT \$auto\$ff\.cc\:266\:slice\$35768.Q \$abc\$179448\$lut\\ddr3_top_inst\.ddr3_controller_inst\.bank_active_row_d\[5\]\[7\].A3 (0:0:0) (0:0:0)),(INTERCONNECT \$abc\$179448\$lut\$aiger179447\$6837.O5 \$abc\$179448\$lut\\ddr3_top_inst\.ddr3_controller_inst\.bank_active_row_d\[5\]\[7\].A3 (1769:1769:1769) (1769:1769:1769))
1710.0,150.0,1860.0,all,,['other'],INTERCONNECT:$abc$$lut$flattenddr3_top_inst.ddr3_phy_inst.$logic_and$rtl/ddr3_phy.v:1135$N_Y.A5,(INTERCONNECT \$auto\$abc9_ops\.cc\:1550\:reintegrate\$180111.O5 \$abc\$179448\$lut\$flatten\\ddr3_top_inst\.\\ddr3_phy_inst\.\$logic_and\$rtl/ddr3_phy\.v\:1135\$7415_Y.A5 (150:150:150) (150:150:150)),(INTERCONNECT \$auto\$ff\.cc\:266\:slice\$42679.Q \$abc\$179448\$lut\$flatten\\ddr3_top_inst\.\\ddr3_phy_inst\.\$logic_and\$rtl/ddr3_phy\.v\:1135\$7415_Y.A5 (1860:1860:1860) (1860:1860:1860))
1695.0,150.0,1845.0,all,,['other'],INTERCONNECT:$abc$$lut$flattenddr3_top_inst.ddr3_controller_inst.$procmux$N_Y[8].A5,(INTERCONNECT \$abc\$179448\$lut\$aiger179447\$15833.O5 \$abc\$179448\$lut\$flatten\\ddr3_top_inst\.\\ddr3_controller_inst\.\$procmux\$26130_Y\[8\].A5 (150:150:150) (150:150:150)),(INTERCONNECT \$abc\$179448\$lut\$aiger179447\$15842.O5 \$abc\$179448\$lut\$flatten\\ddr3_top_inst\.\\ddr3_controller_inst\.\$procmux\$26130_Y\[8\].A5 (1845:1845:1845) (1845:1845:1845))
1680.0,540.0,2220.0,all,,['other'],INTERCONNECT:$abc$$lutddr3_top_inst.ddr3_controller_inst.cmd_d[3][17].A2,(INTERCONNECT \$abc\$179448\$lut\$aiger179447\$15113.O5 \$abc\$179448\$lut\\ddr3_top_inst\.ddr3_controller_inst\.cmd_d\[3\]\[17\].A2 (540:540:540) (540:540:540)),(INTERCONNECT \$auto\$ff\.cc\:266\:slice\$43706.Q \$abc\$179448\$lut\\ddr3_top_inst\.ddr3_controller_inst\.cmd_d\[3\]\[17\].A2 (2220:2220:2220) (2220:2220:2220))
1666.0,584.0,2250.0,all,,['other'],INTERCONNECT:$abc$$lut$flattenddr3_top_inst.ddr3_controller_inst.$procmux$N_Y[20].A1,(INTERCONNECT \$abc\$179448\$lut\$aiger179447\$17701.O5 \$abc\$179448\$lut\$flatten\\ddr3_top_inst\.\\ddr3_controller_inst\.\$procmux\$26139_Y\[20\].A1 (584:584:584) (584:584:584)),(INTERCONNECT \$abc\$179448\$lut\$aiger179447\$6423.O6 \$abc\$179448\$lut\$flatten\\ddr3_top_inst\.\\ddr3_controller_inst\.\$procmux\$26139_Y\[20\].A1 (2250:2250:2250) (2250:2250:2250))
1649.0,0.0,1649.0,all,,['other'],INTERCONNECT:$abc$$lutddr3_top_inst.ddr3_controller_inst.bank_active_row_d[4][2].A1,(INTERCONNECT \$auto\$ff\.cc\:266\:slice\$43786.Q \$abc\$179448\$lut\\ddr3_top_inst\.ddr3_controller_inst\.bank_active_row_d\[4\]\[2\].A1 (0:0:0) (0:0:0)),(INTERCONNECT \$auto\$ff\.cc\:266\:slice\$43685.Q \$abc\$179448\$lut\\ddr3_top_inst\.ddr3_controller_inst\.bank_active_row_d\[4\]\[2\].A1 (1649:1649:1649) (1649:1649:1649))
1643.0,442.0,2085.0,all,,['other'],INTERCONNECT:$abc$$lut$flattenddr3_top_inst.ddr3_controller_inst.$shiftx$rtl/ddr3_controller.v:0$N.buffer[65].A2,(INTERCONNECT \$auto\$ff\.cc\:266\:slice\$42960.Q \$abc\$179448\$lut\$flatten\\ddr3_top_inst\.\\ddr3_controller_inst\.\$shiftx\$rtl/ddr3_controller\.v\:0\$9080\.buffer\[65\].A2 (442:442:442) (442:442:442)),(INTERCONNECT \$auto\$ff\.cc\:266\:slice\$42952.Q \$abc\$179448\$lut\$flatten\\ddr3_top_inst\.\\ddr3_controller_inst\.\$shiftx\$rtl/ddr3_controller\.v\:0\$9080\.buffer\[65\].A2 (2085:2085:2085) (2085:2085:2085))
1636.0,298.0,1934.0,all,,['other'],INTERCONNECT:$abc$$lutddr3_top_inst.ddr3_controller_inst.o_wb_data[53].A2,(INTERCONNECT \$auto\$ff\.cc\:266\:slice\$43407.Q \$abc\$179448\$lut\\ddr3_top_inst\.ddr3_controller_inst\.o_wb_data\[53\].A2 (298:298:298) (298:298:298)),(INTERCONNECT \$auto\$ff\.cc\:266\:slice\$43369.Q \$abc\$179448\$lut\\ddr3_top_inst\.ddr3_controller_inst\.o_wb_data\[53\].A2 (1934:1934:1934) (1934:1934:1934))
1621.0,1019.0,2640.0,all,,['other'],INTERCONNECT:$abc$$lut$flattenddr3_top_inst.ddr3_controller_inst.$shiftx$rtl/ddr3_controller.v:0$N.buffer[36].A2,(INTERCONNECT \$auto\$ff\.cc\:266\:slice\$42932.Q \$abc\$179448\$lut\$flatten\\ddr3_top_inst\.\\ddr3_controller_inst\.\$shiftx\$rtl/ddr3_controller\.v\:0\$9080\.buffer\[36\].A2 (1019:1019:1019) (1019:1019:1019)),(INTERCONNECT \$auto\$ff\.cc\:266\:slice\$42761.Q \$abc\$179448\$lut\$flatten\\ddr3_top_inst\.\\ddr3_controller_inst\.\$shiftx\$rtl/ddr3_controller\.v\:0\$9080\.buffer\[36\].A2 (2640:2640:2640) (2640:2640:2640))
