feature_a,feature_b,n_pass,n_fail,auc_pair_score_fail_higher,auc_best,fail_minus_pass_median_score
cntvaluein_bus_skew__idelay_dqs_cntvaluein__lane0__dqs0__ctrl_none__dqs0__value_ps,cntvaluein_bus_skew__idelay_data_cntvaluein__lane1__dq15__ctrl_none__dq15__value_ps,22,8,0.903409,0.903409,286.0
lane_spread__idelay_dqs_cntvaluein__lane0__no_bit__ctrl_none__lane__value_ps,cntvaluein_bus_skew__idelay_data_cntvaluein__lane1__dq15__ctrl_none__dq15__value_ps,22,8,0.903409,0.903409,286.0
cntvaluein_bus_skew__idelay_dqs_cntvaluein__lane0__dqs0__ctrl_none__dqs0__value_ps,cntvaluein_bus_skew__idelay_data_cntvaluein__lane1__dq9__ctrl_none__dq9__value_ps,22,8,0.863636,0.863636,374.5
lane_spread__idelay_dqs_cntvaluein__lane0__no_bit__ctrl_none__lane__value_ps,cntvaluein_bus_skew__idelay_data_cntvaluein__lane1__dq9__ctrl_none__dq9__value_ps,22,8,0.863636,0.863636,374.5
control_fanout_spread__idelay_data_cntvaluein__lane0__no_bit__ctrl_4__lane_control_bit__value_ps,direct_max__idelay_ld__lane0__dq6__ctrl_none__endpoint__value_ps,22,8,0.857955,0.857955,321.0
cntvaluein_bus_skew__idelay_dqs_cntvaluein__lane0__dqs0__ctrl_none__dqs0__value_ps,cntvaluein_bus_skew__idelay_data_cntvaluein__lane1__dq13__ctrl_none__dq13__value_ps,22,8,0.855114,0.855114,376.0
lane_spread__idelay_dqs_cntvaluein__lane0__no_bit__ctrl_none__lane__value_ps,cntvaluein_bus_skew__idelay_data_cntvaluein__lane1__dq13__ctrl_none__dq13__value_ps,22,8,0.855114,0.855114,376.0
control_fanout_spread__idelay_data_cntvaluein__lane1__no_bit__ctrl_4__lane_control_bit__value_ps,control_fanout_spread__idelay_data_cntvaluein__lane0__no_bit__ctrl_1__lane_control_bit__value_ps,22,8,0.826705,0.826705,195.5
cntvaluein_bus_skew__idelay_dqs_cntvaluein__lane0__dqs0__ctrl_none__dqs0__value_ps,control_fanout_spread__idelay_data_cntvaluein__lane0__no_bit__ctrl_4__lane_control_bit__value_ps,22,8,0.8125,0.8125,438.0
lane_spread__idelay_dqs_cntvaluein__lane0__no_bit__ctrl_none__lane__value_ps,control_fanout_spread__idelay_data_cntvaluein__lane0__no_bit__ctrl_4__lane_control_bit__value_ps,22,8,0.8125,0.8125,438.0
control_fanout_spread__idelay_data_cntvaluein__lane0__no_bit__ctrl_4__lane_control_bit__value_ps,cntvaluein_bus_skew__idelay_data_cntvaluein__lane1__dq9__ctrl_none__dq9__value_ps,22,8,0.8125,0.8125,288.0
control_fanout_spread__idelay_data_cntvaluein__lane0__no_bit__ctrl_4__lane_control_bit__value_ps,cntvaluein_bus_skew__idelay_data_cntvaluein__lane1__dq15__ctrl_none__dq15__value_ps,22,8,0.806818,0.806818,167.0
cntvaluein_bus_skew__idelay_dqs_cntvaluein__lane0__dqs0__ctrl_none__dqs0__value_ps,control_fanout_spread__idelay_data_cntvaluein__lane0__no_bit__ctrl_3__lane_control_bit__value_ps,22,8,0.801136,0.801136,371.0
lane_spread__idelay_dqs_cntvaluein__lane0__no_bit__ctrl_none__lane__value_ps,control_fanout_spread__idelay_data_cntvaluein__lane0__no_bit__ctrl_3__lane_control_bit__value_ps,22,8,0.801136,0.801136,371.0
control_fanout_spread__idelay_data_cntvaluein__lane0__no_bit__ctrl_1__lane_control_bit__value_ps,control_fanout_spread__idelay_data_cntvaluein__lane0__no_bit__ctrl_3__lane_control_bit__value_ps,22,8,0.801136,0.801136,203.5
cntvaluein_bus_skew__idelay_dqs_cntvaluein__lane0__dqs0__ctrl_none__dqs0__value_ps,control_fanout_spread__idelay_data_cntvaluein__lane1__no_bit__ctrl_4__lane_control_bit__value_ps,22,8,0.795455,0.795455,416.5
lane_spread__idelay_dqs_cntvaluein__lane0__no_bit__ctrl_none__lane__value_ps,control_fanout_spread__idelay_data_cntvaluein__lane1__no_bit__ctrl_4__lane_control_bit__value_ps,22,8,0.795455,0.795455,416.5
cntvaluein_bus_skew__idelay_dqs_cntvaluein__lane0__dqs0__ctrl_none__dqs0__value_ps,control_fanout_spread__idelay_data_cntvaluein__lane0__no_bit__ctrl_1__lane_control_bit__value_ps,22,8,0.795455,0.795455,328.0
lane_spread__idelay_dqs_cntvaluein__lane0__no_bit__ctrl_none__lane__value_ps,control_fanout_spread__idelay_data_cntvaluein__lane0__no_bit__ctrl_1__lane_control_bit__value_ps,22,8,0.795455,0.795455,328.0
control_fanout_spread__idelay_data_cntvaluein__lane0__no_bit__ctrl_4__lane_control_bit__value_ps,control_fanout_spread__idelay_data_cntvaluein__lane0__no_bit__ctrl_3__lane_control_bit__value_ps,22,8,0.795455,0.795455,227.0
control_fanout_spread__idelay_data_cntvaluein__lane0__no_bit__ctrl_4__lane_control_bit__value_ps,control_fanout_spread__idelay_data_cntvaluein__lane0__no_bit__ctrl_1__lane_control_bit__value_ps,22,8,0.795455,0.795455,224.0
control_fanout_spread__idelay_data_cntvaluein__lane1__no_bit__ctrl_4__lane_control_bit__value_ps,control_fanout_spread__idelay_data_cntvaluein__lane0__no_bit__ctrl_4__lane_control_bit__value_ps,22,8,0.795455,0.795455,218.0
cntvaluein_bus_skew__idelay_dqs_cntvaluein__lane0__dqs0__ctrl_none__dqs0__value_ps,direct_max__idelay_ld__lane0__dq6__ctrl_none__endpoint__value_ps,22,8,0.789773,0.789773,475.5
lane_spread__idelay_dqs_cntvaluein__lane0__no_bit__ctrl_none__lane__value_ps,direct_max__idelay_ld__lane0__dq6__ctrl_none__endpoint__value_ps,22,8,0.789773,0.789773,475.5
cntvaluein_bus_skew__idelay_data_cntvaluein__lane1__dq9__ctrl_none__dq9__value_ps,direct_max__idelay_data_cntvaluein__lane0__dq5__ctrl_4__endpoint__value_ps,22,8,0.789773,0.789773,458.0
cntvaluein_bus_skew__idelay_data_cntvaluein__lane1__dq13__ctrl_none__dq13__value_ps,control_fanout_spread__idelay_data_cntvaluein__lane0__no_bit__ctrl_4__lane_control_bit__value_ps,22,8,0.789773,0.789773,216.0
cntvaluein_bus_skew__idelay_dqs_cntvaluein__lane0__dqs0__ctrl_none__dqs0__value_ps,direct_max__idelay_data_cntvaluein__lane1__dq9__ctrl_3__endpoint__value_ps,22,8,0.784091,0.784091,381.5
lane_spread__idelay_dqs_cntvaluein__lane0__no_bit__ctrl_none__lane__value_ps,direct_max__idelay_data_cntvaluein__lane1__dq9__ctrl_3__endpoint__value_ps,22,8,0.784091,0.784091,381.5
control_fanout_spread__idelay_data_cntvaluein__lane0__no_bit__ctrl_1__lane_control_bit__value_ps,direct_max__idelay_data_cntvaluein__lane1__dq8__ctrl_4__endpoint__value_ps,22,8,0.784091,0.784091,375.0
control_fanout_spread__idelay_data_cntvaluein__lane0__no_bit__ctrl_1__lane_control_bit__value_ps,direct_max__idelay_data_cntvaluein__lane1__dq11__ctrl_4__endpoint__value_ps,22,8,0.784091,0.784091,353.0
control_fanout_spread__idelay_data_cntvaluein__lane1__no_bit__ctrl_4__lane_control_bit__value_ps,cntvaluein_bus_skew__idelay_data_cntvaluein__lane1__dq9__ctrl_none__dq9__value_ps,22,8,0.784091,0.784091,222.5
control_fanout_spread__idelay_data_cntvaluein__lane0__no_bit__ctrl_1__lane_control_bit__value_ps,cntvaluein_bus_skew__idelay_data_cntvaluein__lane1__dq9__ctrl_none__dq9__value_ps,22,8,0.784091,0.784091,211.5
direct_max__idelay_ld__lane0__dq2__ctrl_none__endpoint__value_ps,cntvaluein_bus_skew__idelay_data_cntvaluein__lane1__dq15__ctrl_none__dq15__value_ps,22,8,0.784091,0.784091,209.0
direct_max__idelay_ld__lane0__dq6__ctrl_none__endpoint__value_ps,control_fanout_spread__idelay_data_cntvaluein__lane0__no_bit__ctrl_3__lane_control_bit__value_ps,22,8,0.78125,0.78125,238.5
cntvaluein_bus_skew__idelay_data_cntvaluein__lane1__dq9__ctrl_none__dq9__value_ps,direct_max__idelay_data_cntvaluein__lane0__dq3__ctrl_4__endpoint__value_ps,22,8,0.778409,0.778409,398.0
direct_max__idelay_data_cntvaluein__lane0__dq3__ctrl_4__endpoint__value_ps,direct_max__idelay_data_cntvaluein__lane1__dq9__ctrl_3__endpoint__value_ps,22,8,0.778409,0.778409,325.0
direct_max__idelay_ld__lane0__dq6__ctrl_none__endpoint__value_ps,cntvaluein_bus_skew__idelay_data_cntvaluein__lane1__dq9__ctrl_none__dq9__value_ps,22,8,0.778409,0.778409,305.0
control_fanout_spread__idelay_data_cntvaluein__lane0__no_bit__ctrl_1__lane_control_bit__value_ps,direct_max__dq_iologic__lane1__dq11__ctrl_none__endpoint__value_ps,22,8,0.778409,0.778409,284.5
control_fanout_spread__idelay_data_cntvaluein__lane0__no_bit__ctrl_4__lane_control_bit__value_ps,direct_max__idelay_data_cntvaluein__lane1__dq8__ctrl_4__endpoint__value_ps,22,8,0.778409,0.778409,280.5
cntvaluein_bus_skew__idelay_dqs_cntvaluein__lane0__dqs0__ctrl_none__dqs0__value_ps,direct_max__idelay_ld__lane0__dq7__ctrl_none__endpoint__value_ps,22,8,0.778409,0.778409,248.5
lane_spread__idelay_dqs_cntvaluein__lane0__no_bit__ctrl_none__lane__value_ps,direct_max__idelay_ld__lane0__dq7__ctrl_none__endpoint__value_ps,22,8,0.778409,0.778409,248.5
direct_max__idelay_data_cntvaluein__lane0__dq5__ctrl_4__endpoint__value_ps,cntvaluein_bus_skew__idelay_data_cntvaluein__lane1__dq15__ctrl_none__dq15__value_ps,22,8,0.775568,0.775568,424.0
cntvaluein_bus_skew__idelay_dqs_cntvaluein__lane0__dqs0__ctrl_none__dqs0__value_ps,direct_max__idelay_data_cntvaluein__lane0__dq5__ctrl_4__endpoint__value_ps,22,8,0.772727,0.772727,578.5
lane_spread__idelay_dqs_cntvaluein__lane0__no_bit__ctrl_none__lane__value_ps,direct_max__idelay_data_cntvaluein__lane0__dq5__ctrl_4__endpoint__value_ps,22,8,0.772727,0.772727,578.5
control_fanout_spread__idelay_data_cntvaluein__lane0__no_bit__ctrl_1__lane_control_bit__value_ps,direct_max__idelay_data_cntvaluein__lane1__dq14__ctrl_4__endpoint__value_ps,22,8,0.772727,0.772727,328.0
control_fanout_spread__idelay_data_cntvaluein__lane1__no_bit__ctrl_4__lane_control_bit__value_ps,direct_max__idelay_ld__lane0__dq6__ctrl_none__endpoint__value_ps,22,8,0.772727,0.772727,318.5
direct_max__idelay_data_cntvaluein__lane1__dq9__ctrl_3__endpoint__value_ps,direct_max__dq_iologic__lane1__dq11__ctrl_none__endpoint__value_ps,22,8,0.772727,0.772727,283.0
direct_max__idelay_ld__lane0__dq2__ctrl_none__endpoint__value_ps,control_fanout_spread__idelay_data_cntvaluein__lane0__no_bit__ctrl_3__lane_control_bit__value_ps,22,8,0.772727,0.772727,234.0
control_fanout_spread__idelay_data_cntvaluein__lane1__no_bit__ctrl_4__lane_control_bit__value_ps,direct_max__idelay_dqs_cntvaluein__lane1__dqs1__ctrl_0__endpoint__value_ps,22,8,0.772727,0.772727,144.0
cntvaluein_bus_skew__idelay_dqs_cntvaluein__lane0__dqs0__ctrl_none__dqs0__value_ps,direct_max__idelay_data_cntvaluein__lane0__dq3__ctrl_4__endpoint__value_ps,22,8,0.767045,0.767045,546.0
lane_spread__idelay_dqs_cntvaluein__lane0__no_bit__ctrl_none__lane__value_ps,direct_max__idelay_data_cntvaluein__lane0__dq3__ctrl_4__endpoint__value_ps,22,8,0.767045,0.767045,546.0
cntvaluein_bus_skew__idelay_data_cntvaluein__lane1__dq9__ctrl_none__dq9__value_ps,direct_max__idelay_data_cntvaluein__lane1__dq11__ctrl_4__endpoint__value_ps,22,8,0.767045,0.767045,389.0
direct_max__idelay_data_cntvaluein__lane0__dq3__ctrl_4__endpoint__value_ps,cntvaluein_bus_skew__idelay_data_cntvaluein__lane1__dq15__ctrl_none__dq15__value_ps,22,8,0.767045,0.767045,349.5
control_fanout_spread__idelay_data_cntvaluein__lane0__no_bit__ctrl_4__lane_control_bit__value_ps,direct_max__idelay_data_cntvaluein__lane1__dq11__ctrl_4__endpoint__value_ps,22,8,0.767045,0.767045,264.5
cntvaluein_bus_skew__idelay_data_cntvaluein__lane1__dq9__ctrl_none__dq9__value_ps,direct_max__idelay_ld__lane0__dq2__ctrl_none__endpoint__value_ps,22,8,0.767045,0.767045,233.5
direct_max__idelay_ld__lane0__dq6__ctrl_none__endpoint__value_ps,direct_max__idelay_data_cntvaluein__lane0__dq5__ctrl_4__endpoint__value_ps,22,8,0.761364,0.761364,409.0
cntvaluein_bus_skew__idelay_data_cntvaluein__lane1__dq9__ctrl_none__dq9__value_ps,direct_max__idelay_data_cntvaluein__lane1__dq14__ctrl_4__endpoint__value_ps,22,8,0.761364,0.761364,407.0
direct_max__idelay_data_cntvaluein__lane0__dq5__ctrl_4__endpoint__value_ps,direct_max__idelay_data_cntvaluein__lane1__dq9__ctrl_3__endpoint__value_ps,22,8,0.761364,0.761364,384.0
control_fanout_spread__idelay_data_cntvaluein__lane1__no_bit__ctrl_4__lane_control_bit__value_ps,direct_max__idelay_data_cntvaluein__lane1__dq11__ctrl_4__endpoint__value_ps,22,8,0.761364,0.761364,303.5
direct_max__idelay_ld__lane0__dq6__ctrl_none__endpoint__value_ps,direct_max__idelay_data_cntvaluein__lane1__dq11__ctrl_1__endpoint__value_ps,22,8,0.761364,0.761364,303.0
control_fanout_spread__idelay_data_cntvaluein__lane0__no_bit__ctrl_1__lane_control_bit__value_ps,cntvaluein_bus_skew__idelay_data_cntvaluein__lane1__dq15__ctrl_none__dq15__value_ps,22,8,0.761364,0.761364,221.0
cntvaluein_bus_skew__idelay_data_cntvaluein__lane1__dq13__ctrl_none__dq13__value_ps,control_fanout_spread__idelay_data_cntvaluein__lane0__no_bit__ctrl_1__lane_control_bit__value_ps,22,8,0.761364,0.761364,208.5
control_fanout_spread__idelay_data_cntvaluein__lane1__no_bit__ctrl_4__lane_control_bit__value_ps,control_fanout_spread__idelay_data_cntvaluein__lane0__no_bit__ctrl_3__lane_control_bit__value_ps,22,8,0.761364,0.761364,201.5
cntvaluein_bus_skew__idelay_dqs_cntvaluein__lane0__dqs0__ctrl_none__dqs0__value_ps,direct_max__idelay_data_cntvaluein__lane1__dq11__ctrl_1__endpoint__value_ps,22,8,0.755682,0.755682,439.0
lane_spread__idelay_dqs_cntvaluein__lane0__no_bit__ctrl_none__lane__value_ps,direct_max__idelay_data_cntvaluein__lane1__dq11__ctrl_1__endpoint__value_ps,22,8,0.755682,0.755682,439.0
cntvaluein_bus_skew__idelay_dqs_cntvaluein__lane0__dqs0__ctrl_none__dqs0__value_ps,direct_max__idelay_data_cntvaluein__lane1__dq14__ctrl_4__endpoint__value_ps,22,8,0.755682,0.755682,411.0
lane_spread__idelay_dqs_cntvaluein__lane0__no_bit__ctrl_none__lane__value_ps,direct_max__idelay_data_cntvaluein__lane1__dq14__ctrl_4__endpoint__value_ps,22,8,0.755682,0.755682,411.0
cntvaluein_bus_skew__idelay_dqs_cntvaluein__lane0__dqs0__ctrl_none__dqs0__value_ps,direct_max__idelay_data_cntvaluein__lane0__dq3__ctrl_1__endpoint__value_ps,22,8,0.755682,0.755682,391.0
lane_spread__idelay_dqs_cntvaluein__lane0__no_bit__ctrl_none__lane__value_ps,direct_max__idelay_data_cntvaluein__lane0__dq3__ctrl_1__endpoint__value_ps,22,8,0.755682,0.755682,391.0
control_fanout_spread__idelay_data_cntvaluein__lane0__no_bit__ctrl_4__lane_control_bit__value_ps,direct_max__dq_iologic__lane1__dq11__ctrl_none__endpoint__value_ps,22,8,0.755682,0.755682,378.5
cntvaluein_bus_skew__idelay_data_cntvaluein__lane1__dq9__ctrl_none__dq9__value_ps,direct_max__idelay_data_cntvaluein__lane1__dq8__ctrl_4__endpoint__value_ps,22,8,0.755682,0.755682,362.0
cntvaluein_bus_skew__idelay_dqs_cntvaluein__lane0__dqs0__ctrl_none__dqs0__value_ps,direct_max__idelay_data_cntvaluein__lane1__dq11__ctrl_4__endpoint__value_ps,22,8,0.755682,0.755682,356.5
lane_spread__idelay_dqs_cntvaluein__lane0__no_bit__ctrl_none__lane__value_ps,direct_max__idelay_data_cntvaluein__lane1__dq11__ctrl_4__endpoint__value_ps,22,8,0.755682,0.755682,356.5
cntvaluein_bus_skew__idelay_dqs_cntvaluein__lane0__dqs0__ctrl_none__dqs0__value_ps,direct_max__idelay_data_cntvaluein__lane1__dq8__ctrl_4__endpoint__value_ps,22,8,0.755682,0.755682,335.0
lane_spread__idelay_dqs_cntvaluein__lane0__no_bit__ctrl_none__lane__value_ps,direct_max__idelay_data_cntvaluein__lane1__dq8__ctrl_4__endpoint__value_ps,22,8,0.755682,0.755682,335.0
control_fanout_spread__idelay_data_cntvaluein__lane0__no_bit__ctrl_4__lane_control_bit__value_ps,direct_max__idelay_data_cntvaluein__lane1__dq14__ctrl_4__endpoint__value_ps,22,8,0.755682,0.755682,326.0
cntvaluein_bus_skew__idelay_data_cntvaluein__lane1__dq13__ctrl_none__dq13__value_ps,cntvaluein_bus_skew__idelay_data_cntvaluein__lane1__dq9__ctrl_none__dq9__value_ps,22,8,0.755682,0.755682,295.5
direct_max__idelay_ld__lane0__dq6__ctrl_none__endpoint__value_ps,control_fanout_spread__idelay_data_cntvaluein__lane0__no_bit__ctrl_1__lane_control_bit__value_ps,22,8,0.755682,0.755682,276.5
direct_max__idelay_ld__lane0__dq7__ctrl_none__endpoint__value_ps,direct_max__idelay_data_cntvaluein__lane0__dq3__ctrl_1__endpoint__value_ps,22,8,0.755682,0.755682,264.0
cntvaluein_bus_skew__idelay_data_cntvaluein__lane1__dq13__ctrl_none__dq13__value_ps,control_fanout_spread__idelay_data_cntvaluein__lane0__no_bit__ctrl_3__lane_control_bit__value_ps,22,8,0.755682,0.755682,192.0
cntvaluein_bus_skew__idelay_dqs_cntvaluein__lane0__dqs0__ctrl_none__dqs0__value_ps,lane_spread__idelay_dqs_cntvaluein__lane0__no_bit__ctrl_none__lane__value_ps,22,8,0.75,0.75,610.0
control_fanout_spread__idelay_data_cntvaluein__lane0__no_bit__ctrl_1__lane_control_bit__value_ps,direct_max__idelay_data_cntvaluein__lane0__dq5__ctrl_4__endpoint__value_ps,22,8,0.75,0.75,390.0
cntvaluein_bus_skew__idelay_data_cntvaluein__lane1__dq13__ctrl_none__dq13__value_ps,direct_max__idelay_dqs_cntvaluein__lane1__dqs1__ctrl_0__endpoint__value_ps,22,8,0.75,0.75,349.0
direct_max__idelay_ld__lane0__dq6__ctrl_none__endpoint__value_ps,direct_max__idelay_data_cntvaluein__lane1__dq11__ctrl_4__endpoint__value_ps,22,8,0.75,0.75,348.5
direct_max__idelay_ld__lane0__dq6__ctrl_none__endpoint__value_ps,cntvaluein_bus_skew__idelay_data_cntvaluein__lane1__dq15__ctrl_none__dq15__value_ps,22,8,0.75,0.75,331.0
control_fanout_spread__idelay_data_cntvaluein__lane0__no_bit__ctrl_3__lane_control_bit__value_ps,direct_max__idelay_data_cntvaluein__lane1__dq11__ctrl_1__endpoint__value_ps,22,8,0.75,0.75,215.0
cntvaluein_bus_skew__idelay_dqs_cntvaluein__lane0__dqs0__ctrl_none__dqs0__value_ps,direct_max__idelay_dqs_cntvaluein__lane1__dqs1__ctrl_0__endpoint__value_ps,22,8,0.75,0.75,182.5
lane_spread__idelay_dqs_cntvaluein__lane0__no_bit__ctrl_none__lane__value_ps,direct_max__idelay_dqs_cntvaluein__lane1__dqs1__ctrl_0__endpoint__value_ps,22,8,0.75,0.75,182.5
control_fanout_spread__idelay_data_cntvaluein__lane1__no_bit__ctrl_4__lane_control_bit__value_ps,cntvaluein_bus_skew__idelay_data_cntvaluein__lane1__dq15__ctrl_none__dq15__value_ps,22,8,0.75,0.75,180.5
control_fanout_spread__idelay_data_cntvaluein__lane1__no_bit__ctrl_4__lane_control_bit__value_ps,direct_max__idelay_data_cntvaluein__lane0__dq5__ctrl_4__endpoint__value_ps,22,8,0.744318,0.744318,489.5
direct_max__idelay_ld__lane0__dq6__ctrl_none__endpoint__value_ps,direct_max__dq_iologic__lane1__dq11__ctrl_none__endpoint__value_ps,22,8,0.744318,0.744318,311.0
control_fanout_spread__idelay_data_cntvaluein__lane0__no_bit__ctrl_1__lane_control_bit__value_ps,direct_max__idelay_dqs_cntvaluein__lane1__dqs1__ctrl_0__endpoint__value_ps,22,8,0.744318,0.744318,276.5
control_fanout_spread__idelay_data_cntvaluein__lane1__no_bit__ctrl_4__lane_control_bit__value_ps,cntvaluein_bus_skew__idelay_data_cntvaluein__lane1__dq13__ctrl_none__dq13__value_ps,22,8,0.744318,0.744318,215.0
cntvaluein_bus_skew__idelay_data_cntvaluein__lane1__dq13__ctrl_none__dq13__value_ps,cntvaluein_bus_skew__idelay_data_cntvaluein__lane1__dq15__ctrl_none__dq15__value_ps,22,8,0.744318,0.744318,205.5
direct_max__idelay_data_cntvaluein__lane1__dq14__ctrl_4__endpoint__value_ps,direct_max__idelay_data_cntvaluein__lane1__dq9__ctrl_3__endpoint__value_ps,22,8,0.744318,0.744318,202.0
cntvaluein_bus_skew__idelay_dqs_cntvaluein__lane0__dqs0__ctrl_none__dqs0__value_ps,direct_max__dq_iologic__lane1__dq11__ctrl_none__endpoint__value_ps,22,8,0.744318,0.744318,167.0
lane_spread__idelay_dqs_cntvaluein__lane0__no_bit__ctrl_none__lane__value_ps,direct_max__dq_iologic__lane1__dq11__ctrl_none__endpoint__value_ps,22,8,0.744318,0.744318,167.0
cntvaluein_bus_skew__idelay_data_cntvaluein__lane1__dq13__ctrl_none__dq13__value_ps,direct_max__idelay_data_cntvaluein__lane0__dq5__ctrl_4__endpoint__value_ps,22,8,0.738636,0.738636,525.5
cntvaluein_bus_skew__idelay_data_cntvaluein__lane1__dq13__ctrl_none__dq13__value_ps,direct_max__idelay_data_cntvaluein__lane0__dq3__ctrl_4__endpoint__value_ps,22,8,0.738636,0.738636,466.5
control_fanout_spread__idelay_data_cntvaluein__lane0__no_bit__ctrl_1__lane_control_bit__value_ps,direct_max__idelay_data_cntvaluein__lane0__dq3__ctrl_4__endpoint__value_ps,22,8,0.738636,0.738636,387.5
direct_max__idelay_ld__lane0__dq6__ctrl_none__endpoint__value_ps,direct_max__idelay_data_cntvaluein__lane1__dq13__ctrl_4__endpoint__value_ps,22,8,0.738636,0.738636,327.0
direct_max__idelay_ld__lane0__dq6__ctrl_none__endpoint__value_ps,direct_max__idelay_data_cntvaluein__lane0__dq3__ctrl_1__endpoint__value_ps,22,8,0.738636,0.738636,326.0
control_fanout_spread__idelay_data_cntvaluein__lane1__no_bit__ctrl_4__lane_control_bit__value_ps,direct_max__idelay_ld__lane0__dq2__ctrl_none__endpoint__value_ps,22,8,0.738636,0.738636,325.5
direct_max__idelay_ld__lane0__dq6__ctrl_none__endpoint__value_ps,direct_max__idelay_data_cntvaluein__lane0__dq5__ctrl_1__endpoint__value_ps,22,8,0.738636,0.738636,320.5
direct_max__idelay_data_cntvaluein__lane1__dq11__ctrl_4__endpoint__value_ps,direct_max__idelay_data_cntvaluein__lane1__dq9__ctrl_3__endpoint__value_ps,22,8,0.738636,0.738636,316.5
direct_max__idelay_dqs_cntvaluein__lane1__dqs1__ctrl_0__endpoint__value_ps,direct_max__dq_iologic__lane1__dq11__ctrl_none__endpoint__value_ps,22,8,0.738636,0.738636,303.0
cntvaluein_bus_skew__idelay_data_cntvaluein__lane1__dq9__ctrl_none__dq9__value_ps,control_fanout_spread__idelay_data_cntvaluein__lane0__no_bit__ctrl_3__lane_control_bit__value_ps,22,8,0.738636,0.738636,261.0
direct_max__idelay_data_cntvaluein__lane1__dq11__ctrl_1__endpoint__value_ps,direct_max__idelay_ld__lane0__dq7__ctrl_none__endpoint__value_ps,22,8,0.738636,0.738636,243.5
control_fanout_spread__idelay_data_cntvaluein__lane0__no_bit__ctrl_4__lane_control_bit__value_ps,direct_max__idelay_data_cntvaluein__lane1__dq9__ctrl_3__endpoint__value_ps,22,8,0.738636,0.738636,232.5
cntvaluein_bus_skew__idelay_data_cntvaluein__lane1__dq15__ctrl_none__dq15__value_ps,direct_max__idelay_ld__lane0__dq7__ctrl_none__endpoint__value_ps,22,8,0.738636,0.738636,203.5
cntvaluein_bus_skew__idelay_data_cntvaluein__lane1__dq9__ctrl_none__dq9__value_ps,direct_max__idelay_ld__lane0__dq7__ctrl_none__endpoint__value_ps,22,8,0.738636,0.738636,198.0
control_fanout_spread__idelay_data_cntvaluein__lane0__no_bit__ctrl_3__lane_control_bit__value_ps,direct_max__idelay_data_cntvaluein__lane0__dq5__ctrl_1__endpoint__value_ps,22,8,0.735795,0.735795,225.5
control_fanout_spread__idelay_data_cntvaluein__lane1__no_bit__ctrl_4__lane_control_bit__value_ps,direct_max__idelay_data_cntvaluein__lane0__dq3__ctrl_4__endpoint__value_ps,22,8,0.732955,0.732955,508.0
control_fanout_spread__idelay_data_cntvaluein__lane0__no_bit__ctrl_4__lane_control_bit__value_ps,direct_max__idelay_data_cntvaluein__lane0__dq5__ctrl_4__endpoint__value_ps,22,8,0.732955,0.732955,429.0
direct_max__idelay_data_cntvaluein__lane0__dq5__ctrl_4__endpoint__value_ps,control_fanout_spread__idelay_data_cntvaluein__lane0__no_bit__ctrl_3__lane_control_bit__value_ps,22,8,0.732955,0.732955,403.0
cntvaluein_bus_skew__idelay_dqs_cntvaluein__lane0__dqs0__ctrl_none__dqs0__value_ps,direct_max__idelay_ld__lane0__dq2__ctrl_none__endpoint__value_ps,22,8,0.732955,0.732955,374.0
lane_spread__idelay_dqs_cntvaluein__lane0__no_bit__ctrl_none__lane__value_ps,direct_max__idelay_ld__lane0__dq2__ctrl_none__endpoint__value_ps,22,8,0.732955,0.732955,374.0
cntvaluein_bus_skew__idelay_dqs_cntvaluein__lane0__dqs0__ctrl_none__dqs0__value_ps,direct_max__idelay_data_cntvaluein__lane0__dq5__ctrl_1__endpoint__value_ps,22,8,0.732955,0.732955,348.0
lane_spread__idelay_dqs_cntvaluein__lane0__no_bit__ctrl_none__lane__value_ps,direct_max__idelay_data_cntvaluein__lane0__dq5__ctrl_1__endpoint__value_ps,22,8,0.732955,0.732955,348.0
control_fanout_spread__idelay_data_cntvaluein__lane0__no_bit__ctrl_4__lane_control_bit__value_ps,direct_max__idelay_data_cntvaluein__lane0__dq3__ctrl_4__endpoint__value_ps,22,8,0.732955,0.732955,347.0
direct_max__idelay_data_cntvaluein__lane1__dq14__ctrl_4__endpoint__value_ps,direct_max__idelay_data_cntvaluein__lane1__dq11__ctrl_1__endpoint__value_ps,22,8,0.732955,0.732955,324.0
direct_max__idelay_data_cntvaluein__lane1__dq11__ctrl_4__endpoint__value_ps,cntvaluein_bus_skew__idelay_data_cntvaluein__lane1__dq15__ctrl_none__dq15__value_ps,22,8,0.732955,0.732955,291.5
cntvaluein_bus_skew__idelay_data_cntvaluein__lane1__dq13__ctrl_none__dq13__value_ps,direct_max__idelay_ld__lane0__dq2__ctrl_none__endpoint__value_ps,22,8,0.732955,0.732955,259.5
control_fanout_spread__idelay_data_cntvaluein__lane1__no_bit__ctrl_4__lane_control_bit__value_ps,direct_max__idelay_data_cntvaluein__lane1__dq8__ctrl_4__endpoint__value_ps,22,8,0.732955,0.732955,252.5
cntvaluein_bus_skew__idelay_data_cntvaluein__lane1__dq9__ctrl_none__dq9__value_ps,direct_max__idelay_data_cntvaluein__lane0__dq5__ctrl_1__endpoint__value_ps,22,8,0.732955,0.732955,233.0
control_fanout_spread__idelay_data_cntvaluein__lane0__no_bit__ctrl_4__lane_control_bit__value_ps,direct_max__idelay_ld__lane0__dq2__ctrl_none__endpoint__value_ps,22,8,0.732955,0.732955,232.0
direct_max__idelay_data_cntvaluein__lane1__dq8__ctrl_4__endpoint__value_ps,direct_max__idelay_data_cntvaluein__lane1__dq9__ctrl_3__endpoint__value_ps,22,8,0.732955,0.732955,226.0
direct_max__idelay_ld__lane0__dq6__ctrl_none__endpoint__value_ps,direct_max__idelay_data_cntvaluein__lane0__dq3__ctrl_4__endpoint__value_ps,22,8,0.732955,0.732955,186.0
direct_max__idelay_data_cntvaluein__lane1__dq11__ctrl_1__endpoint__value_ps,direct_max__dq_iologic__lane1__dq11__ctrl_none__endpoint__value_ps,22,8,0.732955,0.732955,132.0
direct_max__idelay_data_cntvaluein__lane1__dq11__ctrl_4__endpoint__value_ps,direct_max__idelay_ld__lane0__dq2__ctrl_none__endpoint__value_ps,22,8,0.730114,0.730114,351.5
direct_max__idelay_data_cntvaluein__lane0__dq5__ctrl_4__endpoint__value_ps,direct_max__idelay_data_cntvaluein__lane1__dq11__ctrl_1__endpoint__value_ps,22,8,0.727273,0.727273,548.0
direct_max__idelay_data_cntvaluein__lane0__dq5__ctrl_4__endpoint__value_ps,direct_max__idelay_data_cntvaluein__lane0__dq3__ctrl_1__endpoint__value_ps,22,8,0.727273,0.727273,536.5
direct_max__idelay_ld__lane0__dq6__ctrl_none__endpoint__value_ps,direct_max__idelay_data_cntvaluein__lane1__dq8__ctrl_4__endpoint__value_ps,22,8,0.727273,0.727273,414.0
cntvaluein_bus_skew__idelay_dqs_cntvaluein__lane0__dqs0__ctrl_none__dqs0__value_ps,direct_max__idelay_data_cntvaluein__lane1__dq13__ctrl_4__endpoint__value_ps,22,8,0.727273,0.727273,337.0
lane_spread__idelay_dqs_cntvaluein__lane0__no_bit__ctrl_none__lane__value_ps,direct_max__idelay_data_cntvaluein__lane1__dq13__ctrl_4__endpoint__value_ps,22,8,0.727273,0.727273,337.0
cntvaluein_bus_skew__idelay_data_cntvaluein__lane1__dq13__ctrl_none__dq13__value_ps,direct_max__idelay_data_cntvaluein__lane1__dq11__ctrl_4__endpoint__value_ps,22,8,0.727273,0.727273,318.5
direct_max__idelay_data_cntvaluein__lane0__dq3__ctrl_4__endpoint__value_ps,control_fanout_spread__idelay_data_cntvaluein__lane0__no_bit__ctrl_3__lane_control_bit__value_ps,22,8,0.727273,0.727273,310.0
cntvaluein_bus_skew__idelay_data_cntvaluein__lane1__dq13__ctrl_none__dq13__value_ps,direct_max__dq_iologic__lane1__dq11__ctrl_none__endpoint__value_ps,22,8,0.727273,0.727273,304.5
cntvaluein_bus_skew__idelay_data_cntvaluein__lane1__dq9__ctrl_none__dq9__value_ps,direct_max__idelay_data_cntvaluein__lane1__dq13__ctrl_4__endpoint__value_ps,22,8,0.727273,0.727273,304.0
cntvaluein_bus_skew__idelay_data_cntvaluein__lane1__dq9__ctrl_none__dq9__value_ps,direct_max__dq_iologic__lane1__dq11__ctrl_none__endpoint__value_ps,22,8,0.727273,0.727273,285.5
direct_max__idelay_ld__lane0__dq6__ctrl_none__endpoint__value_ps,direct_max__idelay_ld__lane0__dq7__ctrl_none__endpoint__value_ps,22,8,0.727273,0.727273,273.5
control_fanout_spread__idelay_data_cntvaluein__lane0__no_bit__ctrl_3__lane_control_bit__value_ps,direct_max__idelay_data_cntvaluein__lane0__dq3__ctrl_1__endpoint__value_ps,22,8,0.727273,0.727273,244.5
control_fanout_spread__idelay_data_cntvaluein__lane0__no_bit__ctrl_4__lane_control_bit__value_ps,direct_max__idelay_ld__lane0__dq7__ctrl_none__endpoint__value_ps,22,8,0.724432,0.724432,254.5
direct_max__idelay_data_cntvaluein__lane0__dq5__ctrl_4__endpoint__value_ps,direct_max__idelay_data_cntvaluein__lane0__dq5__ctrl_1__endpoint__value_ps,22,8,0.721591,0.721591,556.0
cntvaluein_bus_skew__idelay_data_cntvaluein__lane1__dq9__ctrl_none__dq9__value_ps,direct_max__idelay_data_cntvaluein__lane0__dq4__ctrl_4__endpoint__value_ps,22,8,0.721591,0.721591,397.5
direct_max__idelay_data_cntvaluein__lane1__dq8__ctrl_4__endpoint__value_ps,direct_max__idelay_data_cntvaluein__lane1__dq11__ctrl_1__endpoint__value_ps,22,8,0.721591,0.721591,359.0
direct_max__idelay_data_cntvaluein__lane1__dq8__ctrl_4__endpoint__value_ps,direct_max__idelay_dqs_cntvaluein__lane1__dqs1__ctrl_0__endpoint__value_ps,22,8,0.721591,0.721591,355.0
direct_max__idelay_data_cntvaluein__lane1__dq11__ctrl_4__endpoint__value_ps,direct_max__idelay_data_cntvaluein__lane0__dq5__ctrl_1__endpoint__value_ps,22,8,0.721591,0.721591,354.5
cntvaluein_bus_skew__idelay_data_cntvaluein__lane1__dq13__ctrl_none__dq13__value_ps,direct_max__idelay_data_cntvaluein__lane1__dq14__ctrl_4__endpoint__value_ps,22,8,0.721591,0.721591,281.5
direct_max__idelay_data_cntvaluein__lane1__dq8__ctrl_4__endpoint__value_ps,cntvaluein_bus_skew__idelay_data_cntvaluein__lane1__dq15__ctrl_none__dq15__value_ps,22,8,0.721591,0.721591,272.5
control_fanout_spread__idelay_data_cntvaluein__lane0__no_bit__ctrl_1__lane_control_bit__value_ps,direct_max__idelay_ld__lane0__dq7__ctrl_none__endpoint__value_ps,22,8,0.721591,0.721591,247.0
direct_max__idelay_data_cntvaluein__lane1__dq14__ctrl_4__endpoint__value_ps,direct_max__idelay_data_cntvaluein__lane0__dq5__ctrl_1__endpoint__value_ps,22,8,0.71875,0.71875,447.0
direct_max__idelay_data_cntvaluein__lane1__dq14__ctrl_4__endpoint__value_ps,direct_max__idelay_data_cntvaluein__lane0__dq3__ctrl_1__endpoint__value_ps,22,8,0.71875,0.71875,380.5
direct_max__idelay_data_cntvaluein__lane0__dq5__ctrl_4__endpoint__value_ps,direct_max__idelay_data_cntvaluein__lane1__dq8__ctrl_4__endpoint__value_ps,22,8,0.715909,0.715909,717.0
direct_max__idelay_data_cntvaluein__lane0__dq5__ctrl_4__endpoint__value_ps,direct_max__dq_iologic__lane1__dq11__ctrl_none__endpoint__value_ps,22,8,0.715909,0.715909,536.5
direct_max__idelay_data_cntvaluein__lane0__dq3__ctrl_1__endpoint__value_ps,direct_max__idelay_data_cntvaluein__lane0__dq4__ctrl_4__endpoint__value_ps,22,8,0.715909,0.715909,358.0
direct_max__idelay_ld__lane0__dq6__ctrl_none__endpoint__value_ps,direct_max__idelay_dqs_cntvaluein__lane1__dqs1__ctrl_0__endpoint__value_ps,22,8,0.715909,0.715909,351.5
direct_max__idelay_dqs_cntvaluein__lane1__dqs1__ctrl_0__endpoint__value_ps,direct_max__idelay_data_cntvaluein__lane1__dq9__ctrl_3__endpoint__value_ps,22,8,0.715909,0.715909,317.0
cntvaluein_bus_skew__idelay_data_cntvaluein__lane1__dq9__ctrl_none__dq9__value_ps,direct_max__idelay_data_cntvaluein__lane0__dq3__ctrl_1__endpoint__value_ps,22,8,0.715909,0.715909,303.5
direct_max__idelay_data_cntvaluein__lane1__dq11__ctrl_4__endpoint__value_ps,direct_max__idelay_dqs_cntvaluein__lane1__dqs1__ctrl_0__endpoint__value_ps,22,8,0.715909,0.715909,187.0
cntvaluein_bus_skew__idelay_data_cntvaluein__lane1__dq15__ctrl_none__dq15__value_ps,control_fanout_spread__idelay_data_cntvaluein__lane0__no_bit__ctrl_3__lane_control_bit__value_ps,22,8,0.715909,0.715909,161.5
cntvaluein_bus_skew__idelay_data_cntvaluein__lane1__dq13__ctrl_none__dq13__value_ps,direct_max__idelay_ld__lane0__dq6__ctrl_none__endpoint__value_ps,22,8,0.713068,0.713068,308.5
direct_max__idelay_ld__lane0__dq2__ctrl_none__endpoint__value_ps,direct_max__idelay_data_cntvaluein__lane1__dq11__ctrl_1__endpoint__value_ps,22,8,0.713068,0.713068,267.0
control_fanout_spread__idelay_data_cntvaluein__lane0__no_bit__ctrl_1__lane_control_bit__value_ps,direct_max__idelay_ld__lane0__dq2__ctrl_none__endpoint__value_ps,22,8,0.713068,0.713068,213.5
direct_max__idelay_data_cntvaluein__lane0__dq5__ctrl_4__endpoint__value_ps,direct_max__idelay_data_cntvaluein__lane1__dq11__ctrl_4__endpoint__value_ps,22,8,0.710227,0.710227,598.0
direct_max__idelay_ld__lane0__dq6__ctrl_none__endpoint__value_ps,direct_max__idelay_ld__lane0__dq2__ctrl_none__endpoint__value_ps,22,8,0.710227,0.710227,428.0
direct_max__idelay_data_cntvaluein__lane1__dq8__ctrl_4__endpoint__value_ps,direct_max__idelay_data_cntvaluein__lane0__dq3__ctrl_1__endpoint__value_ps,22,8,0.710227,0.710227,427.0
direct_max__idelay_ld__lane0__dq6__ctrl_none__endpoint__value_ps,direct_max__idelay_data_cntvaluein__lane1__dq9__ctrl_3__endpoint__value_ps,22,8,0.710227,0.710227,381.0
direct_max__idelay_data_cntvaluein__lane1__dq11__ctrl_1__endpoint__value_ps,direct_max__idelay_data_cntvaluein__lane0__dq4__ctrl_4__endpoint__value_ps,22,8,0.710227,0.710227,378.0
direct_max__idelay_data_cntvaluein__lane1__dq11__ctrl_4__endpoint__value_ps,direct_max__idelay_data_cntvaluein__lane0__dq3__ctrl_1__endpoint__value_ps,22,8,0.710227,0.710227,332.0
control_fanout_spread__idelay_data_cntvaluein__lane1__no_bit__ctrl_4__lane_control_bit__value_ps,direct_max__idelay_data_cntvaluein__lane1__dq14__ctrl_4__endpoint__value_ps,22,8,0.710227,0.710227,316.0
direct_max__idelay_ld__lane0__dq6__ctrl_none__endpoint__value_ps,direct_max__idelay_data_cntvaluein__lane1__dq14__ctrl_4__endpoint__value_ps,22,8,0.710227,0.710227,304.5
direct_max__idelay_ld__lane0__dq2__ctrl_none__endpoint__value_ps,direct_max__idelay_data_cntvaluein__lane0__dq3__ctrl_1__endpoint__value_ps,22,8,0.710227,0.710227,275.0
cntvaluein_bus_skew__idelay_data_cntvaluein__lane1__dq9__ctrl_none__dq9__value_ps,direct_max__idelay_data_cntvaluein__lane1__dq11__ctrl_1__endpoint__value_ps,22,8,0.710227,0.710227,257.0
direct_max__idelay_ld__lane0__dq7__ctrl_none__endpoint__value_ps,direct_max__idelay_data_cntvaluein__lane0__dq5__ctrl_1__endpoint__value_ps,22,8,0.710227,0.710227,256.5
cntvaluein_bus_skew__idelay_data_cntvaluein__lane1__dq15__ctrl_none__dq15__value_ps,direct_max__dq_iologic__lane1__dq11__ctrl_none__endpoint__value_ps,22,8,0.710227,0.710227,255.5
direct_max__idelay_data_cntvaluein__lane1__dq11__ctrl_4__endpoint__value_ps,direct_max__idelay_data_cntvaluein__lane1__dq11__ctrl_1__endpoint__value_ps,22,8,0.710227,0.710227,214.5
direct_max__idelay_data_cntvaluein__lane1__dq11__ctrl_4__endpoint__value_ps,control_fanout_spread__idelay_data_cntvaluein__lane0__no_bit__ctrl_3__lane_control_bit__value_ps,22,8,0.710227,0.710227,186.5
direct_max__idelay_data_cntvaluein__lane0__dq3__ctrl_4__endpoint__value_ps,direct_max__idelay_data_cntvaluein__lane0__dq3__ctrl_1__endpoint__value_ps,22,8,0.704545,0.704545,459.5
direct_max__idelay_data_cntvaluein__lane0__dq3__ctrl_4__endpoint__value_ps,direct_max__idelay_data_cntvaluein__lane0__dq5__ctrl_1__endpoint__value_ps,22,8,0.704545,0.704545,451.0
direct_max__idelay_data_cntvaluein__lane0__dq3__ctrl_4__endpoint__value_ps,direct_max__idelay_data_cntvaluein__lane1__dq11__ctrl_1__endpoint__value_ps,22,8,0.704545,0.704545,432.0
cntvaluein_bus_skew__idelay_dqs_cntvaluein__lane0__dqs0__ctrl_none__dqs0__value_ps,direct_max__idelay_data_cntvaluein__lane0__dq4__ctrl_4__endpoint__value_ps,22,8,0.704545,0.704545,427.5
lane_spread__idelay_dqs_cntvaluein__lane0__no_bit__ctrl_none__lane__value_ps,direct_max__idelay_data_cntvaluein__lane0__dq4__ctrl_4__endpoint__value_ps,22,8,0.704545,0.704545,427.5
direct_max__idelay_ld__lane0__dq2__ctrl_none__endpoint__value_ps,direct_max__idelay_data_cntvaluein__lane1__dq8__ctrl_4__endpoint__value_ps,22,8,0.704545,0.704545,325.5
cntvaluein_bus_skew__idelay_data_cntvaluein__lane1__dq13__ctrl_none__dq13__value_ps,direct_max__idelay_data_cntvaluein__lane0__dq5__ctrl_1__endpoint__value_ps,22,8,0.704545,0.704545,324.5
control_fanout_spread__idelay_data_cntvaluein__lane0__no_bit__ctrl_1__lane_control_bit__value_ps,direct_max__idelay_data_cntvaluein__lane0__dq4__ctrl_4__endpoint__value_ps,22,8,0.704545,0.704545,321.5
control_fanout_spread__idelay_data_cntvaluein__lane1__no_bit__ctrl_4__lane_control_bit__value_ps,direct_max__idelay_data_cntvaluein__lane0__dq3__ctrl_1__endpoint__value_ps,22,8,0.704545,0.704545,300.0
control_fanout_spread__idelay_data_cntvaluein__lane0__no_bit__ctrl_1__lane_control_bit__value_ps,direct_max__idelay_data_cntvaluein__lane1__dq13__ctrl_4__endpoint__value_ps,22,8,0.704545,0.704545,293.5
control_fanout_spread__idelay_data_cntvaluein__lane1__no_bit__ctrl_4__lane_control_bit__value_ps,direct_max__idelay_data_cntvaluein__lane0__dq5__ctrl_1__endpoint__value_ps,22,8,0.704545,0.704545,220.5
control_fanout_spread__idelay_data_cntvaluein__lane0__no_bit__ctrl_4__lane_control_bit__value_ps,direct_max__idelay_dqs_cntvaluein__lane1__dqs1__ctrl_0__endpoint__value_ps,22,8,0.704545,0.704545,177.0
cntvaluein_bus_skew__idelay_data_cntvaluein__lane1__dq15__ctrl_none__dq15__value_ps,direct_max__idelay_data_cntvaluein__lane0__dq5__ctrl_1__endpoint__value_ps,22,8,0.704545,0.704545,152.5
direct_max__idelay_data_cntvaluein__lane0__dq5__ctrl_1__endpoint__value_ps,direct_max__idelay_data_cntvaluein__lane0__dq4__ctrl_4__endpoint__value_ps,22,8,0.701705,0.701705,382.0
direct_max__idelay_data_cntvaluein__lane0__dq5__ctrl_4__endpoint__value_ps,direct_max__idelay_data_cntvaluein__lane0__dq3__ctrl_4__endpoint__value_ps,22,8,0.698864,0.698864,690.0
direct_max__idelay_data_cntvaluein__lane1__dq8__ctrl_4__endpoint__value_ps,direct_max__idelay_data_cntvaluein__lane0__dq5__ctrl_1__endpoint__value_ps,22,8,0.698864,0.698864,410.5
cntvaluein_bus_skew__idelay_data_cntvaluein__lane1__dq13__ctrl_none__dq13__value_ps,direct_max__idelay_data_cntvaluein__lane0__dq4__ctrl_4__endpoint__value_ps,22,8,0.698864,0.698864,393.5
cntvaluein_bus_skew__idelay_data_cntvaluein__lane1__dq13__ctrl_none__dq13__value_ps,direct_max__idelay_data_cntvaluein__lane0__dq3__ctrl_1__endpoint__value_ps,22,8,0.698864,0.698864,367.0
control_fanout_spread__idelay_data_cntvaluein__lane1__no_bit__ctrl_4__lane_control_bit__value_ps,direct_max__idelay_ld__lane0__dq7__ctrl_none__endpoint__value_ps,22,8,0.698864,0.698864,267.5
direct_max__idelay_data_cntvaluein__lane1__dq9__ctrl_3__endpoint__value_ps,direct_max__idelay_data_cntvaluein__lane1__dq13__ctrl_4__endpoint__value_ps,22,8,0.698864,0.698864,256.0
cntvaluein_bus_skew__idelay_data_cntvaluein__lane1__dq15__ctrl_none__dq15__value_ps,direct_max__idelay_data_cntvaluein__lane1__dq14__ctrl_4__endpoint__value_ps,22,8,0.698864,0.698864,240.5
cntvaluein_bus_skew__idelay_data_cntvaluein__lane1__dq13__ctrl_none__dq13__value_ps,direct_max__idelay_data_cntvaluein__lane1__dq8__ctrl_4__endpoint__value_ps,22,8,0.698864,0.698864,220.0
cntvaluein_bus_skew__idelay_data_cntvaluein__lane1__dq9__ctrl_none__dq9__value_ps,direct_max__idelay_dqs_cntvaluein__lane1__dqs1__ctrl_0__endpoint__value_ps,22,8,0.698864,0.698864,210.5
cntvaluein_bus_skew__idelay_data_cntvaluein__lane1__dq15__ctrl_none__dq15__value_ps,direct_max__idelay_dqs_cntvaluein__lane1__dqs1__ctrl_0__endpoint__value_ps,22,8,0.698864,0.698864,198.5
cntvaluein_bus_skew__idelay_data_cntvaluein__lane1__dq15__ctrl_none__dq15__value_ps,direct_max__idelay_data_cntvaluein__lane0__dq3__ctrl_1__endpoint__value_ps,22,8,0.698864,0.698864,167.5
direct_max__idelay_dqs_cntvaluein__lane1__dqs1__ctrl_0__endpoint__value_ps,direct_max__idelay_data_cntvaluein__lane0__dq5__ctrl_1__endpoint__value_ps,22,8,0.698864,0.698864,163.0
cntvaluein_bus_skew__idelay_data_cntvaluein__lane1__dq13__ctrl_none__dq13__value_ps,direct_max__idelay_ld__lane0__dq7__ctrl_none__endpoint__value_ps,22,8,0.698864,0.698864,159.5
direct_max__idelay_data_cntvaluein__lane0__dq5__ctrl_4__endpoint__value_ps,direct_max__idelay_data_cntvaluein__lane1__dq14__ctrl_4__endpoint__value_ps,22,8,0.693182,0.693182,714.5
direct_max__idelay_data_cntvaluein__lane0__dq3__ctrl_4__endpoint__value_ps,direct_max__idelay_data_cntvaluein__lane1__dq8__ctrl_4__endpoint__value_ps,22,8,0.693182,0.693182,651.0
direct_max__idelay_data_cntvaluein__lane0__dq5__ctrl_4__endpoint__value_ps,direct_max__idelay_ld__lane0__dq2__ctrl_none__endpoint__value_ps,22,8,0.693182,0.693182,431.0
control_fanout_spread__idelay_data_cntvaluein__lane1__no_bit__ctrl_4__lane_control_bit__value_ps,direct_max__idelay_data_cntvaluein__lane0__dq4__ctrl_4__endpoint__value_ps,22,8,0.693182,0.693182,357.0
direct_max__idelay_data_cntvaluein__lane0__dq5__ctrl_4__endpoint__value_ps,direct_max__idelay_ld__lane0__dq7__ctrl_none__endpoint__value_ps,22,8,0.693182,0.693182,325.5
cntvaluein_bus_skew__idelay_data_cntvaluein__lane1__dq13__ctrl_none__dq13__value_ps,direct_max__idelay_data_cntvaluein__lane1__dq11__ctrl_1__endpoint__value_ps,22,8,0.693182,0.693182,305.5
direct_max__idelay_ld__lane0__dq7__ctrl_none__endpoint__value_ps,direct_max__idelay_data_cntvaluein__lane1__dq9__ctrl_3__endpoint__value_ps,22,8,0.693182,0.693182,294.5
direct_max__idelay_data_cntvaluein__lane1__dq14__ctrl_4__endpoint__value_ps,direct_max__idelay_dqs_cntvaluein__lane1__dqs1__ctrl_0__endpoint__value_ps,22,8,0.693182,0.693182,269.5
control_fanout_spread__idelay_data_cntvaluein__lane1__no_bit__ctrl_4__lane_control_bit__value_ps,direct_max__idelay_data_cntvaluein__lane1__dq13__ctrl_4__endpoint__value_ps,22,8,0.693182,0.693182,248.5
direct_max__idelay_data_cntvaluein__lane1__dq11__ctrl_1__endpoint__value_ps,direct_max__idelay_data_cntvaluein__lane1__dq13__ctrl_4__endpoint__value_ps,22,8,0.693182,0.693182,221.5
direct_max__idelay_ld__lane0__dq2__ctrl_none__endpoint__value_ps,direct_max__idelay_data_cntvaluein__lane1__dq14__ctrl_4__endpoint__value_ps,22,8,0.693182,0.693182,202.5
direct_max__idelay_data_cntvaluein__lane0__dq3__ctrl_4__endpoint__value_ps,direct_max__idelay_ld__lane0__dq2__ctrl_none__endpoint__value_ps,22,8,0.693182,0.693182,198.5
direct_max__idelay_data_cntvaluein__lane1__dq13__ctrl_4__endpoint__value_ps,direct_max__idelay_data_cntvaluein__lane0__dq5__ctrl_1__endpoint__value_ps,22,8,0.690341,0.690341,319.5
control_fanout_spread__idelay_data_cntvaluein__lane1__no_bit__ctrl_4__lane_control_bit__value_ps,direct_max__dq_iologic__lane1__dq11__ctrl_none__endpoint__value_ps,22,8,0.690341,0.690341,254.5
direct_max__idelay_ld__lane0__dq2__ctrl_none__endpoint__value_ps,direct_max__idelay_data_cntvaluein__lane0__dq5__ctrl_1__endpoint__value_ps,22,8,0.690341,0.690341,247.5
direct_max__idelay_data_cntvaluein__lane0__dq3__ctrl_4__endpoint__value_ps,direct_max__idelay_data_cntvaluein__lane1__dq14__ctrl_4__endpoint__value_ps,22,8,0.6875,0.6875,596.0
direct_max__idelay_data_cntvaluein__lane0__dq3__ctrl_4__endpoint__value_ps,direct_max__dq_iologic__lane1__dq11__ctrl_none__endpoint__value_ps,22,8,0.6875,0.6875,561.0
direct_max__idelay_ld__lane0__dq2__ctrl_none__endpoint__value_ps,direct_max__idelay_ld__lane0__dq7__ctrl_none__endpoint__value_ps,22,8,0.6875,0.6875,277.5
direct_max__idelay_data_cntvaluein__lane1__dq9__ctrl_3__endpoint__value_ps,direct_max__idelay_data_cntvaluein__lane0__dq4__ctrl_4__endpoint__value_ps,22,8,0.6875,0.6875,274.0
direct_max__idelay_ld__lane0__dq2__ctrl_none__endpoint__value_ps,direct_max__idelay_data_cntvaluein__lane1__dq9__ctrl_3__endpoint__value_ps,22,8,0.6875,0.6875,268.5
cntvaluein_bus_skew__idelay_data_cntvaluein__lane1__dq15__ctrl_none__dq15__value_ps,direct_max__idelay_data_cntvaluein__lane1__dq13__ctrl_4__endpoint__value_ps,22,8,0.6875,0.6875,254.5
cntvaluein_bus_skew__idelay_data_cntvaluein__lane1__dq9__ctrl_none__dq9__value_ps,direct_max__idelay_data_cntvaluein__lane1__dq9__ctrl_3__endpoint__value_ps,22,8,0.6875,0.6875,241.5
direct_max__idelay_data_cntvaluein__lane1__dq11__ctrl_4__endpoint__value_ps,direct_max__idelay_ld__lane0__dq7__ctrl_none__endpoint__value_ps,22,8,0.6875,0.6875,208.5
control_fanout_spread__idelay_data_cntvaluein__lane0__no_bit__ctrl_1__lane_control_bit__value_ps,direct_max__idelay_data_cntvaluein__lane0__dq3__ctrl_1__endpoint__value_ps,22,8,0.6875,0.6875,171.0
control_fanout_spread__idelay_data_cntvaluein__lane0__no_bit__ctrl_1__lane_control_bit__value_ps,direct_max__idelay_data_cntvaluein__lane0__dq5__ctrl_1__endpoint__value_ps,22,8,0.6875,0.6875,170.5
cntvaluein_bus_skew__idelay_data_cntvaluein__lane1__dq15__ctrl_none__dq15__value_ps,direct_max__idelay_data_cntvaluein__lane1__dq11__ctrl_1__endpoint__value_ps,22,8,0.6875,0.6875,128.0
direct_max__idelay_dqs_cntvaluein__lane1__dqs1__ctrl_0__endpoint__value_ps,direct_max__idelay_data_cntvaluein__lane1__dq13__ctrl_4__endpoint__value_ps,22,8,0.6875,0.6875,96.0
direct_max__idelay_data_cntvaluein__lane0__dq5__ctrl_4__endpoint__value_ps,direct_max__idelay_data_cntvaluein__lane0__dq4__ctrl_4__endpoint__value_ps,22,8,0.681818,0.681818,722.5
direct_max__idelay_data_cntvaluein__lane1__dq11__ctrl_4__endpoint__value_ps,direct_max__idelay_data_cntvaluein__lane1__dq8__ctrl_4__endpoint__value_ps,22,8,0.681818,0.681818,584.5
direct_max__idelay_data_cntvaluein__lane1__dq8__ctrl_4__endpoint__value_ps,direct_max__idelay_data_cntvaluein__lane1__dq14__ctrl_4__endpoint__value_ps,22,8,0.681818,0.681818,548.5
direct_max__idelay_data_cntvaluein__lane0__dq5__ctrl_4__endpoint__value_ps,direct_max__idelay_data_cntvaluein__lane1__dq13__ctrl_4__endpoint__value_ps,22,8,0.681818,0.681818,494.5
direct_max__idelay_data_cntvaluein__lane0__dq3__ctrl_4__endpoint__value_ps,direct_max__idelay_data_cntvaluein__lane1__dq11__ctrl_4__endpoint__value_ps,22,8,0.681818,0.681818,484.0
control_fanout_spread__idelay_data_cntvaluein__lane0__no_bit__ctrl_4__lane_control_bit__value_ps,direct_max__idelay_data_cntvaluein__lane0__dq4__ctrl_4__endpoint__value_ps,22,8,0.681818,0.681818,431.5
control_fanout_spread__idelay_data_cntvaluein__lane1__no_bit__ctrl_4__lane_control_bit__value_ps,direct_max__idelay_data_cntvaluein__lane1__dq11__ctrl_1__endpoint__value_ps,22,8,0.681818,0.681818,307.5
direct_max__idelay_ld__lane0__dq6__ctrl_none__endpoint__value_ps,direct_max__idelay_data_cntvaluein__lane0__dq4__ctrl_4__endpoint__value_ps,22,8,0.681818,0.681818,279.5
control_fanout_spread__idelay_data_cntvaluein__lane1__no_bit__ctrl_4__lane_control_bit__value_ps,direct_max__idelay_data_cntvaluein__lane1__dq9__ctrl_3__endpoint__value_ps,22,8,0.681818,0.681818,251.0
control_fanout_spread__idelay_data_cntvaluein__lane0__no_bit__ctrl_4__lane_control_bit__value_ps,direct_max__idelay_data_cntvaluein__lane0__dq3__ctrl_1__endpoint__value_ps,22,8,0.681818,0.681818,239.0
direct_max__idelay_ld__lane0__dq2__ctrl_none__endpoint__value_ps,direct_max__idelay_data_cntvaluein__lane1__dq13__ctrl_4__endpoint__value_ps,22,8,0.681818,0.681818,221.0
control_fanout_spread__idelay_data_cntvaluein__lane0__no_bit__ctrl_4__lane_control_bit__value_ps,direct_max__idelay_data_cntvaluein__lane1__dq11__ctrl_1__endpoint__value_ps,22,8,0.681818,0.681818,217.0
direct_max__idelay_data_cntvaluein__lane0__dq5__ctrl_1__endpoint__value_ps,direct_max__dq_iologic__lane1__dq11__ctrl_none__endpoint__value_ps,22,8,0.681818,0.681818,212.0
control_fanout_spread__idelay_data_cntvaluein__lane0__no_bit__ctrl_4__lane_control_bit__value_ps,direct_max__idelay_data_cntvaluein__lane1__dq13__ctrl_4__endpoint__value_ps,22,8,0.681818,0.681818,187.0
control_fanout_spread__idelay_data_cntvaluein__lane0__no_bit__ctrl_3__lane_control_bit__value_ps,direct_max__idelay_data_cntvaluein__lane1__dq9__ctrl_3__endpoint__value_ps,22,8,0.681818,0.681818,147.0
control_fanout_spread__idelay_data_cntvaluein__lane0__no_bit__ctrl_4__lane_control_bit__value_ps,direct_max__idelay_data_cntvaluein__lane0__dq5__ctrl_1__endpoint__value_ps,22,8,0.681818,0.681818,130.0
direct_max__idelay_data_cntvaluein__lane0__dq3__ctrl_1__endpoint__value_ps,direct_max__dq_iologic__lane1__dq11__ctrl_none__endpoint__value_ps,22,8,0.681818,0.681818,114.0
control_fanout_spread__idelay_data_cntvaluein__lane0__no_bit__ctrl_3__lane_control_bit__value_ps,direct_max__dq_iologic__lane1__dq11__ctrl_none__endpoint__value_ps,22,8,0.678977,0.678977,360.5
direct_max__idelay_data_cntvaluein__lane0__dq5__ctrl_4__endpoint__value_ps,direct_max__idelay_dqs_cntvaluein__lane1__dqs1__ctrl_0__endpoint__value_ps,22,8,0.676136,0.676136,633.5
direct_max__idelay_data_cntvaluein__lane1__dq11__ctrl_4__endpoint__value_ps,direct_max__idelay_data_cntvaluein__lane1__dq14__ctrl_4__endpoint__value_ps,22,8,0.676136,0.676136,342.0
direct_max__idelay_data_cntvaluein__lane1__dq8__ctrl_4__endpoint__value_ps,control_fanout_spread__idelay_data_cntvaluein__lane0__no_bit__ctrl_3__lane_control_bit__value_ps,22,8,0.676136,0.676136,263.5
control_fanout_spread__idelay_data_cntvaluein__lane0__no_bit__ctrl_3__lane_control_bit__value_ps,direct_max__idelay_ld__lane0__dq7__ctrl_none__endpoint__value_ps,22,8,0.676136,0.676136,171.0
direct_max__idelay_data_cntvaluein__lane0__dq3__ctrl_4__endpoint__value_ps,direct_max__idelay_ld__lane0__dq7__ctrl_none__endpoint__value_ps,22,8,0.676136,0.676136,148.0
cntvaluein_bus_skew__idelay_data_cntvaluein__lane1__dq9__ctrl_none__dq9__value_ps,cntvaluein_bus_skew__idelay_data_cntvaluein__lane1__dq15__ctrl_none__dq15__value_ps,22,8,0.676136,0.676136,137.5
direct_max__idelay_data_cntvaluein__lane1__dq14__ctrl_4__endpoint__value_ps,control_fanout_spread__idelay_data_cntvaluein__lane0__no_bit__ctrl_3__lane_control_bit__value_ps,22,8,0.673295,0.673295,252.0
direct_max__idelay_dqs_cntvaluein__lane1__dqs1__ctrl_0__endpoint__value_ps,direct_max__idelay_data_cntvaluein__lane0__dq3__ctrl_1__endpoint__value_ps,22,8,0.673295,0.673295,145.0
direct_max__idelay_data_cntvaluein__lane1__dq11__ctrl_4__endpoint__value_ps,direct_max__idelay_data_cntvaluein__lane1__dq13__ctrl_4__endpoint__value_ps,22,8,0.670455,0.670455,291.5
cntvaluein_bus_skew__idelay_data_cntvaluein__lane1__dq15__ctrl_none__dq15__value_ps,direct_max__idelay_data_cntvaluein__lane0__dq4__ctrl_4__endpoint__value_ps,22,8,0.670455,0.670455,256.0
control_fanout_spread__idelay_data_cntvaluein__lane0__no_bit__ctrl_1__lane_control_bit__value_ps,direct_max__idelay_data_cntvaluein__lane1__dq9__ctrl_3__endpoint__value_ps,22,8,0.670455,0.670455,227.0
control_fanout_spread__idelay_data_cntvaluein__lane0__no_bit__ctrl_3__lane_control_bit__value_ps,direct_max__idelay_data_cntvaluein__lane1__dq13__ctrl_4__endpoint__value_ps,22,8,0.670455,0.670455,218.0
direct_max__idelay_ld__lane0__dq2__ctrl_none__endpoint__value_ps,direct_max__idelay_dqs_cntvaluein__lane1__dqs1__ctrl_0__endpoint__value_ps,22,8,0.670455,0.670455,211.5
direct_max__idelay_data_cntvaluein__lane0__dq3__ctrl_1__endpoint__value_ps,direct_max__idelay_data_cntvaluein__lane1__dq9__ctrl_3__endpoint__value_ps,22,8,0.667614,0.667614,164.0
direct_max__idelay_data_cntvaluein__lane0__dq3__ctrl_4__endpoint__value_ps,direct_max__idelay_dqs_cntvaluein__lane1__dqs1__ctrl_0__endpoint__value_ps,22,8,0.664773,0.664773,562.5
direct_max__idelay_data_cntvaluein__lane1__dq8__ctrl_4__endpoint__value_ps,direct_max__idelay_data_cntvaluein__lane1__dq13__ctrl_4__endpoint__value_ps,22,8,0.664773,0.664773,518.0
direct_max__idelay_dqs_cntvaluein__lane1__dqs1__ctrl_0__endpoint__value_ps,direct_max__idelay_data_cntvaluein__lane0__dq4__ctrl_4__endpoint__value_ps,22,8,0.664773,0.664773,491.5
cntvaluein_bus_skew__idelay_data_cntvaluein__lane1__dq15__ctrl_none__dq15__value_ps,direct_max__idelay_data_cntvaluein__lane1__dq9__ctrl_3__endpoint__value_ps,22,8,0.664773,0.664773,301.0
direct_max__idelay_data_cntvaluein__lane0__dq3__ctrl_1__endpoint__value_ps,direct_max__idelay_data_cntvaluein__lane1__dq13__ctrl_4__endpoint__value_ps,22,8,0.664773,0.664773,301.0
direct_max__idelay_ld__lane0__dq2__ctrl_none__endpoint__value_ps,direct_max__dq_iologic__lane1__dq11__ctrl_none__endpoint__value_ps,22,8,0.664773,0.664773,296.0
control_fanout_spread__idelay_data_cntvaluein__lane0__no_bit__ctrl_3__lane_control_bit__value_ps,direct_max__idelay_data_cntvaluein__lane0__dq4__ctrl_4__endpoint__value_ps,22,8,0.664773,0.664773,279.5
cntvaluein_bus_skew__idelay_data_cntvaluein__lane1__dq13__ctrl_none__dq13__value_ps,direct_max__idelay_data_cntvaluein__lane1__dq13__ctrl_4__endpoint__value_ps,22,8,0.664773,0.664773,256.0
control_fanout_spread__idelay_data_cntvaluein__lane0__no_bit__ctrl_1__lane_control_bit__value_ps,direct_max__idelay_data_cntvaluein__lane1__dq11__ctrl_1__endpoint__value_ps,22,8,0.664773,0.664773,154.5
direct_max__idelay_dqs_cntvaluein__lane1__dqs1__ctrl_0__endpoint__value_ps,direct_max__idelay_data_cntvaluein__lane1__dq11__ctrl_1__endpoint__value_ps,22,8,0.664773,0.664773,21.0
direct_max__idelay_data_cntvaluein__lane1__dq8__ctrl_4__endpoint__value_ps,direct_max__idelay_data_cntvaluein__lane0__dq4__ctrl_4__endpoint__value_ps,22,8,0.659091,0.659091,596.0
direct_max__idelay_data_cntvaluein__lane1__dq11__ctrl_4__endpoint__value_ps,direct_max__dq_iologic__lane1__dq11__ctrl_none__endpoint__value_ps,22,8,0.659091,0.659091,465.0
direct_max__idelay_data_cntvaluein__lane0__dq3__ctrl_4__endpoint__value_ps,direct_max__idelay_data_cntvaluein__lane1__dq13__ctrl_4__endpoint__value_ps,22,8,0.659091,0.659091,408.5
direct_max__idelay_data_cntvaluein__lane1__dq11__ctrl_1__endpoint__value_ps,direct_max__idelay_data_cntvaluein__lane0__dq3__ctrl_1__endpoint__value_ps,22,8,0.659091,0.659091,324.5
direct_max__idelay_data_cntvaluein__lane1__dq9__ctrl_3__endpoint__value_ps,direct_max__idelay_data_cntvaluein__lane0__dq5__ctrl_1__endpoint__value_ps,22,8,0.659091,0.659091,82.0
direct_max__idelay_data_cntvaluein__lane0__dq3__ctrl_1__endpoint__value_ps,direct_max__idelay_data_cntvaluein__lane0__dq5__ctrl_1__endpoint__value_ps,22,8,0.65625,0.65625,231.0
direct_max__idelay_data_cntvaluein__lane1__dq8__ctrl_4__endpoint__value_ps,direct_max__idelay_ld__lane0__dq7__ctrl_none__endpoint__value_ps,22,8,0.65625,0.65625,107.0
direct_max__idelay_data_cntvaluein__lane1__dq11__ctrl_4__endpoint__value_ps,direct_max__idelay_data_cntvaluein__lane0__dq4__ctrl_4__endpoint__value_ps,22,8,0.653409,0.653409,506.5
cntvaluein_bus_skew__idelay_data_cntvaluein__lane1__dq13__ctrl_none__dq13__value_ps,direct_max__idelay_data_cntvaluein__lane1__dq9__ctrl_3__endpoint__value_ps,22,8,0.653409,0.653409,164.0
direct_max__idelay_data_cntvaluein__lane1__dq11__ctrl_1__endpoint__value_ps,direct_max__idelay_data_cntvaluein__lane1__dq9__ctrl_3__endpoint__value_ps,22,8,0.653409,0.653409,66.0
direct_max__idelay_ld__lane0__dq7__ctrl_none__endpoint__value_ps,direct_max__idelay_data_cntvaluein__lane1__dq13__ctrl_4__endpoint__value_ps,22,8,0.650568,0.650568,216.0
direct_max__idelay_data_cntvaluein__lane0__dq3__ctrl_4__endpoint__value_ps,direct_max__idelay_data_cntvaluein__lane0__dq4__ctrl_4__endpoint__value_ps,22,8,0.647727,0.647727,636.0
direct_max__idelay_data_cntvaluein__lane1__dq11__ctrl_1__endpoint__value_ps,direct_max__idelay_data_cntvaluein__lane0__dq5__ctrl_1__endpoint__value_ps,22,8,0.647727,0.647727,304.0
direct_max__idelay_data_cntvaluein__lane1__dq14__ctrl_4__endpoint__value_ps,direct_max__idelay_data_cntvaluein__lane1__dq13__ctrl_4__endpoint__value_ps,22,8,0.647727,0.647727,275.5
control_fanout_spread__idelay_data_cntvaluein__lane0__no_bit__ctrl_3__lane_control_bit__value_ps,direct_max__idelay_dqs_cntvaluein__lane1__dqs1__ctrl_0__endpoint__value_ps,22,8,0.647727,0.647727,171.5
direct_max__idelay_dqs_cntvaluein__lane1__dqs1__ctrl_0__endpoint__value_ps,direct_max__idelay_ld__lane0__dq7__ctrl_none__endpoint__value_ps,22,8,0.647727,0.647727,82.5
direct_max__idelay_data_cntvaluein__lane1__dq14__ctrl_4__endpoint__value_ps,direct_max__dq_iologic__lane1__dq11__ctrl_none__endpoint__value_ps,22,8,0.642045,0.642045,472.5
direct_max__idelay_data_cntvaluein__lane1__dq13__ctrl_4__endpoint__value_ps,direct_max__dq_iologic__lane1__dq11__ctrl_none__endpoint__value_ps,22,8,0.642045,0.642045,456.5
direct_max__idelay_data_cntvaluein__lane1__dq8__ctrl_4__endpoint__value_ps,direct_max__dq_iologic__lane1__dq11__ctrl_none__endpoint__value_ps,22,8,0.642045,0.642045,423.5
direct_max__idelay_data_cntvaluein__lane1__dq14__ctrl_4__endpoint__value_ps,direct_max__idelay_ld__lane0__dq7__ctrl_none__endpoint__value_ps,22,8,0.639205,0.639205,54.5
direct_max__idelay_data_cntvaluein__lane1__dq14__ctrl_4__endpoint__value_ps,direct_max__idelay_data_cntvaluein__lane0__dq4__ctrl_4__endpoint__value_ps,22,8,0.636364,0.636364,655.5
direct_max__idelay_ld__lane0__dq2__ctrl_none__endpoint__value_ps,direct_max__idelay_data_cntvaluein__lane0__dq4__ctrl_4__endpoint__value_ps,22,8,0.636364,0.636364,220.5
direct_max__idelay_data_cntvaluein__lane1__dq13__ctrl_4__endpoint__value_ps,direct_max__idelay_data_cntvaluein__lane0__dq4__ctrl_4__endpoint__value_ps,22,8,0.630682,0.630682,462.0
direct_max__dq_iologic__lane1__dq11__ctrl_none__endpoint__value_ps,direct_max__idelay_data_cntvaluein__lane0__dq4__ctrl_4__endpoint__value_ps,22,8,0.630682,0.630682,193.0
direct_max__idelay_ld__lane0__dq7__ctrl_none__endpoint__value_ps,direct_max__dq_iologic__lane1__dq11__ctrl_none__endpoint__value_ps,22,8,0.613636,0.613636,295.5
direct_max__idelay_ld__lane0__dq7__ctrl_none__endpoint__value_ps,direct_max__idelay_data_cntvaluein__lane0__dq4__ctrl_4__endpoint__value_ps,22,8,0.607955,0.607955,181.5
