feature,metric,family,lane,bit,control_bit,scope,n_pass,n_fail,pass_min_ps,pass_median_ps,pass_max_ps,fail_min_ps,fail_median_ps,fail_max_ps,fail_minus_pass_median_ps,fail_min_minus_pass_max_ps,pass_min_minus_fail_max_ps,auc_fail_higher,auc_best_direction,auc_best,cliffs_delta_fail_higher,strict_separation,strict_margin_ps
direct_max__idelayctrl__all__no_bit__ctrl_none__endpoint__value_ps,direct_max,idelayctrl,all,,,endpoint,2,1,2849.0,2962.0,3075.0,1656.0,1656.0,1656.0,-1306.0,-1419.0,1193.0,0.0,fail_lower,1.0,-1.0,fail_lower,1193.0
lane_spread__idelayctrl__all__no_bit__ctrl_none__lane__value_ps,lane_spread,idelayctrl,all,,,lane,2,1,1723.0,1836.0,1949.0,530.0,530.0,530.0,-1306.0,-1419.0,1193.0,0.0,fail_lower,1.0,-1.0,fail_lower,1193.0
direct_max__idelay_data_cntvaluein__lane0__dq2__ctrl_0__endpoint__value_ps,direct_max,idelay_data_cntvaluein,lane0,dq2,0,endpoint,2,1,2144.0,2149.0,2154.0,1335.0,1335.0,1335.0,-814.0,-819.0,809.0,0.0,fail_lower,1.0,-1.0,fail_lower,809.0
direct_max__dqs_iologic__lane0__dqs0__ctrl_none__endpoint__value_ps,direct_max,dqs_iologic,lane0,dqs0,,endpoint,2,1,3329.0,3636.5,3944.0,2880.0,2880.0,2880.0,-756.5,-1064.0,449.0,0.0,fail_lower,1.0,-1.0,fail_lower,449.0
lane_spread__dqs_iologic__lane0__no_bit__ctrl_none__lane__value_ps,lane_spread,dqs_iologic,lane0,,,lane,2,1,3329.0,3636.5,3944.0,2880.0,2880.0,2880.0,-756.5,-1064.0,449.0,0.0,fail_lower,1.0,-1.0,fail_lower,449.0
direct_max__idelay_data_cntvaluein__lane0__dq1__ctrl_0__endpoint__value_ps,direct_max,idelay_data_cntvaluein,lane0,dq1,0,endpoint,2,1,2051.0,2079.5,2108.0,1350.0,1350.0,1350.0,-729.5,-758.0,701.0,0.0,fail_lower,1.0,-1.0,fail_lower,701.0
direct_max__dqs_iologic__lane1__dqs1__ctrl_none__endpoint__value_ps,direct_max,dqs_iologic,lane1,dqs1,,endpoint,2,1,3015.0,3315.0,3615.0,2609.0,2609.0,2609.0,-706.0,-1006.0,406.0,0.0,fail_lower,1.0,-1.0,fail_lower,406.0
lane_spread__dqs_iologic__lane1__no_bit__ctrl_none__lane__value_ps,lane_spread,dqs_iologic,lane1,,,lane,2,1,3015.0,3315.0,3615.0,2609.0,2609.0,2609.0,-706.0,-1006.0,406.0,0.0,fail_lower,1.0,-1.0,fail_lower,406.0
direct_max__idelay_data_cntvaluein__lane0__dq6__ctrl_0__endpoint__value_ps,direct_max,idelay_data_cntvaluein,lane0,dq6,0,endpoint,2,1,1909.0,1984.0,2059.0,1338.0,1338.0,1338.0,-646.0,-721.0,571.0,0.0,fail_lower,1.0,-1.0,fail_lower,571.0
direct_max__idelay_data_cntvaluein__lane0__dq4__ctrl_0__endpoint__value_ps,direct_max,idelay_data_cntvaluein,lane0,dq4,0,endpoint,2,1,1881.0,1981.5,2082.0,1356.0,1356.0,1356.0,-625.5,-726.0,525.0,0.0,fail_lower,1.0,-1.0,fail_lower,525.0
direct_max__idelay_data_cntvaluein__lane0__dq7__ctrl_0__endpoint__value_ps,direct_max,idelay_data_cntvaluein,lane0,dq7,0,endpoint,2,1,1990.0,2021.0,2052.0,1424.0,1424.0,1424.0,-597.0,-628.0,566.0,0.0,fail_lower,1.0,-1.0,fail_lower,566.0
cntvaluein_bus_skew__idelay_data_cntvaluein__lane1__dq10__ctrl_none__dq10__value_ps,cntvaluein_bus_skew,idelay_data_cntvaluein,lane1,dq10,,dq10,2,1,674.0,874.5,1075.0,293.0,293.0,293.0,-581.5,-782.0,381.0,0.0,fail_lower,1.0,-1.0,fail_lower,381.0
direct_max__idelay_data_cntvaluein__lane0__dq0__ctrl_0__endpoint__value_ps,direct_max,idelay_data_cntvaluein,lane0,dq0,0,endpoint,2,1,1950.0,1999.5,2049.0,1449.0,1449.0,1449.0,-550.5,-600.0,501.0,0.0,fail_lower,1.0,-1.0,fail_lower,501.0
cntvaluein_bus_skew__idelay_data_cntvaluein__lane1__dq13__ctrl_none__dq13__value_ps,cntvaluein_bus_skew,idelay_data_cntvaluein,lane1,dq13,,dq13,2,1,586.0,722.0,858.0,197.0,197.0,197.0,-525.0,-661.0,389.0,0.0,fail_lower,1.0,-1.0,fail_lower,389.0
direct_max__idelay_data_cntvaluein__lane0__dq6__ctrl_2__endpoint__value_ps,direct_max,idelay_data_cntvaluein,lane0,dq6,2,endpoint,2,1,2275.0,2308.5,2342.0,1794.0,1794.0,1794.0,-514.5,-548.0,481.0,0.0,fail_lower,1.0,-1.0,fail_lower,481.0
direct_max__idelay_dqs_cntvaluein__lane1__dqs1__ctrl_4__endpoint__value_ps,direct_max,idelay_dqs_cntvaluein,lane1,dqs1,4,endpoint,2,1,1078.0,1305.0,1532.0,1819.0,1819.0,1819.0,514.0,287.0,-741.0,1.0,fail_higher,1.0,1.0,fail_higher,287.0
cntvaluein_bus_skew__idelay_data_cntvaluein__lane1__dq11__ctrl_none__dq11__value_ps,cntvaluein_bus_skew,idelay_data_cntvaluein,lane1,dq11,,dq11,2,1,572.0,718.0,864.0,216.0,216.0,216.0,-502.0,-648.0,356.0,0.0,fail_lower,1.0,-1.0,fail_lower,356.0
direct_max__idelay_data_cntvaluein__lane1__dq11__ctrl_2__endpoint__value_ps,direct_max,idelay_data_cntvaluein,lane1,dq11,2,endpoint,2,1,1894.0,1944.5,1995.0,1460.0,1460.0,1460.0,-484.5,-535.0,434.0,0.0,fail_lower,1.0,-1.0,fail_lower,434.0
direct_max__idelay_data_cntvaluein__lane0__dq5__ctrl_2__endpoint__value_ps,direct_max,idelay_data_cntvaluein,lane0,dq5,2,endpoint,2,1,1906.0,2153.5,2401.0,1672.0,1672.0,1672.0,-481.5,-729.0,234.0,0.0,fail_lower,1.0,-1.0,fail_lower,234.0
direct_max__idelay_data_cntvaluein__lane1__dq14__ctrl_2__endpoint__value_ps,direct_max,idelay_data_cntvaluein,lane1,dq14,2,endpoint,2,1,1891.0,1938.0,1985.0,1457.0,1457.0,1457.0,-481.0,-528.0,434.0,0.0,fail_lower,1.0,-1.0,fail_lower,434.0
direct_max__idelay_data_cntvaluein__lane1__dq8__ctrl_2__endpoint__value_ps,direct_max,idelay_data_cntvaluein,lane1,dq8,2,endpoint,2,1,1804.0,1854.0,1904.0,1376.0,1376.0,1376.0,-478.0,-528.0,428.0,0.0,fail_lower,1.0,-1.0,fail_lower,428.0
direct_max__idelay_data_cntvaluein__lane0__dq3__ctrl_1__endpoint__value_ps,direct_max,idelay_data_cntvaluein,lane0,dq3,1,endpoint,2,1,1945.0,1972.5,2000.0,1503.0,1503.0,1503.0,-469.5,-497.0,442.0,0.0,fail_lower,1.0,-1.0,fail_lower,442.0
direct_max__idelay_dqs_cntvaluein__lane0__dqs0__ctrl_4__endpoint__value_ps,direct_max,idelay_dqs_cntvaluein,lane0,dqs0,4,endpoint,2,1,1282.0,1674.0,2066.0,2141.0,2141.0,2141.0,467.0,75.0,-859.0,1.0,fail_higher,1.0,1.0,fail_higher,75.0
direct_max__clocking__all__no_bit__ctrl_none__endpoint__value_ps,direct_max,clocking,all,,,endpoint,2,1,6105.0,6509.5,6914.0,6974.0,6974.0,6974.0,464.5,60.0,-869.0,1.0,fail_higher,1.0,1.0,fail_higher,60.0
lane_spread__clocking__all__no_bit__ctrl_none__lane__value_ps,lane_spread,clocking,all,,,lane,2,1,5986.0,6390.5,6795.0,6855.0,6855.0,6855.0,464.5,60.0,-869.0,1.0,fail_higher,1.0,1.0,fail_higher,60.0
direct_max__idelay_data_cntvaluein__lane0__dq7__ctrl_2__endpoint__value_ps,direct_max,idelay_data_cntvaluein,lane0,dq7,2,endpoint,2,1,2273.0,2334.0,2395.0,1881.0,1881.0,1881.0,-453.0,-514.0,392.0,0.0,fail_lower,1.0,-1.0,fail_lower,392.0
direct_max__idelay_dqs_cntvaluein__lane0__dqs0__ctrl_2__endpoint__value_ps,direct_max,idelay_dqs_cntvaluein,lane0,dqs0,2,endpoint,2,1,1718.0,1897.0,2076.0,2332.0,2332.0,2332.0,435.0,256.0,-614.0,1.0,fail_higher,1.0,1.0,fail_higher,256.0
direct_max__idelay_data_cntvaluein__lane1__dq10__ctrl_2__endpoint__value_ps,direct_max,idelay_data_cntvaluein,lane1,dq10,2,endpoint,2,1,2042.0,2101.0,2160.0,1669.0,1669.0,1669.0,-432.0,-491.0,373.0,0.0,fail_lower,1.0,-1.0,fail_lower,373.0
direct_max__idelay_data_cntvaluein__lane0__dq0__ctrl_1__endpoint__value_ps,direct_max,idelay_data_cntvaluein,lane0,dq0,1,endpoint,2,1,2066.0,2082.0,2098.0,1654.0,1654.0,1654.0,-428.0,-444.0,412.0,0.0,fail_lower,1.0,-1.0,fail_lower,412.0
direct_max__idelay_data_cntvaluein__lane1__dq10__ctrl_1__endpoint__value_ps,direct_max,idelay_data_cntvaluein,lane1,dq10,1,endpoint,2,1,1776.0,1800.5,1825.0,1376.0,1376.0,1376.0,-424.5,-449.0,400.0,0.0,fail_lower,1.0,-1.0,fail_lower,400.0
lane_spread__idelay_data_cntvaluein__lane0__no_bit__ctrl_none__lane__value_ps,lane_spread,idelay_data_cntvaluein,lane0,,,lane,2,1,728.0,1030.0,1332.0,610.0,610.0,610.0,-420.0,-722.0,118.0,0.0,fail_lower,1.0,-1.0,fail_lower,118.0
direct_max__idelay_data_cntvaluein__lane1__dq14__ctrl_0__endpoint__value_ps,direct_max,idelay_data_cntvaluein,lane1,dq14,0,endpoint,2,1,1730.0,1753.5,1777.0,1345.0,1345.0,1345.0,-408.5,-432.0,385.0,0.0,fail_lower,1.0,-1.0,fail_lower,385.0
direct_max__idelay_data_cntvaluein__lane1__dq9__ctrl_3__endpoint__value_ps,direct_max,idelay_data_cntvaluein,lane1,dq9,3,endpoint,2,1,1274.0,1335.0,1396.0,1743.0,1743.0,1743.0,408.0,347.0,-469.0,1.0,fail_higher,1.0,1.0,fail_higher,347.0
cntvaluein_bus_skew__idelay_data_cntvaluein__lane0__dq3__ctrl_none__dq3__value_ps,cntvaluein_bus_skew,idelay_data_cntvaluein,lane0,dq3,,dq3,2,1,448.0,848.5,1249.0,441.0,441.0,441.0,-407.5,-808.0,7.0,0.0,fail_lower,1.0,-1.0,fail_lower,7.0
direct_max__reset_release__all__no_bit__ctrl_none__endpoint__value_ps,direct_max,reset_release,all,,,endpoint,2,1,584.0,584.0,584.0,990.0,990.0,990.0,406.0,406.0,-406.0,1.0,fail_higher,1.0,1.0,fail_higher,406.0
lane_spread__reset_release__all__no_bit__ctrl_none__lane__value_ps,lane_spread,reset_release,all,,,lane,2,1,584.0,584.0,584.0,990.0,990.0,990.0,406.0,406.0,-406.0,1.0,fail_higher,1.0,1.0,fail_higher,406.0
direct_max__idelay_data_cntvaluein__lane1__dq12__ctrl_0__endpoint__value_ps,direct_max,idelay_data_cntvaluein,lane1,dq12,0,endpoint,2,1,1690.0,1734.5,1779.0,1332.0,1332.0,1332.0,-402.5,-447.0,358.0,0.0,fail_lower,1.0,-1.0,fail_lower,358.0
direct_max__idelay_data_cntvaluein__lane1__dq13__ctrl_2__endpoint__value_ps,direct_max,idelay_data_cntvaluein,lane1,dq13,2,endpoint,2,1,1896.0,1946.0,1996.0,1544.0,1544.0,1544.0,-402.0,-452.0,352.0,0.0,fail_lower,1.0,-1.0,fail_lower,352.0
cntvaluein_bus_skew__idelay_dqs_cntvaluein__lane1__dqs1__ctrl_none__dqs1__value_ps,cntvaluein_bus_skew,idelay_dqs_cntvaluein,lane1,dqs1,,dqs1,2,1,731.0,849.5,968.0,451.0,451.0,451.0,-398.5,-517.0,280.0,0.0,fail_lower,1.0,-1.0,fail_lower,280.0
lane_spread__idelay_dqs_cntvaluein__lane1__no_bit__ctrl_none__lane__value_ps,lane_spread,idelay_dqs_cntvaluein,lane1,,,lane,2,1,731.0,849.5,968.0,451.0,451.0,451.0,-398.5,-517.0,280.0,0.0,fail_lower,1.0,-1.0,fail_lower,280.0
direct_max__idelay_data_cntvaluein__lane1__dq15__ctrl_3__endpoint__value_ps,direct_max,idelay_data_cntvaluein,lane1,dq15,3,endpoint,2,1,1194.0,1254.5,1315.0,1652.0,1652.0,1652.0,397.5,337.0,-458.0,1.0,fail_higher,1.0,1.0,fail_higher,337.0
direct_max__dq_iologic__lane1__dq14__ctrl_none__endpoint__value_ps,direct_max,dq_iologic,lane1,dq14,,endpoint,2,1,2348.0,2665.0,2982.0,2269.0,2269.0,2269.0,-396.0,-713.0,79.0,0.0,fail_lower,1.0,-1.0,fail_lower,79.0
direct_max__idelay_data_cntvaluein__lane0__dq4__ctrl_3__endpoint__value_ps,direct_max,idelay_data_cntvaluein,lane0,dq4,3,endpoint,2,1,1917.0,2100.0,2283.0,1713.0,1713.0,1713.0,-387.0,-570.0,204.0,0.0,fail_lower,1.0,-1.0,fail_lower,204.0
direct_max__idelay_data_cntvaluein__lane1__dq15__ctrl_1__endpoint__value_ps,direct_max,idelay_data_cntvaluein,lane1,dq15,1,endpoint,2,1,1514.0,1575.0,1636.0,1190.0,1190.0,1190.0,-385.0,-446.0,324.0,0.0,fail_lower,1.0,-1.0,fail_lower,324.0
direct_max__idelay_data_cntvaluein__lane0__dq4__ctrl_2__endpoint__value_ps,direct_max,idelay_data_cntvaluein,lane0,dq4,2,endpoint,2,1,2180.0,2222.5,2265.0,1847.0,1847.0,1847.0,-375.5,-418.0,333.0,0.0,fail_lower,1.0,-1.0,fail_lower,333.0
direct_max__dq_iologic__lane1__dq9__ctrl_none__endpoint__value_ps,direct_max,dq_iologic,lane1,dq9,,endpoint,2,1,1998.0,2296.5,2595.0,1929.0,1929.0,1929.0,-367.5,-666.0,69.0,0.0,fail_lower,1.0,-1.0,fail_lower,69.0
direct_max__idelay_data_cntvaluein__lane1__dq15__ctrl_2__endpoint__value_ps,direct_max,idelay_data_cntvaluein,lane1,dq15,2,endpoint,2,1,1542.0,1592.5,1643.0,1228.0,1228.0,1228.0,-364.5,-415.0,314.0,0.0,fail_lower,1.0,-1.0,fail_lower,314.0
direct_max__idelay_data_cntvaluein__lane1__dq9__ctrl_1__endpoint__value_ps,direct_max,idelay_data_cntvaluein,lane1,dq9,1,endpoint,2,1,1600.0,1632.0,1664.0,1271.0,1271.0,1271.0,-361.0,-393.0,329.0,0.0,fail_lower,1.0,-1.0,fail_lower,329.0
direct_max__idelay_data_cntvaluein__lane0__dq2__ctrl_4__endpoint__value_ps,direct_max,idelay_data_cntvaluein,lane0,dq2,4,endpoint,2,1,1820.0,1828.5,1837.0,1468.0,1468.0,1468.0,-360.5,-369.0,352.0,0.0,fail_lower,1.0,-1.0,fail_lower,352.0
cntvaluein_bus_skew__idelay_data_cntvaluein__lane1__dq12__ctrl_none__dq12__value_ps,cntvaluein_bus_skew,idelay_data_cntvaluein,lane1,dq12,,dq12,2,1,526.0,786.5,1047.0,429.0,429.0,429.0,-357.5,-618.0,97.0,0.0,fail_lower,1.0,-1.0,fail_lower,97.0
direct_max__idelay_data_cntvaluein__lane0__dq3__ctrl_2__endpoint__value_ps,direct_max,idelay_data_cntvaluein,lane0,dq3,2,endpoint,2,1,1815.0,2066.5,2318.0,1715.0,1715.0,1715.0,-351.5,-603.0,100.0,0.0,fail_lower,1.0,-1.0,fail_lower,100.0
direct_max__idelay_ld__lane0__dqs0__ctrl_none__endpoint__value_ps,direct_max,idelay_ld,lane0,dqs0,,endpoint,2,1,1370.0,1708.0,2046.0,2055.0,2055.0,2055.0,347.0,9.0,-685.0,1.0,fail_higher,1.0,1.0,fail_higher,9.0
direct_max__idelay_data_cntvaluein__lane0__dq1__ctrl_1__endpoint__value_ps,direct_max,idelay_data_cntvaluein,lane0,dq1,1,endpoint,2,1,2042.0,2073.5,2105.0,1735.0,1735.0,1735.0,-338.5,-370.0,307.0,0.0,fail_lower,1.0,-1.0,fail_lower,307.0
direct_max__idelay_data_cntvaluein__lane1__dq12__ctrl_2__endpoint__value_ps,direct_max,idelay_data_cntvaluein,lane1,dq12,2,endpoint,2,1,1978.0,2097.0,2216.0,1761.0,1761.0,1761.0,-336.0,-455.0,217.0,0.0,fail_lower,1.0,-1.0,fail_lower,217.0
direct_max__idelay_dqs_cntvaluein__lane1__dqs1__ctrl_3__endpoint__value_ps,direct_max,idelay_dqs_cntvaluein,lane1,dqs1,3,endpoint,2,1,1598.0,1703.5,1809.0,1368.0,1368.0,1368.0,-335.5,-441.0,230.0,0.0,fail_lower,1.0,-1.0,fail_lower,230.0
lane_spread__idelay_data_cntvaluein__lane1__no_bit__ctrl_none__lane__value_ps,lane_spread,idelay_data_cntvaluein,lane1,,,lane,2,1,848.0,989.5,1131.0,658.0,658.0,658.0,-331.5,-473.0,190.0,0.0,fail_lower,1.0,-1.0,fail_lower,190.0
direct_max__dq_iologic__lane0__dq3__ctrl_none__endpoint__value_ps,direct_max,dq_iologic,lane0,dq3,,endpoint,2,1,2430.0,2458.0,2486.0,2127.0,2127.0,2127.0,-331.0,-359.0,303.0,0.0,fail_lower,1.0,-1.0,fail_lower,303.0
direct_max__idelay_data_cntvaluein__lane1__dq11__ctrl_1__endpoint__value_ps,direct_max,idelay_data_cntvaluein,lane1,dq11,1,endpoint,2,1,1641.0,1659.0,1677.0,1328.0,1328.0,1328.0,-331.0,-349.0,313.0,0.0,fail_lower,1.0,-1.0,fail_lower,313.0
direct_max__idelay_data_cntvaluein__lane0__dq6__ctrl_4__endpoint__value_ps,direct_max,idelay_data_cntvaluein,lane0,dq6,4,endpoint,2,1,1822.0,1877.0,1932.0,1550.0,1550.0,1550.0,-327.0,-382.0,272.0,0.0,fail_lower,1.0,-1.0,fail_lower,272.0
direct_max__idelay_data_cntvaluein__lane0__dq5__ctrl_1__endpoint__value_ps,direct_max,idelay_data_cntvaluein,lane0,dq5,1,endpoint,2,1,1815.0,1910.5,2006.0,1588.0,1588.0,1588.0,-322.5,-418.0,227.0,0.0,fail_lower,1.0,-1.0,fail_lower,227.0
direct_max__dq_iologic__lane1__dq12__ctrl_none__endpoint__value_ps,direct_max,dq_iologic,lane1,dq12,,endpoint,2,1,2239.0,2552.0,2865.0,2236.0,2236.0,2236.0,-316.0,-629.0,3.0,0.0,fail_lower,1.0,-1.0,fail_lower,3.0
control_fanout_spread__idelay_data_cntvaluein__lane0__no_bit__ctrl_3__lane_control_bit__value_ps,control_fanout_spread,idelay_data_cntvaluein,lane0,,3,lane_control_bit,2,1,472.0,543.0,614.0,229.0,229.0,229.0,-314.0,-385.0,243.0,0.0,fail_lower,1.0,-1.0,fail_lower,243.0
direct_max__idelay_ld__lane1__dq15__ctrl_none__endpoint__value_ps,direct_max,idelay_ld,lane1,dq15,,endpoint,2,1,1460.0,1586.0,1712.0,1277.0,1277.0,1277.0,-309.0,-435.0,183.0,0.0,fail_lower,1.0,-1.0,fail_lower,183.0
direct_max__idelay_data_cntvaluein__lane0__dq2__ctrl_3__endpoint__value_ps,direct_max,idelay_data_cntvaluein,lane0,dq2,3,endpoint,2,1,1925.0,2105.5,2286.0,1797.0,1797.0,1797.0,-308.5,-489.0,128.0,0.0,fail_lower,1.0,-1.0,fail_lower,128.0
direct_max__idelay_data_cntvaluein__lane0__dq6__ctrl_3__endpoint__value_ps,direct_max,idelay_data_cntvaluein,lane0,dq6,3,endpoint,2,1,2019.0,2198.5,2378.0,1891.0,1891.0,1891.0,-307.5,-487.0,128.0,0.0,fail_lower,1.0,-1.0,fail_lower,128.0
direct_max__idelay_data_cntvaluein__lane1__dq13__ctrl_1__endpoint__value_ps,direct_max,idelay_data_cntvaluein,lane1,dq13,1,endpoint,2,1,1703.0,1714.5,1726.0,1411.0,1411.0,1411.0,-303.5,-315.0,292.0,0.0,fail_lower,1.0,-1.0,fail_lower,292.0
direct_max__dq_iologic__lane0__dq5__ctrl_none__endpoint__value_ps,direct_max,dq_iologic,lane0,dq5,,endpoint,2,1,1985.0,2102.5,2220.0,2394.0,2394.0,2394.0,291.5,174.0,-409.0,1.0,fail_higher,1.0,1.0,fail_higher,174.0
direct_max__dq_iologic__lane0__dq2__ctrl_none__endpoint__value_ps,direct_max,dq_iologic,lane0,dq2,,endpoint,2,1,2069.0,2075.5,2082.0,2365.0,2365.0,2365.0,289.5,283.0,-296.0,1.0,fail_higher,1.0,1.0,fail_higher,283.0
direct_max__idelay_data_cntvaluein__lane0__dq4__ctrl_1__endpoint__value_ps,direct_max,idelay_data_cntvaluein,lane0,dq4,1,endpoint,2,1,2082.0,2110.0,2138.0,1827.0,1827.0,1827.0,-283.0,-311.0,255.0,0.0,fail_lower,1.0,-1.0,fail_lower,255.0
direct_max__idelay_data_cntvaluein__lane0__dq7__ctrl_4__endpoint__value_ps,direct_max,idelay_data_cntvaluein,lane0,dq7,4,endpoint,2,1,1902.0,1913.0,1924.0,1631.0,1631.0,1631.0,-282.0,-293.0,271.0,0.0,fail_lower,1.0,-1.0,fail_lower,271.0
direct_max__idelay_data_cntvaluein__lane0__dq7__ctrl_1__endpoint__value_ps,direct_max,idelay_data_cntvaluein,lane0,dq7,1,endpoint,2,1,2164.0,2197.0,2230.0,1919.0,1919.0,1919.0,-278.0,-311.0,245.0,0.0,fail_lower,1.0,-1.0,fail_lower,245.0
direct_max__idelay_data_cntvaluein__lane1__dq8__ctrl_4__endpoint__value_ps,direct_max,idelay_data_cntvaluein,lane1,dq8,4,endpoint,2,1,1264.0,1403.0,1542.0,1674.0,1674.0,1674.0,271.0,132.0,-410.0,1.0,fail_higher,1.0,1.0,fail_higher,132.0
direct_max__idelay_data_cntvaluein__lane0__dq5__ctrl_0__endpoint__value_ps,direct_max,idelay_data_cntvaluein,lane0,dq5,0,endpoint,2,1,1789.0,1794.5,1800.0,1531.0,1531.0,1531.0,-263.5,-269.0,258.0,0.0,fail_lower,1.0,-1.0,fail_lower,258.0
direct_max__idelay_ld__lane1__dq9__ctrl_none__endpoint__value_ps,direct_max,idelay_ld,lane1,dq9,,endpoint,2,1,1383.0,1590.0,1797.0,1330.0,1330.0,1330.0,-260.0,-467.0,53.0,0.0,fail_lower,1.0,-1.0,fail_lower,53.0
direct_max__idelay_data_cntvaluein__lane1__dq8__ctrl_0__endpoint__value_ps,direct_max,idelay_data_cntvaluein,lane1,dq8,0,endpoint,2,1,1570.0,1693.5,1817.0,1434.0,1434.0,1434.0,-259.5,-383.0,136.0,0.0,fail_lower,1.0,-1.0,fail_lower,136.0
direct_max__idelay_data_cntvaluein__lane0__dq1__ctrl_2__endpoint__value_ps,direct_max,idelay_data_cntvaluein,lane0,dq1,2,endpoint,2,1,2088.0,2198.5,2309.0,1945.0,1945.0,1945.0,-253.5,-364.0,143.0,0.0,fail_lower,1.0,-1.0,fail_lower,143.0
direct_max__idelay_data_cntvaluein__lane0__dq3__ctrl_0__endpoint__value_ps,direct_max,idelay_data_cntvaluein,lane0,dq3,0,endpoint,2,1,1741.0,1808.5,1876.0,1557.0,1557.0,1557.0,-251.5,-319.0,184.0,0.0,fail_lower,1.0,-1.0,fail_lower,184.0
direct_max__idelay_data_cntvaluein__lane1__dq12__ctrl_1__endpoint__value_ps,direct_max,idelay_data_cntvaluein,lane1,dq12,1,endpoint,2,1,1631.0,1703.5,1776.0,1457.0,1457.0,1457.0,-246.5,-319.0,174.0,0.0,fail_lower,1.0,-1.0,fail_lower,174.0
direct_max__idelay_data_cntvaluein__lane0__dq5__ctrl_3__endpoint__value_ps,direct_max,idelay_data_cntvaluein,lane0,dq5,3,endpoint,2,1,1547.0,1698.5,1850.0,1942.0,1942.0,1942.0,243.5,92.0,-395.0,1.0,fail_higher,1.0,1.0,fail_higher,92.0
direct_max__idelay_data_cntvaluein__lane1__dq9__ctrl_2__endpoint__value_ps,direct_max,idelay_data_cntvaluein,lane1,dq9,2,endpoint,2,1,1478.0,1560.5,1643.0,1317.0,1317.0,1317.0,-243.5,-326.0,161.0,0.0,fail_lower,1.0,-1.0,fail_lower,161.0
direct_max__idelay_data_cntvaluein__lane0__dq2__ctrl_2__endpoint__value_ps,direct_max,idelay_data_cntvaluein,lane0,dq2,2,endpoint,2,1,2177.0,2179.0,2181.0,1937.0,1937.0,1937.0,-242.0,-244.0,240.0,0.0,fail_lower,1.0,-1.0,fail_lower,240.0
direct_max__idelay_data_cntvaluein__lane0__dq0__ctrl_2__endpoint__value_ps,direct_max,idelay_data_cntvaluein,lane0,dq0,2,endpoint,2,1,2144.0,2180.5,2217.0,1939.0,1939.0,1939.0,-241.5,-278.0,205.0,0.0,fail_lower,1.0,-1.0,fail_lower,205.0
direct_max__idelay_data_cntvaluein__lane1__dq10__ctrl_0__endpoint__value_ps,direct_max,idelay_data_cntvaluein,lane1,dq10,0,endpoint,2,1,1557.0,1651.5,1746.0,1417.0,1417.0,1417.0,-234.5,-329.0,140.0,0.0,fail_lower,1.0,-1.0,fail_lower,140.0
direct_max__idelay_data_cntvaluein__lane0__dq2__ctrl_1__endpoint__value_ps,direct_max,idelay_data_cntvaluein,lane0,dq2,1,endpoint,2,1,2039.0,2056.0,2073.0,1828.0,1828.0,1828.0,-228.0,-245.0,211.0,0.0,fail_lower,1.0,-1.0,fail_lower,211.0
direct_max__idelay_dqs_cntvaluein__lane0__dqs0__ctrl_1__endpoint__value_ps,direct_max,idelay_dqs_cntvaluein,lane0,dqs0,1,endpoint,2,1,1988.0,2002.0,2016.0,1779.0,1779.0,1779.0,-223.0,-237.0,209.0,0.0,fail_lower,1.0,-1.0,fail_lower,209.0
control_fanout_spread__idelay_data_cntvaluein__lane1__no_bit__ctrl_1__lane_control_bit__value_ps,control_fanout_spread,idelay_data_cntvaluein,lane1,,1,lane_control_bit,2,1,145.0,228.0,311.0,449.0,449.0,449.0,221.0,138.0,-304.0,1.0,fail_higher,1.0,1.0,fail_higher,138.0
direct_max__idelay_data_cntvaluein__lane1__dq9__ctrl_4__endpoint__value_ps,direct_max,idelay_data_cntvaluein,lane1,dq9,4,endpoint,2,1,1437.0,1467.5,1498.0,1682.0,1682.0,1682.0,214.5,184.0,-245.0,1.0,fail_higher,1.0,1.0,fail_higher,184.0
direct_max__idelay_data_cntvaluein__lane0__dq1__ctrl_4__endpoint__value_ps,direct_max,idelay_data_cntvaluein,lane0,dq1,4,endpoint,2,1,1741.0,1916.5,2092.0,1708.0,1708.0,1708.0,-208.5,-384.0,33.0,0.0,fail_lower,1.0,-1.0,fail_lower,33.0
direct_max__idelay_dqs_cntvaluein__lane0__dqs0__ctrl_3__endpoint__value_ps,direct_max,idelay_dqs_cntvaluein,lane0,dqs0,3,endpoint,2,1,1687.0,1840.0,1993.0,1641.0,1641.0,1641.0,-199.0,-352.0,46.0,0.0,fail_lower,1.0,-1.0,fail_lower,46.0
cntvaluein_bus_skew__idelay_data_cntvaluein__lane0__dq2__ctrl_none__dq2__value_ps,cntvaluein_bus_skew,idelay_data_cntvaluein,lane0,dq2,,dq2,2,1,361.0,405.0,449.0,602.0,602.0,602.0,197.0,153.0,-241.0,1.0,fail_higher,1.0,1.0,fail_higher,153.0
lane_spread__idelay_ld__lane1__no_bit__ctrl_none__lane__value_ps,lane_spread,idelay_ld,lane1,,,lane,2,1,217.0,261.5,306.0,458.0,458.0,458.0,196.5,152.0,-241.0,1.0,fail_higher,1.0,1.0,fail_higher,152.0
direct_max__idelay_data_cntvaluein__lane1__dq15__ctrl_4__endpoint__value_ps,direct_max,idelay_data_cntvaluein,lane1,dq15,4,endpoint,2,1,1348.0,1409.0,1470.0,1603.0,1603.0,1603.0,194.0,133.0,-255.0,1.0,fail_higher,1.0,1.0,fail_higher,133.0
direct_max__idelay_data_cntvaluein__lane0__dq3__ctrl_3__endpoint__value_ps,direct_max,idelay_data_cntvaluein,lane0,dq3,3,endpoint,2,1,1552.0,1658.0,1764.0,1850.0,1850.0,1850.0,192.0,86.0,-298.0,1.0,fail_higher,1.0,1.0,fail_higher,86.0
direct_max__idelay_data_cntvaluein__lane1__dq13__ctrl_3__endpoint__value_ps,direct_max,idelay_data_cntvaluein,lane1,dq13,3,endpoint,2,1,1310.0,1422.0,1534.0,1608.0,1608.0,1608.0,186.0,74.0,-298.0,1.0,fail_higher,1.0,1.0,fail_higher,74.0
direct_max__dq_iologic__lane0__dq1__ctrl_none__endpoint__value_ps,direct_max,dq_iologic,lane0,dq1,,endpoint,2,1,2130.0,2160.0,2190.0,2342.0,2342.0,2342.0,182.0,152.0,-212.0,1.0,fail_higher,1.0,1.0,fail_higher,152.0
cntvaluein_bus_skew__idelay_data_cntvaluein__lane0__dq1__ctrl_none__dq1__value_ps,cntvaluein_bus_skew,idelay_data_cntvaluein,lane0,dq1,,dq1,2,1,273.0,420.5,568.0,595.0,595.0,595.0,174.5,27.0,-322.0,1.0,fail_higher,1.0,1.0,fail_higher,27.0
direct_max__idelay_dqs_cntvaluein__lane1__dqs1__ctrl_0__endpoint__value_ps,direct_max,idelay_dqs_cntvaluein,lane1,dqs1,0,endpoint,2,1,1213.0,1239.5,1266.0,1411.0,1411.0,1411.0,171.5,145.0,-198.0,1.0,fail_higher,1.0,1.0,fail_higher,145.0
direct_max__idelay_ld__lane1__dq10__ctrl_none__endpoint__value_ps,direct_max,idelay_ld,lane1,dq10,,endpoint,2,1,1689.0,1768.5,1848.0,1598.0,1598.0,1598.0,-170.5,-250.0,91.0,0.0,fail_lower,1.0,-1.0,fail_lower,91.0
control_fanout_spread__idelay_data_cntvaluein__lane0__no_bit__ctrl_0__lane_control_bit__value_ps,control_fanout_spread,idelay_data_cntvaluein,lane0,,0,lane_control_bit,2,1,355.0,384.0,413.0,222.0,222.0,222.0,-162.0,-191.0,133.0,0.0,fail_lower,1.0,-1.0,fail_lower,133.0
direct_max__idelay_data_cntvaluein__lane1__dq14__ctrl_1__endpoint__value_ps,direct_max,idelay_data_cntvaluein,lane1,dq14,1,endpoint,2,1,1684.0,1708.5,1733.0,1549.0,1549.0,1549.0,-159.5,-184.0,135.0,0.0,fail_lower,1.0,-1.0,fail_lower,135.0
control_fanout_spread__idelay_data_cntvaluein__lane1__no_bit__ctrl_3__lane_control_bit__value_ps,control_fanout_spread,idelay_data_cntvaluein,lane1,,3,lane_control_bit,2,1,440.0,486.5,533.0,332.0,332.0,332.0,-154.5,-201.0,108.0,0.0,fail_lower,1.0,-1.0,fail_lower,108.0
cntvaluein_bus_skew__idelay_data_cntvaluein__lane1__dq9__ctrl_none__dq9__value_ps,cntvaluein_bus_skew,idelay_data_cntvaluein,lane1,dq9,,dq9,2,1,314.0,320.0,326.0,472.0,472.0,472.0,152.0,146.0,-158.0,1.0,fail_higher,1.0,1.0,fail_higher,146.0
control_fanout_spread__idelay_data_cntvaluein__lane1__no_bit__ctrl_4__lane_control_bit__value_ps,control_fanout_spread,idelay_data_cntvaluein,lane1,,4,lane_control_bit,2,1,352.0,364.5,377.0,217.0,217.0,217.0,-147.5,-160.0,135.0,0.0,fail_lower,1.0,-1.0,fail_lower,135.0
direct_max__idelay_data_cntvaluein__lane0__dq6__ctrl_1__endpoint__value_ps,direct_max,idelay_data_cntvaluein,lane0,dq6,1,endpoint,2,1,1968.0,2067.5,2167.0,1922.0,1922.0,1922.0,-145.5,-245.0,46.0,0.0,fail_lower,1.0,-1.0,fail_lower,46.0
cntvaluein_bus_skew__idelay_data_cntvaluein__lane0__dq6__ctrl_none__dq6__value_ps,cntvaluein_bus_skew,idelay_data_cntvaluein,lane0,dq6,,dq6,2,1,446.0,449.5,453.0,584.0,584.0,584.0,134.5,131.0,-138.0,1.0,fail_higher,1.0,1.0,fail_higher,131.0
direct_max__idelay_dqs_cntvaluein__lane1__dqs1__ctrl_1__endpoint__value_ps,direct_max,idelay_dqs_cntvaluein,lane1,dqs1,1,endpoint,2,1,1467.0,1518.0,1569.0,1649.0,1649.0,1649.0,131.0,80.0,-182.0,1.0,fail_higher,1.0,1.0,fail_higher,80.0
direct_max__idelay_data_cntvaluein__lane1__dq11__ctrl_3__endpoint__value_ps,direct_max,idelay_data_cntvaluein,lane1,dq11,3,endpoint,2,1,1322.0,1387.0,1452.0,1516.0,1516.0,1516.0,129.0,64.0,-194.0,1.0,fail_higher,1.0,1.0,fail_higher,64.0
cntvaluein_bus_skew__idelay_data_cntvaluein__lane0__dq4__ctrl_none__dq4__value_ps,cntvaluein_bus_skew,idelay_data_cntvaluein,lane0,dq4,,dq4,2,1,279.0,366.0,453.0,491.0,491.0,491.0,125.0,38.0,-212.0,1.0,fail_higher,1.0,1.0,fail_higher,38.0
direct_max__dq_iologic__lane0__dq0__ctrl_none__endpoint__value_ps,direct_max,dq_iologic,lane0,dq0,,endpoint,2,1,2183.0,2219.5,2256.0,2342.0,2342.0,2342.0,122.5,86.0,-159.0,1.0,fail_higher,1.0,1.0,fail_higher,86.0
lane_spread__idelay_ld__lane0__no_bit__ctrl_none__lane__value_ps,lane_spread,idelay_ld,lane0,,,lane,2,1,352.0,384.5,417.0,501.0,501.0,501.0,116.5,84.0,-149.0,1.0,fail_higher,1.0,1.0,fail_higher,84.0
direct_max__idelay_ld__lane1__dq11__ctrl_none__endpoint__value_ps,direct_max,idelay_ld,lane1,dq11,,endpoint,2,1,1664.0,1738.0,1812.0,1623.0,1623.0,1623.0,-115.0,-189.0,41.0,0.0,fail_lower,1.0,-1.0,fail_lower,41.0
control_fanout_spread__idelay_data_cntvaluein__lane0__no_bit__ctrl_1__lane_control_bit__value_ps,control_fanout_spread,idelay_data_cntvaluein,lane0,,1,lane_control_bit,2,1,262.0,307.0,352.0,419.0,419.0,419.0,112.0,67.0,-157.0,1.0,fail_higher,1.0,1.0,fail_higher,67.0
direct_max__idelay_data_cntvaluein__lane1__dq10__ctrl_3__endpoint__value_ps,direct_max,idelay_data_cntvaluein,lane1,dq10,3,endpoint,2,1,1368.0,1474.0,1580.0,1583.0,1583.0,1583.0,109.0,3.0,-215.0,1.0,fail_higher,1.0,1.0,fail_higher,3.0
direct_max__idelay_data_cntvaluein__lane1__dq8__ctrl_1__endpoint__value_ps,direct_max,idelay_data_cntvaluein,lane1,dq8,1,endpoint,2,1,1674.0,1746.5,1819.0,1639.0,1639.0,1639.0,-107.5,-180.0,35.0,0.0,fail_lower,1.0,-1.0,fail_lower,35.0
direct_max__dq_iologic__lane0__dq4__ctrl_none__endpoint__value_ps,direct_max,dq_iologic,lane0,dq4,,endpoint,2,1,2130.0,2232.5,2335.0,2338.0,2338.0,2338.0,105.5,3.0,-208.0,1.0,fail_higher,1.0,1.0,fail_higher,3.0
direct_max__idelay_data_cntvaluein__lane0__dq4__ctrl_4__endpoint__value_ps,direct_max,idelay_data_cntvaluein,lane0,dq4,4,endpoint,2,1,1830.0,1865.5,1901.0,1794.0,1794.0,1794.0,-71.5,-107.0,36.0,0.0,fail_lower,1.0,-1.0,fail_lower,36.0
direct_max__idelay_dqs_cntvaluein__lane0__dqs0__ctrl_0__endpoint__value_ps,direct_max,idelay_dqs_cntvaluein,lane0,dqs0,0,endpoint,2,1,1605.0,1616.5,1628.0,1677.0,1677.0,1677.0,60.5,49.0,-72.0,1.0,fail_higher,1.0,1.0,fail_higher,49.0
control_fanout_spread__idelay_data_cntvaluein__lane1__no_bit__ctrl_2__lane_control_bit__value_ps,control_fanout_spread,idelay_data_cntvaluein,lane1,,2,lane_control_bit,2,1,564.0,568.5,573.0,533.0,533.0,533.0,-35.5,-40.0,31.0,0.0,fail_lower,1.0,-1.0,fail_lower,31.0
direct_max__idelay_ld__lane1__dq8__ctrl_none__endpoint__value_ps,direct_max,idelay_ld,lane1,dq8,,endpoint,2,1,1675.0,1680.0,1685.0,1705.0,1705.0,1705.0,25.0,20.0,-30.0,1.0,fail_higher,1.0,1.0,fail_higher,20.0
direct_max__idelay_data_cntvaluein__lane1__dq12__ctrl_3__endpoint__value_ps,direct_max,idelay_data_cntvaluein,lane1,dq12,3,endpoint,2,1,1452.0,1559.0,1666.0,1666.0,1666.0,1666.0,107.0,0.0,-214.0,0.75,fail_higher,0.75,0.5,overlap,0.0
direct_max__idelay_data_cntvaluein__lane1__dq8__ctrl_3__endpoint__value_ps,direct_max,idelay_data_cntvaluein,lane1,dq8,3,endpoint,2,1,1634.0,1741.0,1848.0,1848.0,1848.0,1848.0,107.0,0.0,-214.0,0.75,fail_higher,0.75,0.5,overlap,0.0
direct_max__idelay_data_cntvaluein__lane1__dq14__ctrl_3__endpoint__value_ps,direct_max,idelay_data_cntvaluein,lane1,dq14,3,endpoint,2,1,1544.0,1650.0,1756.0,1756.0,1756.0,1756.0,106.0,0.0,-212.0,0.75,fail_higher,0.75,0.5,overlap,0.0
lane_spread__dq_iologic__lane1__no_bit__ctrl_none__lane__value_ps,lane_spread,dq_iologic,lane1,,,lane,2,1,2358.0,2838.5,3319.0,2420.0,2420.0,2420.0,-418.5,-899.0,-62.0,0.5,fail_higher,0.5,0.0,overlap,0.0
cntvaluein_bus_skew__idelay_data_cntvaluein__lane0__dq5__ctrl_none__dq5__value_ps,cntvaluein_bus_skew,idelay_data_cntvaluein,lane0,dq5,,dq5,2,1,459.0,867.5,1276.0,479.0,479.0,479.0,-388.5,-797.0,-20.0,0.5,fail_higher,0.5,0.0,overlap,0.0
direct_max__dq_iologic__lane1__dq8__ctrl_none__endpoint__value_ps,direct_max,dq_iologic,lane1,dq8,,endpoint,2,1,2358.0,2749.5,3141.0,2417.0,2417.0,2417.0,-332.5,-724.0,-59.0,0.5,fail_higher,0.5,0.0,overlap,0.0
direct_max__idelay_ld__lane0__dq6__ctrl_none__endpoint__value_ps,direct_max,idelay_ld,lane0,dq6,,endpoint,2,1,1371.0,1695.0,2019.0,1963.0,1963.0,1963.0,268.0,-56.0,-592.0,0.5,fail_higher,0.5,0.0,overlap,0.0
direct_max__dq_iologic__lane1__dq10__ctrl_none__endpoint__value_ps,direct_max,dq_iologic,lane1,dq10,,endpoint,2,1,2039.0,2679.0,3319.0,2420.0,2420.0,2420.0,-259.0,-899.0,-381.0,0.5,fail_higher,0.5,0.0,overlap,0.0
direct_max__idelay_ld__lane0__dq7__ctrl_none__endpoint__value_ps,direct_max,idelay_ld,lane0,dq7,,endpoint,2,1,1360.0,1621.5,1883.0,1871.0,1871.0,1871.0,249.5,-12.0,-511.0,0.5,fail_higher,0.5,0.0,overlap,0.0
direct_max__idelay_ld__lane0__dq4__ctrl_none__endpoint__value_ps,direct_max,idelay_ld,lane0,dq4,,endpoint,2,1,1330.0,1652.5,1975.0,1868.0,1868.0,1868.0,215.5,-107.0,-538.0,0.5,fail_higher,0.5,0.0,overlap,0.0
control_fanout_spread__idelay_data_cntvaluein__lane0__no_bit__ctrl_4__lane_control_bit__value_ps,control_fanout_spread,idelay_data_cntvaluein,lane0,,4,lane_control_bit,2,1,331.0,597.0,863.0,385.0,385.0,385.0,-212.0,-478.0,-54.0,0.5,fail_higher,0.5,0.0,overlap,0.0
control_fanout_spread__idelay_data_cntvaluein__lane1__no_bit__ctrl_0__lane_control_bit__value_ps,control_fanout_spread,idelay_data_cntvaluein,lane1,,0,lane_control_bit,2,1,241.0,464.5,688.0,265.0,265.0,265.0,-199.5,-423.0,-24.0,0.5,fail_higher,0.5,0.0,overlap,0.0
direct_max__idelay_ld__lane0__dq1__ctrl_none__endpoint__value_ps,direct_max,idelay_ld,lane0,dq1,,endpoint,2,1,1190.0,1717.0,2244.0,1909.0,1909.0,1909.0,192.0,-335.0,-719.0,0.5,fail_higher,0.5,0.0,overlap,0.0
cntvaluein_bus_skew__idelay_data_cntvaluein__lane1__dq14__ctrl_none__dq14__value_ps,cntvaluein_bus_skew,idelay_data_cntvaluein,lane1,dq14,,dq14,2,1,347.0,576.0,805.0,411.0,411.0,411.0,-165.0,-394.0,-64.0,0.5,fail_higher,0.5,0.0,overlap,0.0
direct_max__dq_iologic__lane0__dq7__ctrl_none__endpoint__value_ps,direct_max,dq_iologic,lane0,dq7,,endpoint,2,1,2107.0,2336.0,2565.0,2499.0,2499.0,2499.0,163.0,-66.0,-392.0,0.5,fail_higher,0.5,0.0,overlap,0.0
direct_max__dq_iologic__lane0__dq6__ctrl_none__endpoint__value_ps,direct_max,dq_iologic,lane0,dq6,,endpoint,2,1,2025.0,2253.5,2482.0,2414.0,2414.0,2414.0,160.5,-68.0,-389.0,0.5,fail_higher,0.5,0.0,overlap,0.0
direct_max__dq_iologic__lane1__dq13__ctrl_none__endpoint__value_ps,direct_max,dq_iologic,lane1,dq13,,endpoint,2,1,2056.0,2400.0,2744.0,2259.0,2259.0,2259.0,-141.0,-485.0,-203.0,0.5,fail_higher,0.5,0.0,overlap,0.0
direct_max__idelay_ld__lane0__dq2__ctrl_none__endpoint__value_ps,direct_max,idelay_ld,lane0,dq2,,endpoint,2,1,1276.0,1652.0,2028.0,1786.0,1786.0,1786.0,134.0,-242.0,-510.0,0.5,fail_higher,0.5,0.0,overlap,0.0
direct_max__idelay_data_cntvaluein__lane0__dq0__ctrl_4__endpoint__value_ps,direct_max,idelay_data_cntvaluein,lane0,dq0,4,endpoint,2,1,1654.0,1830.0,2006.0,1700.0,1700.0,1700.0,-130.0,-306.0,-46.0,0.5,fail_higher,0.5,0.0,overlap,0.0
direct_max__idelay_ld__lane0__dq5__ctrl_none__endpoint__value_ps,direct_max,idelay_ld,lane0,dq5,,endpoint,2,1,1542.0,1684.5,1827.0,1564.0,1564.0,1564.0,-120.5,-263.0,-22.0,0.5,fail_higher,0.5,0.0,overlap,0.0
direct_max__idelay_ld__lane0__dq0__ctrl_none__endpoint__value_ps,direct_max,idelay_ld,lane0,dq0,,endpoint,2,1,1271.0,1702.5,2134.0,1819.0,1819.0,1819.0,116.5,-315.0,-548.0,0.5,fail_higher,0.5,0.0,overlap,0.0
direct_max__idelay_data_cntvaluein__lane1__dq13__ctrl_0__endpoint__value_ps,direct_max,idelay_data_cntvaluein,lane1,dq13,0,endpoint,2,1,1343.0,1500.0,1657.0,1597.0,1597.0,1597.0,97.0,-60.0,-254.0,0.5,fail_higher,0.5,0.0,overlap,0.0
direct_max__dq_iologic__lane1__dq11__ctrl_none__endpoint__value_ps,direct_max,dq_iologic,lane1,dq11,,endpoint,2,1,2233.0,2488.5,2744.0,2394.0,2394.0,2394.0,-94.5,-350.0,-161.0,0.5,fail_higher,0.5,0.0,overlap,0.0
direct_max__idelay_ld__lane0__dq3__ctrl_none__endpoint__value_ps,direct_max,idelay_ld,lane0,dq3,,endpoint,2,1,1452.0,1645.0,1838.0,1554.0,1554.0,1554.0,-91.0,-284.0,-102.0,0.5,fail_higher,0.5,0.0,overlap,0.0
cntvaluein_bus_skew__idelay_dqs_cntvaluein__lane0__dqs0__ctrl_none__dqs0__value_ps,cntvaluein_bus_skew,idelay_dqs_cntvaluein,lane0,dqs0,,dqs0,2,1,471.0,602.5,734.0,691.0,691.0,691.0,88.5,-43.0,-220.0,0.5,fail_higher,0.5,0.0,overlap,0.0
lane_spread__idelay_dqs_cntvaluein__lane0__no_bit__ctrl_none__lane__value_ps,lane_spread,idelay_dqs_cntvaluein,lane0,,,lane,2,1,471.0,602.5,734.0,691.0,691.0,691.0,88.5,-43.0,-220.0,0.5,fail_higher,0.5,0.0,overlap,0.0
direct_max__idelay_data_cntvaluein__lane1__dq13__ctrl_4__endpoint__value_ps,direct_max,idelay_data_cntvaluein,lane1,dq13,4,endpoint,2,1,1138.0,1471.5,1805.0,1549.0,1549.0,1549.0,77.5,-256.0,-411.0,0.5,fail_higher,0.5,0.0,overlap,0.0
direct_max__idelay_data_cntvaluein__lane1__dq14__ctrl_4__endpoint__value_ps,direct_max,idelay_data_cntvaluein,lane1,dq14,4,endpoint,2,1,1180.0,1513.5,1847.0,1587.0,1587.0,1587.0,73.5,-260.0,-407.0,0.5,fail_higher,0.5,0.0,overlap,0.0
direct_max__idelay_data_cntvaluein__lane0__dq1__ctrl_3__endpoint__value_ps,direct_max,idelay_data_cntvaluein,lane0,dq1,3,endpoint,2,1,1832.0,2012.5,2193.0,1940.0,1940.0,1940.0,-72.5,-253.0,-108.0,0.5,fail_higher,0.5,0.0,overlap,0.0
direct_max__idelay_data_cntvaluein__lane1__dq10__ctrl_4__endpoint__value_ps,direct_max,idelay_data_cntvaluein,lane1,dq10,4,endpoint,2,1,1085.0,1419.0,1753.0,1491.0,1491.0,1491.0,72.0,-262.0,-406.0,0.5,fail_higher,0.5,0.0,overlap,0.0
control_fanout_spread__idelay_data_cntvaluein__lane0__no_bit__ctrl_2__lane_control_bit__value_ps,control_fanout_spread,idelay_data_cntvaluein,lane0,,2,lane_control_bit,2,1,224.0,342.0,460.0,273.0,273.0,273.0,-69.0,-187.0,-49.0,0.5,fail_higher,0.5,0.0,overlap,0.0
direct_max__idelay_ld__lane1__dqs1__ctrl_none__endpoint__value_ps,direct_max,idelay_ld,lane1,dqs1,,endpoint,2,1,1511.0,1571.0,1631.0,1514.0,1514.0,1514.0,-57.0,-117.0,-3.0,0.5,fail_higher,0.5,0.0,overlap,0.0
direct_max__dq_iologic__lane1__dq15__ctrl_none__endpoint__value_ps,direct_max,dq_iologic,lane1,dq15,,endpoint,2,1,2167.0,2321.5,2476.0,2374.0,2374.0,2374.0,52.5,-102.0,-207.0,0.5,fail_higher,0.5,0.0,overlap,0.0
direct_max__idelay_data_cntvaluein__lane0__dq3__ctrl_4__endpoint__value_ps,direct_max,idelay_data_cntvaluein,lane0,dq3,4,endpoint,2,1,1069.0,1458.5,1848.0,1409.0,1409.0,1409.0,-49.5,-439.0,-340.0,0.5,fail_higher,0.5,0.0,overlap,0.0
direct_max__idelay_dqs_cntvaluein__lane1__dqs1__ctrl_2__endpoint__value_ps,direct_max,idelay_dqs_cntvaluein,lane1,dqs1,2,endpoint,2,1,1452.0,1816.5,2181.0,1774.0,1774.0,1774.0,-42.5,-407.0,-322.0,0.5,fail_higher,0.5,0.0,overlap,0.0
direct_max__idelay_data_cntvaluein__lane1__dq11__ctrl_4__endpoint__value_ps,direct_max,idelay_data_cntvaluein,lane1,dq11,4,endpoint,2,1,1131.0,1425.5,1720.0,1465.0,1465.0,1465.0,39.5,-255.0,-334.0,0.5,fail_higher,0.5,0.0,overlap,0.0
direct_max__idelay_data_cntvaluein__lane1__dq12__ctrl_4__endpoint__value_ps,direct_max,idelay_data_cntvaluein,lane1,dq12,4,endpoint,2,1,1169.0,1465.0,1761.0,1504.0,1504.0,1504.0,39.0,-257.0,-335.0,0.5,fail_higher,0.5,0.0,overlap,0.0
direct_max__idelay_ld__lane1__dq12__ctrl_none__endpoint__value_ps,direct_max,idelay_ld,lane1,dq12,,endpoint,2,1,1629.0,1698.5,1768.0,1735.0,1735.0,1735.0,36.5,-33.0,-106.0,0.5,fail_higher,0.5,0.0,overlap,0.0
cntvaluein_bus_skew__idelay_data_cntvaluein__lane1__dq15__ctrl_none__dq15__value_ps,cntvaluein_bus_skew,idelay_data_cntvaluein,lane1,dq15,,dq15,2,1,348.0,431.0,514.0,462.0,462.0,462.0,31.0,-52.0,-114.0,0.5,fail_higher,0.5,0.0,overlap,0.0
direct_max__idelay_ld__lane1__dq13__ctrl_none__endpoint__value_ps,direct_max,idelay_ld,lane1,dq13,,endpoint,2,1,1508.0,1649.5,1791.0,1677.0,1677.0,1677.0,27.5,-114.0,-169.0,0.5,fail_higher,0.5,0.0,overlap,0.0
direct_max__idelay_data_cntvaluein__lane1__dq9__ctrl_0__endpoint__value_ps,direct_max,idelay_data_cntvaluein,lane1,dq9,0,endpoint,2,1,1350.0,1446.0,1542.0,1424.0,1424.0,1424.0,-22.0,-118.0,-74.0,0.5,fail_higher,0.5,0.0,overlap,0.0
direct_max__idelay_data_cntvaluein__lane0__dq7__ctrl_3__endpoint__value_ps,direct_max,idelay_data_cntvaluein,lane0,dq7,3,endpoint,2,1,1810.0,1909.5,2009.0,1889.0,1889.0,1889.0,-20.5,-120.0,-79.0,0.5,fail_higher,0.5,0.0,overlap,0.0
direct_max__idelay_data_cntvaluein__lane0__dq5__ctrl_4__endpoint__value_ps,direct_max,idelay_data_cntvaluein,lane0,dq5,4,endpoint,2,1,1125.0,1443.0,1761.0,1463.0,1463.0,1463.0,20.0,-298.0,-338.0,0.5,fail_higher,0.5,0.0,overlap,0.0
direct_max__idelay_data_cntvaluein__lane1__dq11__ctrl_0__endpoint__value_ps,direct_max,idelay_data_cntvaluein,lane1,dq11,0,endpoint,2,1,1432.0,1526.5,1621.0,1544.0,1544.0,1544.0,17.5,-77.0,-112.0,0.5,fail_higher,0.5,0.0,overlap,0.0
cntvaluein_bus_skew__idelay_data_cntvaluein__lane0__dq7__ctrl_none__dq7__value_ps,cntvaluein_bus_skew,idelay_data_cntvaluein,lane0,dq7,,dq7,2,1,371.0,478.0,585.0,495.0,495.0,495.0,17.0,-90.0,-124.0,0.5,fail_higher,0.5,0.0,overlap,0.0
direct_max__idelay_ld__lane1__dq14__ctrl_none__endpoint__value_ps,direct_max,idelay_ld,lane1,dq14,,endpoint,2,1,1682.0,1751.0,1820.0,1735.0,1735.0,1735.0,-16.0,-85.0,-53.0,0.5,fail_higher,0.5,0.0,overlap,0.0
cntvaluein_bus_skew__idelay_data_cntvaluein__lane1__dq8__ctrl_none__dq8__value_ps,cntvaluein_bus_skew,idelay_data_cntvaluein,lane1,dq8,,dq8,2,1,277.0,458.5,640.0,472.0,472.0,472.0,13.5,-168.0,-195.0,0.5,fail_higher,0.5,0.0,overlap,0.0
cntvaluein_bus_skew__idelay_data_cntvaluein__lane0__dq0__ctrl_none__dq0__value_ps,cntvaluein_bus_skew,idelay_data_cntvaluein,lane0,dq0,,dq0,2,1,393.0,478.0,563.0,490.0,490.0,490.0,12.0,-73.0,-97.0,0.5,fail_higher,0.5,0.0,overlap,0.0
direct_max__idelay_data_cntvaluein__lane0__dq0__ctrl_3__endpoint__value_ps,direct_max,idelay_data_cntvaluein,lane0,dq0,3,endpoint,2,1,1751.0,1926.0,2101.0,1937.0,1937.0,1937.0,11.0,-164.0,-186.0,0.5,fail_higher,0.5,0.0,overlap,0.0
direct_max__idelay_data_cntvaluein__lane1__dq15__ctrl_0__endpoint__value_ps,direct_max,idelay_data_cntvaluein,lane1,dq15,0,endpoint,2,1,1129.0,1332.5,1536.0,1337.0,1337.0,1337.0,4.5,-199.0,-208.0,0.5,fail_higher,0.5,0.0,overlap,0.0
lane_spread__dq_iologic__lane0__no_bit__ctrl_none__lane__value_ps,lane_spread,dq_iologic,lane0,,,lane,2,1,2430.0,2497.5,2565.0,2499.0,2499.0,2499.0,1.5,-66.0,-69.0,0.5,fail_higher,0.5,0.0,overlap,0.0
control_fanout_spread__idelay_dqs_cntvaluein__lane0__no_bit__ctrl_0__lane_control_bit__value_ps,control_fanout_spread,idelay_dqs_cntvaluein,lane0,,0,lane_control_bit,2,1,0.0,0.0,0.0,0.0,0.0,0.0,0.0,0.0,0.0,0.5,fail_higher,0.5,0.0,overlap,0.0
control_fanout_spread__idelay_dqs_cntvaluein__lane0__no_bit__ctrl_1__lane_control_bit__value_ps,control_fanout_spread,idelay_dqs_cntvaluein,lane0,,1,lane_control_bit,2,1,0.0,0.0,0.0,0.0,0.0,0.0,0.0,0.0,0.0,0.5,fail_higher,0.5,0.0,overlap,0.0
control_fanout_spread__idelay_dqs_cntvaluein__lane0__no_bit__ctrl_2__lane_control_bit__value_ps,control_fanout_spread,idelay_dqs_cntvaluein,lane0,,2,lane_control_bit,2,1,0.0,0.0,0.0,0.0,0.0,0.0,0.0,0.0,0.0,0.5,fail_higher,0.5,0.0,overlap,0.0
control_fanout_spread__idelay_dqs_cntvaluein__lane0__no_bit__ctrl_3__lane_control_bit__value_ps,control_fanout_spread,idelay_dqs_cntvaluein,lane0,,3,lane_control_bit,2,1,0.0,0.0,0.0,0.0,0.0,0.0,0.0,0.0,0.0,0.5,fail_higher,0.5,0.0,overlap,0.0
control_fanout_spread__idelay_dqs_cntvaluein__lane0__no_bit__ctrl_4__lane_control_bit__value_ps,control_fanout_spread,idelay_dqs_cntvaluein,lane0,,4,lane_control_bit,2,1,0.0,0.0,0.0,0.0,0.0,0.0,0.0,0.0,0.0,0.5,fail_higher,0.5,0.0,overlap,0.0
control_fanout_spread__idelay_dqs_cntvaluein__lane1__no_bit__ctrl_0__lane_control_bit__value_ps,control_fanout_spread,idelay_dqs_cntvaluein,lane1,,0,lane_control_bit,2,1,0.0,0.0,0.0,0.0,0.0,0.0,0.0,0.0,0.0,0.5,fail_higher,0.5,0.0,overlap,0.0
control_fanout_spread__idelay_dqs_cntvaluein__lane1__no_bit__ctrl_1__lane_control_bit__value_ps,control_fanout_spread,idelay_dqs_cntvaluein,lane1,,1,lane_control_bit,2,1,0.0,0.0,0.0,0.0,0.0,0.0,0.0,0.0,0.0,0.5,fail_higher,0.5,0.0,overlap,0.0
control_fanout_spread__idelay_dqs_cntvaluein__lane1__no_bit__ctrl_2__lane_control_bit__value_ps,control_fanout_spread,idelay_dqs_cntvaluein,lane1,,2,lane_control_bit,2,1,0.0,0.0,0.0,0.0,0.0,0.0,0.0,0.0,0.0,0.5,fail_higher,0.5,0.0,overlap,0.0
control_fanout_spread__idelay_dqs_cntvaluein__lane1__no_bit__ctrl_3__lane_control_bit__value_ps,control_fanout_spread,idelay_dqs_cntvaluein,lane1,,3,lane_control_bit,2,1,0.0,0.0,0.0,0.0,0.0,0.0,0.0,0.0,0.0,0.5,fail_higher,0.5,0.0,overlap,0.0
control_fanout_spread__idelay_dqs_cntvaluein__lane1__no_bit__ctrl_4__lane_control_bit__value_ps,control_fanout_spread,idelay_dqs_cntvaluein,lane1,,4,lane_control_bit,2,1,0.0,0.0,0.0,0.0,0.0,0.0,0.0,0.0,0.0,0.5,fail_higher,0.5,0.0,overlap,0.0
direct_max__clocking__lane0__dq0__ctrl_none__endpoint__value_ps,direct_max,clocking,lane0,dq0,,endpoint,2,1,1314.0,1314.0,1314.0,1314.0,1314.0,1314.0,0.0,0.0,0.0,0.5,fail_higher,0.5,0.0,overlap,0.0
direct_max__clocking__lane0__dq1__ctrl_none__endpoint__value_ps,direct_max,clocking,lane0,dq1,,endpoint,2,1,1314.0,1314.0,1314.0,1314.0,1314.0,1314.0,0.0,0.0,0.0,0.5,fail_higher,0.5,0.0,overlap,0.0
direct_max__clocking__lane0__dq2__ctrl_none__endpoint__value_ps,direct_max,clocking,lane0,dq2,,endpoint,2,1,1314.0,1314.0,1314.0,1314.0,1314.0,1314.0,0.0,0.0,0.0,0.5,fail_higher,0.5,0.0,overlap,0.0
direct_max__clocking__lane0__dq3__ctrl_none__endpoint__value_ps,direct_max,clocking,lane0,dq3,,endpoint,2,1,1314.0,1314.0,1314.0,1314.0,1314.0,1314.0,0.0,0.0,0.0,0.5,fail_higher,0.5,0.0,overlap,0.0
direct_max__clocking__lane0__dq4__ctrl_none__endpoint__value_ps,direct_max,clocking,lane0,dq4,,endpoint,2,1,1314.0,1314.0,1314.0,1314.0,1314.0,1314.0,0.0,0.0,0.0,0.5,fail_higher,0.5,0.0,overlap,0.0
direct_max__clocking__lane0__dq5__ctrl_none__endpoint__value_ps,direct_max,clocking,lane0,dq5,,endpoint,2,1,1314.0,1314.0,1314.0,1314.0,1314.0,1314.0,0.0,0.0,0.0,0.5,fail_higher,0.5,0.0,overlap,0.0
direct_max__clocking__lane0__dq6__ctrl_none__endpoint__value_ps,direct_max,clocking,lane0,dq6,,endpoint,2,1,1314.0,1314.0,1314.0,1314.0,1314.0,1314.0,0.0,0.0,0.0,0.5,fail_higher,0.5,0.0,overlap,0.0
direct_max__clocking__lane0__dq7__ctrl_none__endpoint__value_ps,direct_max,clocking,lane0,dq7,,endpoint,2,1,1314.0,1314.0,1314.0,1314.0,1314.0,1314.0,0.0,0.0,0.0,0.5,fail_higher,0.5,0.0,overlap,0.0
direct_max__clocking__lane0__dqs0__ctrl_none__endpoint__value_ps,direct_max,clocking,lane0,dqs0,,endpoint,2,1,1279.0,1279.0,1279.0,1279.0,1279.0,1279.0,0.0,0.0,0.0,0.5,fail_higher,0.5,0.0,overlap,0.0
direct_max__clocking__lane1__dq10__ctrl_none__endpoint__value_ps,direct_max,clocking,lane1,dq10,,endpoint,2,1,1314.0,1314.0,1314.0,1314.0,1314.0,1314.0,0.0,0.0,0.0,0.5,fail_higher,0.5,0.0,overlap,0.0
direct_max__clocking__lane1__dq11__ctrl_none__endpoint__value_ps,direct_max,clocking,lane1,dq11,,endpoint,2,1,1314.0,1314.0,1314.0,1314.0,1314.0,1314.0,0.0,0.0,0.0,0.5,fail_higher,0.5,0.0,overlap,0.0
direct_max__clocking__lane1__dq12__ctrl_none__endpoint__value_ps,direct_max,clocking,lane1,dq12,,endpoint,2,1,1314.0,1314.0,1314.0,1314.0,1314.0,1314.0,0.0,0.0,0.0,0.5,fail_higher,0.5,0.0,overlap,0.0
direct_max__clocking__lane1__dq13__ctrl_none__endpoint__value_ps,direct_max,clocking,lane1,dq13,,endpoint,2,1,1314.0,1314.0,1314.0,1314.0,1314.0,1314.0,0.0,0.0,0.0,0.5,fail_higher,0.5,0.0,overlap,0.0
direct_max__clocking__lane1__dq14__ctrl_none__endpoint__value_ps,direct_max,clocking,lane1,dq14,,endpoint,2,1,1314.0,1314.0,1314.0,1314.0,1314.0,1314.0,0.0,0.0,0.0,0.5,fail_higher,0.5,0.0,overlap,0.0
direct_max__clocking__lane1__dq15__ctrl_none__endpoint__value_ps,direct_max,clocking,lane1,dq15,,endpoint,2,1,1314.0,1314.0,1314.0,1314.0,1314.0,1314.0,0.0,0.0,0.0,0.5,fail_higher,0.5,0.0,overlap,0.0
direct_max__clocking__lane1__dq8__ctrl_none__endpoint__value_ps,direct_max,clocking,lane1,dq8,,endpoint,2,1,1314.0,1314.0,1314.0,1314.0,1314.0,1314.0,0.0,0.0,0.0,0.5,fail_higher,0.5,0.0,overlap,0.0
direct_max__clocking__lane1__dq9__ctrl_none__endpoint__value_ps,direct_max,clocking,lane1,dq9,,endpoint,2,1,1314.0,1314.0,1314.0,1314.0,1314.0,1314.0,0.0,0.0,0.0,0.5,fail_higher,0.5,0.0,overlap,0.0
direct_max__clocking__lane1__dqs1__ctrl_none__endpoint__value_ps,direct_max,clocking,lane1,dqs1,,endpoint,2,1,1279.0,1279.0,1279.0,1279.0,1279.0,1279.0,0.0,0.0,0.0,0.5,fail_higher,0.5,0.0,overlap,0.0
lane_spread__clocking__lane0__no_bit__ctrl_none__lane__value_ps,lane_spread,clocking,lane0,,,lane,2,1,135.0,135.0,135.0,135.0,135.0,135.0,0.0,0.0,0.0,0.5,fail_higher,0.5,0.0,overlap,0.0
lane_spread__clocking__lane1__no_bit__ctrl_none__lane__value_ps,lane_spread,clocking,lane1,,,lane,2,1,135.0,135.0,135.0,135.0,135.0,135.0,0.0,0.0,0.0,0.5,fail_higher,0.5,0.0,overlap,0.0
