experiment_id,seed,variant,bitstream,result_json,log,returncode,status
baseline-no-lock-seed-31,31,baseline-no-lock,/nix/store/hxn2h7hr5yqlbk58f5yblay10f15l48j-ypcb-ddr3-bitstream-seed-31/ypcb_00338_1p1_ddr3_openxc7.bit,artifacts/hardware/seed-31-60-baseline-cntvaluein3-lock/baseline-no-lock-seed-31.json,artifacts/hardware/seed-31-60-baseline-cntvaluein3-lock/baseline-no-lock-seed-31.log,2,fail
cntvaluein3-skew-locked-seed-31,31,cntvaluein3-skew-locked,/nix/store/2j0gjd3vkbdb4695v1n8cby83w7fnis7-ypcb-ddr3-bitstream-seed-31-cntvaluein3-skew-locked/ypcb_00338_1p1_ddr3_openxc7.bit,artifacts/hardware/seed-31-60-baseline-cntvaluein3-lock/cntvaluein3-skew-locked-seed-31.json,artifacts/hardware/seed-31-60-baseline-cntvaluein3-lock/cntvaluein3-skew-locked-seed-31.log,0,pass
baseline-no-lock-seed-32,32,baseline-no-lock,/nix/store/8ffgc1llnv26vpdkvw3fkilj0ssi32kk-ypcb-ddr3-bitstream-seed-32/ypcb_00338_1p1_ddr3_openxc7.bit,artifacts/hardware/seed-31-60-baseline-cntvaluein3-lock/baseline-no-lock-seed-32.json,artifacts/hardware/seed-31-60-baseline-cntvaluein3-lock/baseline-no-lock-seed-32.log,2,fail
cntvaluein3-skew-locked-seed-32,32,cntvaluein3-skew-locked,/nix/store/y584al9wn2883z2bd1mspg37pbdmwdfg-ypcb-ddr3-bitstream-seed-32-cntvaluein3-skew-locked/ypcb_00338_1p1_ddr3_openxc7.bit,artifacts/hardware/seed-31-60-baseline-cntvaluein3-lock/cntvaluein3-skew-locked-seed-32.json,artifacts/hardware/seed-31-60-baseline-cntvaluein3-lock/cntvaluein3-skew-locked-seed-32.log,0,pass
baseline-no-lock-seed-33,33,baseline-no-lock,/nix/store/l3yysz1k594bh0pqhzrak4hk3n07v03s-ypcb-ddr3-bitstream-seed-33/ypcb_00338_1p1_ddr3_openxc7.bit,artifacts/hardware/seed-31-60-baseline-cntvaluein3-lock/baseline-no-lock-seed-33.json,artifacts/hardware/seed-31-60-baseline-cntvaluein3-lock/baseline-no-lock-seed-33.log,0,pass
cntvaluein3-skew-locked-seed-33,33,cntvaluein3-skew-locked,/nix/store/skls0ilpwcyh8kdr6kazpwlk4b35kvjp-ypcb-ddr3-bitstream-seed-33-cntvaluein3-skew-locked/ypcb_00338_1p1_ddr3_openxc7.bit,artifacts/hardware/seed-31-60-baseline-cntvaluein3-lock/cntvaluein3-skew-locked-seed-33.json,artifacts/hardware/seed-31-60-baseline-cntvaluein3-lock/cntvaluein3-skew-locked-seed-33.log,2,fail
baseline-no-lock-seed-34,34,baseline-no-lock,/nix/store/n8pp80kbr9qny5pndxws12rz93d39z2x-ypcb-ddr3-bitstream-seed-34/ypcb_00338_1p1_ddr3_openxc7.bit,artifacts/hardware/seed-31-60-baseline-cntvaluein3-lock/baseline-no-lock-seed-34.json,artifacts/hardware/seed-31-60-baseline-cntvaluein3-lock/baseline-no-lock-seed-34.log,2,fail
cntvaluein3-skew-locked-seed-34,34,cntvaluein3-skew-locked,/nix/store/jakfdqi12jzsyagn1wlxdh05ax4iy87m-ypcb-ddr3-bitstream-seed-34-cntvaluein3-skew-locked/ypcb_00338_1p1_ddr3_openxc7.bit,artifacts/hardware/seed-31-60-baseline-cntvaluein3-lock/cntvaluein3-skew-locked-seed-34.json,artifacts/hardware/seed-31-60-baseline-cntvaluein3-lock/cntvaluein3-skew-locked-seed-34.log,0,pass
baseline-no-lock-seed-35,35,baseline-no-lock,/nix/store/jpds4drl8b4ng67rkwcf0si60znnjzir-ypcb-ddr3-bitstream-seed-35/ypcb_00338_1p1_ddr3_openxc7.bit,artifacts/hardware/seed-31-60-baseline-cntvaluein3-lock/baseline-no-lock-seed-35.json,artifacts/hardware/seed-31-60-baseline-cntvaluein3-lock/baseline-no-lock-seed-35.log,0,pass
cntvaluein3-skew-locked-seed-35,35,cntvaluein3-skew-locked,/nix/store/6xnan3ssw637h2ipdfs471i56dr38d44-ypcb-ddr3-bitstream-seed-35-cntvaluein3-skew-locked/ypcb_00338_1p1_ddr3_openxc7.bit,artifacts/hardware/seed-31-60-baseline-cntvaluein3-lock/cntvaluein3-skew-locked-seed-35.json,artifacts/hardware/seed-31-60-baseline-cntvaluein3-lock/cntvaluein3-skew-locked-seed-35.log,0,pass
baseline-no-lock-seed-36,36,baseline-no-lock,/nix/store/hqdp7l836r71pd97hi95c4f5ajfj7xx3-ypcb-ddr3-bitstream-seed-36/ypcb_00338_1p1_ddr3_openxc7.bit,artifacts/hardware/seed-31-60-baseline-cntvaluein3-lock/baseline-no-lock-seed-36.json,artifacts/hardware/seed-31-60-baseline-cntvaluein3-lock/baseline-no-lock-seed-36.log,0,pass
cntvaluein3-skew-locked-seed-36,36,cntvaluein3-skew-locked,/nix/store/4cr71lnl6m3fz4qa8v5mp9r1qrv51781-ypcb-ddr3-bitstream-seed-36-cntvaluein3-skew-locked/ypcb_00338_1p1_ddr3_openxc7.bit,artifacts/hardware/seed-31-60-baseline-cntvaluein3-lock/cntvaluein3-skew-locked-seed-36.json,artifacts/hardware/seed-31-60-baseline-cntvaluein3-lock/cntvaluein3-skew-locked-seed-36.log,2,fail
baseline-no-lock-seed-37,37,baseline-no-lock,/nix/store/hd5774g7g7yrfc2mljlxxa52p91f759k-ypcb-ddr3-bitstream-seed-37/ypcb_00338_1p1_ddr3_openxc7.bit,artifacts/hardware/seed-31-60-baseline-cntvaluein3-lock/baseline-no-lock-seed-37.json,artifacts/hardware/seed-31-60-baseline-cntvaluein3-lock/baseline-no-lock-seed-37.log,2,fail
cntvaluein3-skew-locked-seed-37,37,cntvaluein3-skew-locked,/nix/store/0qjhps56aa7rfj0iqj3alwi20yl8bp9f-ypcb-ddr3-bitstream-seed-37-cntvaluein3-skew-locked/ypcb_00338_1p1_ddr3_openxc7.bit,artifacts/hardware/seed-31-60-baseline-cntvaluein3-lock/cntvaluein3-skew-locked-seed-37.json,artifacts/hardware/seed-31-60-baseline-cntvaluein3-lock/cntvaluein3-skew-locked-seed-37.log,0,pass
baseline-no-lock-seed-38,38,baseline-no-lock,/nix/store/jv75hgxvi6my0i6zali355x0hf31adjp-ypcb-ddr3-bitstream-seed-38/ypcb_00338_1p1_ddr3_openxc7.bit,artifacts/hardware/seed-31-60-baseline-cntvaluein3-lock/baseline-no-lock-seed-38.json,artifacts/hardware/seed-31-60-baseline-cntvaluein3-lock/baseline-no-lock-seed-38.log,2,fail
cntvaluein3-skew-locked-seed-38,38,cntvaluein3-skew-locked,/nix/store/568r0dwimixb21290pz43s3wsirw0rmi-ypcb-ddr3-bitstream-seed-38-cntvaluein3-skew-locked/ypcb_00338_1p1_ddr3_openxc7.bit,artifacts/hardware/seed-31-60-baseline-cntvaluein3-lock/cntvaluein3-skew-locked-seed-38.json,artifacts/hardware/seed-31-60-baseline-cntvaluein3-lock/cntvaluein3-skew-locked-seed-38.log,0,pass
baseline-no-lock-seed-39,39,baseline-no-lock,/nix/store/kwifrd1af5mz2jlb6l7viimln7rs4ian-ypcb-ddr3-bitstream-seed-39/ypcb_00338_1p1_ddr3_openxc7.bit,artifacts/hardware/seed-31-60-baseline-cntvaluein3-lock/baseline-no-lock-seed-39.json,artifacts/hardware/seed-31-60-baseline-cntvaluein3-lock/baseline-no-lock-seed-39.log,0,pass
cntvaluein3-skew-locked-seed-39,39,cntvaluein3-skew-locked,/nix/store/imrrr13abkc3229flimk8r4vbfc3s9vm-ypcb-ddr3-bitstream-seed-39-cntvaluein3-skew-locked/ypcb_00338_1p1_ddr3_openxc7.bit,artifacts/hardware/seed-31-60-baseline-cntvaluein3-lock/cntvaluein3-skew-locked-seed-39.json,artifacts/hardware/seed-31-60-baseline-cntvaluein3-lock/cntvaluein3-skew-locked-seed-39.log,2,fail
baseline-no-lock-seed-40,40,baseline-no-lock,/nix/store/8q2bswb92vs5f7c3njjmjx82lmqray88-ypcb-ddr3-bitstream-seed-40/ypcb_00338_1p1_ddr3_openxc7.bit,artifacts/hardware/seed-31-60-baseline-cntvaluein3-lock/baseline-no-lock-seed-40.json,artifacts/hardware/seed-31-60-baseline-cntvaluein3-lock/baseline-no-lock-seed-40.log,2,fail
cntvaluein3-skew-locked-seed-40,40,cntvaluein3-skew-locked,/nix/store/b8psr5rc3yvpdpqqdkndr7zs17jdpwhi-ypcb-ddr3-bitstream-seed-40-cntvaluein3-skew-locked/ypcb_00338_1p1_ddr3_openxc7.bit,artifacts/hardware/seed-31-60-baseline-cntvaluein3-lock/cntvaluein3-skew-locked-seed-40.json,artifacts/hardware/seed-31-60-baseline-cntvaluein3-lock/cntvaluein3-skew-locked-seed-40.log,0,pass
baseline-no-lock-seed-41,41,baseline-no-lock,/nix/store/vaxka3qmc6gzgrk026ykmv7mix48awxm-ypcb-ddr3-bitstream-seed-41/ypcb_00338_1p1_ddr3_openxc7.bit,artifacts/hardware/seed-31-60-baseline-cntvaluein3-lock/baseline-no-lock-seed-41.json,artifacts/hardware/seed-31-60-baseline-cntvaluein3-lock/baseline-no-lock-seed-41.log,2,fail
cntvaluein3-skew-locked-seed-41,41,cntvaluein3-skew-locked,/nix/store/j6ihgwipnjnkz3ffdy3nhg3z25ilwkwm-ypcb-ddr3-bitstream-seed-41-cntvaluein3-skew-locked/ypcb_00338_1p1_ddr3_openxc7.bit,artifacts/hardware/seed-31-60-baseline-cntvaluein3-lock/cntvaluein3-skew-locked-seed-41.json,artifacts/hardware/seed-31-60-baseline-cntvaluein3-lock/cntvaluein3-skew-locked-seed-41.log,2,fail
baseline-no-lock-seed-42,42,baseline-no-lock,/nix/store/krd4gv3q7lwr8i43msmlba5vkbnsw0ix-ypcb-ddr3-bitstream-seed-42/ypcb_00338_1p1_ddr3_openxc7.bit,artifacts/hardware/seed-31-60-baseline-cntvaluein3-lock/baseline-no-lock-seed-42.json,artifacts/hardware/seed-31-60-baseline-cntvaluein3-lock/baseline-no-lock-seed-42.log,2,fail
cntvaluein3-skew-locked-seed-42,42,cntvaluein3-skew-locked,/nix/store/a3bqggnikjzsi5kygbfbvjs665rj2npv-ypcb-ddr3-bitstream-seed-42-cntvaluein3-skew-locked/ypcb_00338_1p1_ddr3_openxc7.bit,artifacts/hardware/seed-31-60-baseline-cntvaluein3-lock/cntvaluein3-skew-locked-seed-42.json,artifacts/hardware/seed-31-60-baseline-cntvaluein3-lock/cntvaluein3-skew-locked-seed-42.log,0,pass
baseline-no-lock-seed-43,43,baseline-no-lock,/nix/store/b85iqzflbc65d18vm0zk3rdvp1baxnz7-ypcb-ddr3-bitstream-seed-43/ypcb_00338_1p1_ddr3_openxc7.bit,artifacts/hardware/seed-31-60-baseline-cntvaluein3-lock/baseline-no-lock-seed-43.json,artifacts/hardware/seed-31-60-baseline-cntvaluein3-lock/baseline-no-lock-seed-43.log,0,pass
cntvaluein3-skew-locked-seed-43,43,cntvaluein3-skew-locked,/nix/store/gmnj7vjgacpcczkx17l8fm1r887pippz-ypcb-ddr3-bitstream-seed-43-cntvaluein3-skew-locked/ypcb_00338_1p1_ddr3_openxc7.bit,artifacts/hardware/seed-31-60-baseline-cntvaluein3-lock/cntvaluein3-skew-locked-seed-43.json,artifacts/hardware/seed-31-60-baseline-cntvaluein3-lock/cntvaluein3-skew-locked-seed-43.log,0,pass
baseline-no-lock-seed-44,44,baseline-no-lock,/nix/store/c5462dk95cdv2yjghll7nqxay0pz8zky-ypcb-ddr3-bitstream-seed-44/ypcb_00338_1p1_ddr3_openxc7.bit,artifacts/hardware/seed-31-60-baseline-cntvaluein3-lock/baseline-no-lock-seed-44.json,artifacts/hardware/seed-31-60-baseline-cntvaluein3-lock/baseline-no-lock-seed-44.log,2,fail
cntvaluein3-skew-locked-seed-44,44,cntvaluein3-skew-locked,/nix/store/bd739aj8q7qnypwgizaf2lp93vx6wvi4-ypcb-ddr3-bitstream-seed-44-cntvaluein3-skew-locked/ypcb_00338_1p1_ddr3_openxc7.bit,artifacts/hardware/seed-31-60-baseline-cntvaluein3-lock/cntvaluein3-skew-locked-seed-44.json,artifacts/hardware/seed-31-60-baseline-cntvaluein3-lock/cntvaluein3-skew-locked-seed-44.log,0,pass
baseline-no-lock-seed-45,45,baseline-no-lock,/nix/store/0m4xl3gh2yb5b0lks605xbzvdvz82rmy-ypcb-ddr3-bitstream-seed-45/ypcb_00338_1p1_ddr3_openxc7.bit,artifacts/hardware/seed-31-60-baseline-cntvaluein3-lock/baseline-no-lock-seed-45.json,artifacts/hardware/seed-31-60-baseline-cntvaluein3-lock/baseline-no-lock-seed-45.log,2,fail
cntvaluein3-skew-locked-seed-45,45,cntvaluein3-skew-locked,/nix/store/cry7nvi3zi407aa31vpwzzkclg8bydk7-ypcb-ddr3-bitstream-seed-45-cntvaluein3-skew-locked/ypcb_00338_1p1_ddr3_openxc7.bit,artifacts/hardware/seed-31-60-baseline-cntvaluein3-lock/cntvaluein3-skew-locked-seed-45.json,artifacts/hardware/seed-31-60-baseline-cntvaluein3-lock/cntvaluein3-skew-locked-seed-45.log,2,fail
baseline-no-lock-seed-46,46,baseline-no-lock,/nix/store/38aisxmikdgk0i6j9j4qlkxc92wb9rpd-ypcb-ddr3-bitstream-seed-46/ypcb_00338_1p1_ddr3_openxc7.bit,artifacts/hardware/seed-31-60-baseline-cntvaluein3-lock/baseline-no-lock-seed-46.json,artifacts/hardware/seed-31-60-baseline-cntvaluein3-lock/baseline-no-lock-seed-46.log,0,pass
cntvaluein3-skew-locked-seed-46,46,cntvaluein3-skew-locked,/nix/store/vh0kz4dkadikz0ymdiqqblaigyhdcv18-ypcb-ddr3-bitstream-seed-46-cntvaluein3-skew-locked/ypcb_00338_1p1_ddr3_openxc7.bit,artifacts/hardware/seed-31-60-baseline-cntvaluein3-lock/cntvaluein3-skew-locked-seed-46.json,artifacts/hardware/seed-31-60-baseline-cntvaluein3-lock/cntvaluein3-skew-locked-seed-46.log,0,pass
baseline-no-lock-seed-47,47,baseline-no-lock,/nix/store/2nlxj2439p3ff6z1dp85xv7n0mqwycna-ypcb-ddr3-bitstream-seed-47/ypcb_00338_1p1_ddr3_openxc7.bit,artifacts/hardware/seed-31-60-baseline-cntvaluein3-lock/baseline-no-lock-seed-47.json,artifacts/hardware/seed-31-60-baseline-cntvaluein3-lock/baseline-no-lock-seed-47.log,2,fail
cntvaluein3-skew-locked-seed-47,47,cntvaluein3-skew-locked,/nix/store/rhiyfl38wqdcpnns3sv2h4s69chn22rb-ypcb-ddr3-bitstream-seed-47-cntvaluein3-skew-locked/ypcb_00338_1p1_ddr3_openxc7.bit,artifacts/hardware/seed-31-60-baseline-cntvaluein3-lock/cntvaluein3-skew-locked-seed-47.json,artifacts/hardware/seed-31-60-baseline-cntvaluein3-lock/cntvaluein3-skew-locked-seed-47.log,0,pass
baseline-no-lock-seed-48,48,baseline-no-lock,/nix/store/c5vwq72qivbb394a8ccyfbn5ckbi3c4y-ypcb-ddr3-bitstream-seed-48/ypcb_00338_1p1_ddr3_openxc7.bit,artifacts/hardware/seed-31-60-baseline-cntvaluein3-lock/baseline-no-lock-seed-48.json,artifacts/hardware/seed-31-60-baseline-cntvaluein3-lock/baseline-no-lock-seed-48.log,0,pass
cntvaluein3-skew-locked-seed-48,48,cntvaluein3-skew-locked,/nix/store/w8c398gyy99ckxx80rh28l3qadlg3ipg-ypcb-ddr3-bitstream-seed-48-cntvaluein3-skew-locked/ypcb_00338_1p1_ddr3_openxc7.bit,artifacts/hardware/seed-31-60-baseline-cntvaluein3-lock/cntvaluein3-skew-locked-seed-48.json,artifacts/hardware/seed-31-60-baseline-cntvaluein3-lock/cntvaluein3-skew-locked-seed-48.log,2,fail
baseline-no-lock-seed-49,49,baseline-no-lock,/nix/store/0i6m68nj0srd4w5i4a66rk0ziq43cwy4-ypcb-ddr3-bitstream-seed-49/ypcb_00338_1p1_ddr3_openxc7.bit,artifacts/hardware/seed-31-60-baseline-cntvaluein3-lock/baseline-no-lock-seed-49.json,artifacts/hardware/seed-31-60-baseline-cntvaluein3-lock/baseline-no-lock-seed-49.log,0,pass
cntvaluein3-skew-locked-seed-49,49,cntvaluein3-skew-locked,/nix/store/9q0z5m1djx10gp4gg1rm06126zkrq3zk-ypcb-ddr3-bitstream-seed-49-cntvaluein3-skew-locked/ypcb_00338_1p1_ddr3_openxc7.bit,artifacts/hardware/seed-31-60-baseline-cntvaluein3-lock/cntvaluein3-skew-locked-seed-49.json,artifacts/hardware/seed-31-60-baseline-cntvaluein3-lock/cntvaluein3-skew-locked-seed-49.log,0,pass
baseline-no-lock-seed-50,50,baseline-no-lock,/nix/store/b50jb4cqqs04iqlrlpa23azddsjn02l1-ypcb-ddr3-bitstream-seed-50/ypcb_00338_1p1_ddr3_openxc7.bit,artifacts/hardware/seed-31-60-baseline-cntvaluein3-lock/baseline-no-lock-seed-50.json,artifacts/hardware/seed-31-60-baseline-cntvaluein3-lock/baseline-no-lock-seed-50.log,0,pass
cntvaluein3-skew-locked-seed-50,50,cntvaluein3-skew-locked,/nix/store/xyyr39h7qj3yn6xisvlrs3zq3166bli8-ypcb-ddr3-bitstream-seed-50-cntvaluein3-skew-locked/ypcb_00338_1p1_ddr3_openxc7.bit,artifacts/hardware/seed-31-60-baseline-cntvaluein3-lock/cntvaluein3-skew-locked-seed-50.json,artifacts/hardware/seed-31-60-baseline-cntvaluein3-lock/cntvaluein3-skew-locked-seed-50.log,2,fail
baseline-no-lock-seed-51,51,baseline-no-lock,/nix/store/vlgbk7nzn54a24fr1y1xnxrapky26ph0-ypcb-ddr3-bitstream-seed-51/ypcb_00338_1p1_ddr3_openxc7.bit,artifacts/hardware/seed-31-60-baseline-cntvaluein3-lock/baseline-no-lock-seed-51.json,artifacts/hardware/seed-31-60-baseline-cntvaluein3-lock/baseline-no-lock-seed-51.log,0,pass
cntvaluein3-skew-locked-seed-51,51,cntvaluein3-skew-locked,/nix/store/irxk4nrmkjk3lgv6l0lx75gbqn6gsfxv-ypcb-ddr3-bitstream-seed-51-cntvaluein3-skew-locked/ypcb_00338_1p1_ddr3_openxc7.bit,artifacts/hardware/seed-31-60-baseline-cntvaluein3-lock/cntvaluein3-skew-locked-seed-51.json,artifacts/hardware/seed-31-60-baseline-cntvaluein3-lock/cntvaluein3-skew-locked-seed-51.log,2,fail
baseline-no-lock-seed-52,52,baseline-no-lock,/nix/store/371v35s50bmhywswszv888aiwfhdawgv-ypcb-ddr3-bitstream-seed-52/ypcb_00338_1p1_ddr3_openxc7.bit,artifacts/hardware/seed-31-60-baseline-cntvaluein3-lock/baseline-no-lock-seed-52.json,artifacts/hardware/seed-31-60-baseline-cntvaluein3-lock/baseline-no-lock-seed-52.log,0,pass
cntvaluein3-skew-locked-seed-52,52,cntvaluein3-skew-locked,/nix/store/bxw6vrvj8910r4sy809bycnmgk8narrx-ypcb-ddr3-bitstream-seed-52-cntvaluein3-skew-locked/ypcb_00338_1p1_ddr3_openxc7.bit,artifacts/hardware/seed-31-60-baseline-cntvaluein3-lock/cntvaluein3-skew-locked-seed-52.json,artifacts/hardware/seed-31-60-baseline-cntvaluein3-lock/cntvaluein3-skew-locked-seed-52.log,2,fail
baseline-no-lock-seed-53,53,baseline-no-lock,/nix/store/wfcilsd9zxlhb105x1igxalngyj1pixq-ypcb-ddr3-bitstream-seed-53/ypcb_00338_1p1_ddr3_openxc7.bit,artifacts/hardware/seed-31-60-baseline-cntvaluein3-lock/baseline-no-lock-seed-53.json,artifacts/hardware/seed-31-60-baseline-cntvaluein3-lock/baseline-no-lock-seed-53.log,0,pass
cntvaluein3-skew-locked-seed-53,53,cntvaluein3-skew-locked,/nix/store/5q758b8rp9ark2id0zmb9acaazgynljl-ypcb-ddr3-bitstream-seed-53-cntvaluein3-skew-locked/ypcb_00338_1p1_ddr3_openxc7.bit,artifacts/hardware/seed-31-60-baseline-cntvaluein3-lock/cntvaluein3-skew-locked-seed-53.json,artifacts/hardware/seed-31-60-baseline-cntvaluein3-lock/cntvaluein3-skew-locked-seed-53.log,2,fail
baseline-no-lock-seed-54,54,baseline-no-lock,/nix/store/aknpc7vv4hkccqwyrami42nfv2xvsjg6-ypcb-ddr3-bitstream-seed-54/ypcb_00338_1p1_ddr3_openxc7.bit,artifacts/hardware/seed-31-60-baseline-cntvaluein3-lock/baseline-no-lock-seed-54.json,artifacts/hardware/seed-31-60-baseline-cntvaluein3-lock/baseline-no-lock-seed-54.log,2,fail
cntvaluein3-skew-locked-seed-54,54,cntvaluein3-skew-locked,/nix/store/h3vbd8xmdpmnyqij1fznix8njv7xgfdd-ypcb-ddr3-bitstream-seed-54-cntvaluein3-skew-locked/ypcb_00338_1p1_ddr3_openxc7.bit,artifacts/hardware/seed-31-60-baseline-cntvaluein3-lock/cntvaluein3-skew-locked-seed-54.json,artifacts/hardware/seed-31-60-baseline-cntvaluein3-lock/cntvaluein3-skew-locked-seed-54.log,0,pass
baseline-no-lock-seed-55,55,baseline-no-lock,/nix/store/m5bpiyhcc719b8s10r66mn7naw85l70r-ypcb-ddr3-bitstream-seed-55/ypcb_00338_1p1_ddr3_openxc7.bit,artifacts/hardware/seed-31-60-baseline-cntvaluein3-lock/baseline-no-lock-seed-55.json,artifacts/hardware/seed-31-60-baseline-cntvaluein3-lock/baseline-no-lock-seed-55.log,2,fail
cntvaluein3-skew-locked-seed-55,55,cntvaluein3-skew-locked,/nix/store/j2bggpnskqk0zwnhl44d6fnjj24xa9km-ypcb-ddr3-bitstream-seed-55-cntvaluein3-skew-locked/ypcb_00338_1p1_ddr3_openxc7.bit,artifacts/hardware/seed-31-60-baseline-cntvaluein3-lock/cntvaluein3-skew-locked-seed-55.json,artifacts/hardware/seed-31-60-baseline-cntvaluein3-lock/cntvaluein3-skew-locked-seed-55.log,0,pass
baseline-no-lock-seed-56,56,baseline-no-lock,/nix/store/pfbdprvk6xgzsy3jfl9a1bhj95knmgzy-ypcb-ddr3-bitstream-seed-56/ypcb_00338_1p1_ddr3_openxc7.bit,artifacts/hardware/seed-31-60-baseline-cntvaluein3-lock/baseline-no-lock-seed-56.json,artifacts/hardware/seed-31-60-baseline-cntvaluein3-lock/baseline-no-lock-seed-56.log,0,pass
cntvaluein3-skew-locked-seed-56,56,cntvaluein3-skew-locked,/nix/store/6w8fasflcm42zskc9qk64nmc352bwi11-ypcb-ddr3-bitstream-seed-56-cntvaluein3-skew-locked/ypcb_00338_1p1_ddr3_openxc7.bit,artifacts/hardware/seed-31-60-baseline-cntvaluein3-lock/cntvaluein3-skew-locked-seed-56.json,artifacts/hardware/seed-31-60-baseline-cntvaluein3-lock/cntvaluein3-skew-locked-seed-56.log,0,pass
baseline-no-lock-seed-57,57,baseline-no-lock,/nix/store/f8rb1khaws8da75sahr37qm8vbrnw4lc-ypcb-ddr3-bitstream-seed-57/ypcb_00338_1p1_ddr3_openxc7.bit,artifacts/hardware/seed-31-60-baseline-cntvaluein3-lock/baseline-no-lock-seed-57.json,artifacts/hardware/seed-31-60-baseline-cntvaluein3-lock/baseline-no-lock-seed-57.log,2,fail
cntvaluein3-skew-locked-seed-57,57,cntvaluein3-skew-locked,/nix/store/3mj00qzh7sz53abdi3qdvfjxgbf0vrdd-ypcb-ddr3-bitstream-seed-57-cntvaluein3-skew-locked/ypcb_00338_1p1_ddr3_openxc7.bit,artifacts/hardware/seed-31-60-baseline-cntvaluein3-lock/cntvaluein3-skew-locked-seed-57.json,artifacts/hardware/seed-31-60-baseline-cntvaluein3-lock/cntvaluein3-skew-locked-seed-57.log,0,pass
baseline-no-lock-seed-58,58,baseline-no-lock,/nix/store/r772ckz7zpxg7miwahsdhjdkwpp6k5j2-ypcb-ddr3-bitstream-seed-58/ypcb_00338_1p1_ddr3_openxc7.bit,artifacts/hardware/seed-31-60-baseline-cntvaluein3-lock/baseline-no-lock-seed-58.json,artifacts/hardware/seed-31-60-baseline-cntvaluein3-lock/baseline-no-lock-seed-58.log,2,fail
cntvaluein3-skew-locked-seed-58,58,cntvaluein3-skew-locked,/nix/store/40wz2k0hz6k1gfwdphpia22bv4hn7f9v-ypcb-ddr3-bitstream-seed-58-cntvaluein3-skew-locked/ypcb_00338_1p1_ddr3_openxc7.bit,artifacts/hardware/seed-31-60-baseline-cntvaluein3-lock/cntvaluein3-skew-locked-seed-58.json,artifacts/hardware/seed-31-60-baseline-cntvaluein3-lock/cntvaluein3-skew-locked-seed-58.log,0,pass
baseline-no-lock-seed-59,59,baseline-no-lock,/nix/store/pziwmrx4jq048imwbqzs3gl18k5b73cj-ypcb-ddr3-bitstream-seed-59/ypcb_00338_1p1_ddr3_openxc7.bit,artifacts/hardware/seed-31-60-baseline-cntvaluein3-lock/baseline-no-lock-seed-59.json,artifacts/hardware/seed-31-60-baseline-cntvaluein3-lock/baseline-no-lock-seed-59.log,0,pass
cntvaluein3-skew-locked-seed-59,59,cntvaluein3-skew-locked,/nix/store/cjybxd1cn3150lm773f9n8gw5v6939az-ypcb-ddr3-bitstream-seed-59-cntvaluein3-skew-locked/ypcb_00338_1p1_ddr3_openxc7.bit,artifacts/hardware/seed-31-60-baseline-cntvaluein3-lock/cntvaluein3-skew-locked-seed-59.json,artifacts/hardware/seed-31-60-baseline-cntvaluein3-lock/cntvaluein3-skew-locked-seed-59.log,0,pass
baseline-no-lock-seed-60,60,baseline-no-lock,/nix/store/rlkg0lfcjmzl8jm792mxx2rc15i423ls-ypcb-ddr3-bitstream-seed-60/ypcb_00338_1p1_ddr3_openxc7.bit,artifacts/hardware/seed-31-60-baseline-cntvaluein3-lock/baseline-no-lock-seed-60.json,artifacts/hardware/seed-31-60-baseline-cntvaluein3-lock/baseline-no-lock-seed-60.log,2,fail
cntvaluein3-skew-locked-seed-60,60,cntvaluein3-skew-locked,/nix/store/bccybb9lcjfzf0rcj0p9smsw5qwcmalc-ypcb-ddr3-bitstream-seed-60-cntvaluein3-skew-locked/ypcb_00338_1p1_ddr3_openxc7.bit,artifacts/hardware/seed-31-60-baseline-cntvaluein3-lock/cntvaluein3-skew-locked-seed-60.json,artifacts/hardware/seed-31-60-baseline-cntvaluein3-lock/cntvaluein3-skew-locked-seed-60.log,2,fail
