metric,family,lane,bit,control_bit,scope,fail_count,fail_min_ps,fail_median_ps,fail_max_ps,pass_count,pass_min_ps,pass_median_ps,pass_max_ps,robust_count,robust_min_ps,robust_median_ps,robust_max_ps,fail_minus_pass_median_ps,fail_min_minus_pass_max_ps,robust_minus_fail_median_ps
direct_max,idelay_dqs_cntvaluein,lane0,dqs0,4,endpoint,2,1952.0,2092.5,2233.0,1,1350.0,1350.0,1350.0,2,1328.0,1343.0,1358.0,742.5,602.0,-749.5
direct_max,idelay_data_cntvaluein,lane0,dq4,3,endpoint,2,2176.0,2318.0,2460.0,1,1626.0,1626.0,1626.0,2,1455.0,1638.5,1822.0,692.0,550.0,-679.5
direct_max,idelay_data_cntvaluein,lane1,dq14,3,endpoint,2,1850.0,1995.5,2141.0,1,1310.0,1310.0,1310.0,2,1527.0,1602.0,1677.0,685.5,540.0,-393.5
direct_max,idelay_data_cntvaluein,lane1,dq8,2,endpoint,2,2000.0,2141.0,2282.0,1,1473.0,1473.0,1473.0,2,1149.0,1443.5,1738.0,668.0,527.0,-697.5
direct_max,idelay_data_cntvaluein,lane0,dq1,3,endpoint,2,2174.0,2313.5,2453.0,1,1669.0,1669.0,1669.0,2,1371.0,1595.5,1820.0,644.5,505.0,-718.0
direct_max,idelay_data_cntvaluein,lane1,dq8,3,endpoint,2,1853.0,1999.0,2145.0,1,1439.0,1439.0,1439.0,2,1702.0,1735.0,1768.0,560.0,414.0,-264.0
direct_max,idelay_data_cntvaluein,lane0,dq2,3,endpoint,2,2042.0,2134.0,2226.0,1,1577.0,1577.0,1577.0,2,1463.0,1599.0,1735.0,557.0,465.0,-535.0
direct_max,idelay_ld,lane0,dq7,,endpoint,2,2151.0,2305.5,2460.0,1,1774.0,1774.0,1774.0,2,1250.0,1310.5,1371.0,531.5,377.0,-995.0
direct_max,idelay_data_cntvaluein,lane1,dq12,3,endpoint,2,1759.0,1905.5,2052.0,1,1394.0,1394.0,1394.0,2,1442.0,1517.0,1592.0,511.5,365.0,-388.5
direct_max,idelay_data_cntvaluein,lane0,dq5,3,endpoint,2,1789.0,1943.5,2098.0,1,1442.0,1442.0,1442.0,2,1511.0,1643.5,1776.0,501.5,347.0,-300.0
direct_max,idelay_data_cntvaluein,lane0,dq6,3,endpoint,2,1904.0,2067.0,2230.0,1,1572.0,1572.0,1572.0,2,1557.0,1692.0,1827.0,495.0,332.0,-375.0
direct_max,idelay_data_cntvaluein,lane0,dq7,3,endpoint,2,2144.0,2206.5,2269.0,1,1718.0,1718.0,1718.0,2,1549.0,1558.0,1567.0,488.5,426.0,-648.5
direct_max,idelay_data_cntvaluein,lane0,dq3,3,endpoint,2,1707.0,1861.5,2016.0,1,1393.0,1393.0,1393.0,2,1457.0,1573.5,1690.0,468.5,314.0,-288.0
direct_max,idelay_data_cntvaluein,lane0,dq0,3,endpoint,2,2082.0,2225.0,2368.0,1,1758.0,1758.0,1758.0,2,1286.0,1508.0,1730.0,467.0,324.0,-717.0
direct_max,idelay_data_cntvaluein,lane1,dq14,2,endpoint,2,1917.0,2053.5,2190.0,1,1597.0,1597.0,1597.0,2,1203.0,1425.5,1648.0,456.5,320.0,-628.0
direct_max,idelay_data_cntvaluein,lane0,dq5,4,endpoint,2,1644.0,1932.0,2220.0,1,1481.0,1481.0,1481.0,2,1697.0,2072.5,2448.0,451.0,163.0,140.5
direct_max,idelay_data_cntvaluein,lane1,dq10,3,endpoint,2,1580.0,1775.0,1970.0,1,1338.0,1338.0,1338.0,2,1506.0,1515.0,1524.0,437.0,242.0,-260.0
direct_max,idelay_dqs_cntvaluein,lane0,dqs0,2,endpoint,2,1587.0,1812.5,2038.0,1,1376.0,1376.0,1376.0,2,1572.0,1756.0,1940.0,436.5,211.0,-56.5
direct_max,idelay_data_cntvaluein,lane1,dq11,3,endpoint,2,1452.0,1685.5,1919.0,1,1256.0,1256.0,1256.0,2,1363.0,1492.0,1621.0,429.5,196.0,-193.5
direct_max,idelay_data_cntvaluein,lane0,dq4,1,endpoint,2,1600.0,1869.0,2138.0,1,1445.0,1445.0,1445.0,2,1332.0,1614.0,1896.0,424.0,155.0,-255.0
direct_max,idelay_dqs_cntvaluein,lane1,dqs1,2,endpoint,2,1309.0,1517.5,1726.0,1,1103.0,1103.0,1103.0,2,1254.0,1478.0,1702.0,414.5,206.0,-39.5
direct_max,idelay_ld,lane0,dq2,,endpoint,2,2155.0,2262.0,2369.0,1,1855.0,1855.0,1855.0,2,1159.0,1253.5,1348.0,407.0,300.0,-1008.5
direct_max,idelay_data_cntvaluein,lane1,dq15,3,endpoint,2,1241.0,1549.5,1858.0,1,1157.0,1157.0,1157.0,2,1133.0,1249.5,1366.0,392.5,84.0,-300.0
direct_max,idelay_data_cntvaluein,lane1,dq10,4,endpoint,2,1421.0,1698.5,1976.0,1,1309.0,1309.0,1309.0,2,1633.0,1974.5,2316.0,389.5,112.0,276.0
direct_max,idelay_data_cntvaluein,lane1,dq12,1,endpoint,2,1485.0,1627.0,1769.0,1,1243.0,1243.0,1243.0,2,1371.0,1480.5,1590.0,384.0,242.0,-146.5
direct_max,idelay_data_cntvaluein,lane0,dq5,2,endpoint,2,1935.0,2069.0,2203.0,1,1687.0,1687.0,1687.0,2,1328.0,1603.0,1878.0,382.0,248.0,-466.0
direct_max,idelay_data_cntvaluein,lane0,dq2,2,endpoint,2,2088.0,2208.5,2329.0,1,1827.0,1827.0,1827.0,2,1284.0,1695.5,2107.0,381.5,261.0,-513.0
direct_max,idelay_data_cntvaluein,lane0,dq2,1,endpoint,2,1695.0,1917.5,2140.0,1,1536.0,1536.0,1536.0,2,1360.0,1498.0,1636.0,381.5,159.0,-419.5
direct_max,idelay_data_cntvaluein,lane0,dq1,1,endpoint,2,1689.0,1867.5,2046.0,1,1500.0,1500.0,1500.0,2,1332.0,1568.5,1805.0,367.5,189.0,-299.0
direct_max,idelay_data_cntvaluein,lane1,dq12,2,endpoint,2,1906.0,2002.5,2099.0,1,1648.0,1648.0,1648.0,2,1202.0,1452.0,1702.0,354.5,258.0,-550.5
direct_max,idelay_data_cntvaluein,lane0,dq7,1,endpoint,2,1694.0,1962.0,2230.0,1,1621.0,1621.0,1621.0,2,1445.0,1579.0,1713.0,341.0,73.0,-383.0
direct_max,idelay_data_cntvaluein,lane1,dq10,2,endpoint,2,1822.0,1988.0,2154.0,1,1648.0,1648.0,1648.0,2,1149.0,1425.5,1702.0,340.0,174.0,-562.5
direct_max,idelay_dqs_cntvaluein,lane1,dqs1,4,endpoint,2,1427.0,1609.5,1792.0,1,1271.0,1271.0,1271.0,2,1125.0,1170.0,1215.0,338.5,156.0,-439.5
direct_max,idelay_data_cntvaluein,lane1,dq8,1,endpoint,2,1491.0,1676.0,1861.0,1,1338.0,1338.0,1338.0,2,1421.0,1481.5,1542.0,338.0,153.0,-194.5
direct_max,idelay_data_cntvaluein,lane1,dq13,3,endpoint,2,1534.0,1683.0,1832.0,1,1347.0,1347.0,1347.0,2,1447.0,1537.5,1628.0,336.0,187.0,-145.5
direct_max,idelay_data_cntvaluein,lane0,dq0,1,endpoint,2,1597.0,1779.5,1962.0,1,1453.0,1453.0,1453.0,2,1335.0,1529.0,1723.0,326.5,144.0,-250.5
direct_max,idelay_data_cntvaluein,lane0,dq6,1,endpoint,2,1789.0,2011.0,2233.0,1,1705.0,1705.0,1705.0,2,1452.0,1586.0,1720.0,306.0,84.0,-425.0
direct_max,idelay_ld,lane0,dq4,,endpoint,2,2243.0,2305.5,2368.0,1,2000.0,2000.0,2000.0,2,1246.0,1262.5,1279.0,305.5,243.0,-1043.0
direct_max,idelay_ld,lane0,dq5,,endpoint,2,2005.0,2076.5,2148.0,1,1771.0,1771.0,1771.0,2,1296.0,1397.0,1498.0,305.5,234.0,-679.5
control_fanout_spread,idelay_data_cntvaluein,lane1,,2,lane_control_bit,2,629.0,734.5,840.0,1,436.0,436.0,436.0,2,178.0,275.5,373.0,298.5,193.0,-459.0
direct_max,idelay_data_cntvaluein,lane1,dq10,1,endpoint,2,1399.0,1541.5,1684.0,1,1245.0,1245.0,1245.0,2,1427.0,1520.0,1613.0,296.5,154.0,-21.5
direct_max,idelay_data_cntvaluein,lane1,dq9,1,endpoint,2,1481.0,1529.0,1577.0,1,1243.0,1243.0,1243.0,2,1297.0,1416.5,1536.0,286.0,238.0,-112.5
direct_max,idelay_data_cntvaluein,lane0,dq3,1,endpoint,2,1597.0,1663.5,1730.0,1,1378.0,1378.0,1378.0,2,1281.0,1464.5,1648.0,285.5,219.0,-199.0
direct_max,idelay_data_cntvaluein,lane1,dq15,1,endpoint,2,1396.0,1440.5,1485.0,1,1159.0,1159.0,1159.0,2,1207.0,1328.5,1450.0,281.5,237.0,-112.0
direct_max,idelay_data_cntvaluein,lane0,dq2,4,endpoint,2,1787.0,1990.0,2193.0,1,1712.0,1712.0,1712.0,2,2049.0,2435.5,2822.0,278.0,75.0,445.5
direct_max,idelay_data_cntvaluein,lane0,dq5,1,endpoint,2,1726.0,1736.0,1746.0,1,1470.0,1470.0,1470.0,2,1286.0,1422.5,1559.0,266.0,256.0,-313.5
direct_max,idelay_data_cntvaluein,lane0,dq6,2,endpoint,2,2121.0,2272.0,2423.0,1,2006.0,2006.0,2006.0,2,1378.0,1608.0,1838.0,266.0,115.0,-664.0
direct_max,idelayctrl,all,,,endpoint,2,3089.0,3230.0,3371.0,1,2970.0,2970.0,2970.0,2,2759.0,2851.5,2944.0,260.0,119.0,-378.5
lane_spread,idelayctrl,all,,,lane,2,1963.0,2104.0,2245.0,1,1844.0,1844.0,1844.0,2,1633.0,1725.5,1818.0,260.0,119.0,-378.5
direct_max,idelay_data_cntvaluein,lane0,dq4,2,endpoint,2,2141.0,2234.5,2328.0,1,1975.0,1975.0,1975.0,2,1450.0,1777.5,2105.0,259.5,166.0,-457.0
direct_max,idelay_data_cntvaluein,lane1,dq9,2,endpoint,2,1371.0,1451.5,1532.0,1,1212.0,1212.0,1212.0,2,1154.0,1259.5,1365.0,239.5,159.0,-192.0
direct_max,idelay_data_cntvaluein,lane1,dq15,2,endpoint,2,1442.0,1447.0,1452.0,1,1223.0,1223.0,1223.0,2,1065.0,1220.5,1376.0,224.0,219.0,-226.5
control_fanout_spread,idelay_data_cntvaluein,lane1,,3,lane_control_bit,2,313.0,502.5,692.0,1,282.0,282.0,282.0,2,336.0,485.5,635.0,220.5,31.0,-17.0
direct_max,idelay_data_cntvaluein,lane0,dq7,2,endpoint,2,2207.0,2314.0,2421.0,1,2094.0,2094.0,2094.0,2,1286.0,1741.5,2197.0,220.0,113.0,-572.5
direct_max,idelay_data_cntvaluein,lane0,dq3,2,endpoint,2,1855.0,1983.5,2112.0,1,1769.0,1769.0,1769.0,2,1238.0,1512.0,1786.0,214.5,86.0,-471.5
direct_max,idelay_data_cntvaluein,lane0,dq1,2,endpoint,2,2006.0,2121.0,2236.0,1,1919.0,1919.0,1919.0,2,1358.0,1685.5,2013.0,202.0,87.0,-435.5
direct_max,idelay_data_cntvaluein,lane0,dq0,4,endpoint,2,1699.0,1857.5,2016.0,1,1664.0,1664.0,1664.0,2,1875.0,2214.0,2553.0,193.5,35.0,356.5
lane_spread,idelay_ld,lane1,,,lane,2,350.0,525.0,700.0,1,339.0,339.0,339.0,2,232.0,298.0,364.0,186.0,11.0,-227.0
direct_max,idelay_data_cntvaluein,lane1,dq11,2,endpoint,2,1590.0,1685.5,1781.0,1,1504.0,1504.0,1504.0,2,1164.0,1377.0,1590.0,181.5,86.0,-308.5
direct_max,idelay_ld,lane0,dq3,,endpoint,2,1998.0,2027.0,2056.0,1,1858.0,1858.0,1858.0,2,1210.0,1341.5,1473.0,169.0,140.0,-685.5
direct_max,idelay_ld,lane0,dq6,,endpoint,2,2063.0,2077.0,2091.0,1,1911.0,1911.0,1911.0,2,1253.0,1336.0,1419.0,166.0,152.0,-741.0
control_fanout_spread,idelay_data_cntvaluein,lane1,,0,lane_control_bit,2,413.0,519.0,625.0,1,355.0,355.0,355.0,2,408.0,424.5,441.0,164.0,58.0,-94.5
control_fanout_spread,idelay_data_cntvaluein,lane0,,0,lane_control_bit,2,400.0,483.5,567.0,1,320.0,320.0,320.0,2,306.0,369.5,433.0,163.5,80.0,-114.0
direct_max,idelay_data_cntvaluein,lane1,dq14,1,endpoint,2,1396.0,1494.0,1592.0,1,1340.0,1340.0,1340.0,2,1457.0,1482.5,1508.0,154.0,56.0,-11.5
direct_max,idelay_ld,lane0,dq1,,endpoint,2,2276.0,2279.5,2283.0,1,2137.0,2137.0,2137.0,2,1074.0,1152.0,1230.0,142.5,139.0,-1127.5
cntvaluein_bus_skew,idelay_dqs_cntvaluein,lane0,dqs0,,dqs0,2,732.0,762.5,793.0,1,620.0,620.0,620.0,2,359.0,470.5,582.0,142.5,112.0,-292.0
lane_spread,idelay_dqs_cntvaluein,lane0,,,lane,2,732.0,762.5,793.0,1,620.0,620.0,620.0,2,359.0,470.5,582.0,142.5,112.0,-292.0
control_fanout_spread,idelay_data_cntvaluein,lane0,,3,lane_control_bit,2,444.0,503.0,562.0,1,365.0,365.0,365.0,2,260.0,265.5,271.0,138.0,79.0,-237.5
direct_max,idelay_ld,lane0,dqs0,,endpoint,2,2000.0,2072.0,2144.0,1,1937.0,1937.0,1937.0,2,1347.0,1410.0,1473.0,135.0,63.0,-662.0
direct_max,idelay_dqs_cntvaluein,lane1,dqs1,3,endpoint,2,1268.0,1314.0,1360.0,1,1194.0,1194.0,1194.0,2,1156.0,1285.0,1414.0,120.0,74.0,-29.0
cntvaluein_bus_skew,idelay_data_cntvaluein,lane0,dq1,,dq1,2,589.0,676.5,764.0,1,572.0,572.0,572.0,2,658.0,1026.0,1394.0,104.5,17.0,349.5
cntvaluein_bus_skew,idelay_dqs_cntvaluein,lane1,dqs1,,dqs1,2,623.0,669.0,715.0,1,571.0,571.0,571.0,2,272.0,379.5,487.0,98.0,52.0,-289.5
lane_spread,idelay_dqs_cntvaluein,lane1,,,lane,2,623.0,669.0,715.0,1,571.0,571.0,571.0,2,272.0,379.5,487.0,98.0,52.0,-289.5
lane_spread,idelay_data_cntvaluein,lane1,,,lane,2,886.0,894.5,903.0,1,811.0,811.0,811.0,2,703.0,980.0,1257.0,83.5,75.0,85.5
direct_max,idelay_data_cntvaluein,lane1,dq11,1,endpoint,2,1490.0,1495.0,1500.0,1,1425.0,1425.0,1425.0,2,1078.0,1290.5,1503.0,70.0,65.0,-204.5
direct_max,idelay_data_cntvaluein,lane1,dq13,1,endpoint,2,1585.0,1585.0,1585.0,1,1516.0,1516.0,1516.0,2,1203.0,1398.0,1593.0,69.0,69.0,-187.0
direct_max,idelay_ld,lane0,dq0,,endpoint,2,2186.0,2192.0,2198.0,1,2131.0,2131.0,2131.0,2,1166.0,1181.5,1197.0,61.0,55.0,-1010.5
cntvaluein_bus_skew,idelay_data_cntvaluein,lane0,dq6,,dq6,2,634.0,648.5,663.0,1,589.0,589.0,589.0,2,766.0,1115.5,1465.0,59.5,45.0,467.0
cntvaluein_bus_skew,idelay_data_cntvaluein,lane1,dq12,,dq12,2,566.0,590.0,614.0,1,551.0,551.0,551.0,2,431.0,687.5,944.0,39.0,15.0,97.5
