experiment_id,run_group,seed,variant,payload_version,pass,fail_reasons,state_calibrate,instruction_address,calib_complete,bist_done,correct_read_data,wrong_read_data,abort_seen,abort_reason,abort_reason_name,abort_lane,abort_state,abort_instruction,abort_start_index_check,abort_lane_write_dq_late,abort_lane_read_dq_early,abort_dq_target_index,abort_data_start_index,idelay_data_tap_mismatch_seen,idelay_dqs_tap_mismatch_seen,data_mismatch_lane_mask,dqs_mismatch_lane_mask,reset_from_calibrate_ever,reset_from_test_ever,sync_rst_reasserted_after_release,phy_reset_reasserted_after_release,wrong_read_seen,bitstream_sha256,result_json,finished_at,nextpnr_json,cvc_sdf,fasm,interpretation
idelay-control-locked-seed1,pre_abort_instrumentation,1,cntvaluein_only,1,True,,23,,True,True,100663295,0,,,,,,,,,,,,,,,,,,,,,ffd02510487f7ea370f7a3371f9e68d221f7a967a6cfa679e154c2a6605ddf50,artifacts/hardware/idelay-control-locked-seed1.json,2026-05-27T12:40:09.635344+00:00,,,,passes
idelay-control-locked-seed2,pre_abort_instrumentation,2,cntvaluein_only,1,True,,23,,True,True,100663295,0,,,,,,,,,,,,,,,,,,,,,b9ee853031bd37dbce5449f07a0da234e8ace478b833d0447bee35baf40749d5,artifacts/hardware/idelay-control-locked-seed2.json,2026-05-27T12:41:07.690896+00:00,,,,passes
baseline-seed3,pre_abort_instrumentation,3,baseline,1,True,,23,,True,True,100663295,0,,,,,,,,,,,,,,,,,,,,,ad8cff2246b93620e1caba74cb98318899a35f582cb52582a59ca53e760fe35c,artifacts/hardware/baseline-seed3.json,2026-05-27T13:06:06.827173+00:00,,,,passes
idelay-control-locked-seed3,pre_abort_instrumentation,3,cntvaluein_only,1,False,"calib_incomplete,calib_state_not_done,bist_not_done,wrong_read_data_nonzero",17,,False,False,73,1,,,,,,,,,,,,,,,,,,,,,9f5e1de0d49ccc9c1f89b663c06bc815852f600467333a1131344895cca4178e,artifacts/hardware/idelay-control-locked-seed3.json,2026-05-27T12:48:14.027906+00:00,,,,fails without captured abort or old payload lacks abort fields
idelay-control-full-locked-seed3,pre_abort_instrumentation,3,cntvaluein_plus_ld_parent,1,False,"calib_incomplete,calib_state_not_done,bist_not_done",0,,False,False,0,0,,,,,,,,,,,,,,,,,,,,,9342d7af43eeda7e9963f2ff5a2cb23bc88846cc55a5a40ce2676dc8f6edd698,artifacts/hardware/idelay-control-full-locked-seed3.json,2026-05-27T13:00:06.291261+00:00,,,,fails without captured abort or old payload lacks abort fields
instrumented-seed3-baseline,payload_v2_startup_idelay,3,baseline,2,True,,23,22,True,True,100663295,0,,,,,,,,,,,,False,False,0,0,False,False,False,False,False,9fda4b3054a30b5982781f97b3f02faf1e6e669bedc404c10f799644ba3fc8ea,artifacts/hardware/instrumented-seed3-baseline.json,2026-05-27T14:04:11.891202+00:00,result-nextpnr-json-seed3-instrumented-baseline/ypcb_00338_1p1_ddr3.placed.json,result-cvc-sdf-seed3-instrumented-baseline/ypcb_00338_1p1_ddr3.cvc.sdf,,passes
instrumented-seed3-idelay-control-locked,payload_v2_startup_idelay,3,cntvaluein_only,2,True,,23,22,True,True,100663295,0,,,,,,,,,,,,False,False,0,0,False,False,False,False,False,7a5c36a31a6e23eb8837133772e4b313f57efb74e8369ba5ac0b327e877f2818,artifacts/hardware/instrumented-seed3-idelay-control-locked.json,2026-05-27T14:04:59.237718+00:00,result-nextpnr-json-seed3-instrumented-idelay-control-locked/ypcb_00338_1p1_ddr3.placed.json,,,passes
instrumented-seed3-idelay-control-full-locked,payload_v2_startup_idelay,3,cntvaluein_plus_ld_parent,2,False,"calib_incomplete,calib_state_not_done,bist_not_done",0,2,False,False,0,0,,,,,,,,,,,,False,False,0,0,True,False,True,True,False,6b9122496b13567f7410123eacc7e0d5b8203a5c59f5058515ec54521e8e7110,artifacts/hardware/instrumented-seed3-idelay-control-full-locked.json,2026-05-27T14:05:58.628616+00:00,result-nextpnr-json-seed3-instrumented-idelay-control-full-locked/ypcb_00338_1p1_ddr3.placed.json,,,fails without captured abort or old payload lacks abort fields
v3-seed3-baseline,payload_v3_wide,3,baseline,3,False,"calib_incomplete,calib_state_not_done,bist_not_done",4,13,False,False,0,0,False,0,none,0,0,0,0,False,False,0,0,False,False,0,0,False,False,False,False,False,d34243de938490cbb5ffa3551fa96eda9b471cda6d9987e0a732629ed5fe3dbd,artifacts/hardware/v3-seed3-baseline.json,2026-05-27T14:43:58.140220+00:00,,,,fails without captured abort or old payload lacks abort fields
v3-min-seed3-baseline,payload_v3_min,3,baseline,3,False,"calib_incomplete,calib_state_not_done,bist_not_done,wrong_read_data_nonzero",17,22,False,False,1,1,True,2,check_starting_data_search_exhausted,0,14,22,0,True,False,35,0,False,False,0,0,True,True,True,True,True,8c183facd87afe96291a8a2a897bb4bc7327cc92ff8f7ef491a68696558f4f64,artifacts/hardware/v3-min-seed3-baseline.json,2026-05-27T14:48:15.663843+00:00,result-nextpnr-json-seed3-v3-min-baseline/ypcb_00338_1p1_ddr3.placed.json,result-cvc-sdf-seed3-v3-min-baseline/ypcb_00338_1p1_ddr3.cvc.sdf,,observer_perturbed_baseline; abort reason 2 lane 0; not a clean baseline pass
v3-min-seed3-baseline-rerun,payload_v3_min,3,baseline,3,False,"calib_incomplete,calib_state_not_done,bist_not_done,wrong_read_data_nonzero",0,2,False,False,8,2,True,2,check_starting_data_search_exhausted,0,14,22,0,True,False,35,0,False,False,0,0,True,True,True,True,True,8c183facd87afe96291a8a2a897bb4bc7327cc92ff8f7ef491a68696558f4f64,artifacts/hardware/v3-min-seed3-baseline-rerun.json,2026-05-27T14:49:11.044037+00:00,result-nextpnr-json-seed3-v3-min-baseline/ypcb_00338_1p1_ddr3.placed.json,result-cvc-sdf-seed3-v3-min-baseline/ypcb_00338_1p1_ddr3.cvc.sdf,,observer_perturbed_baseline; abort reason 2 lane 0; not a clean baseline pass
v3-min-seed3-idelay-control-locked,payload_v3_min,3,cntvaluein_only,3,True,,23,22,True,True,100663295,0,False,0,none,0,0,0,0,False,False,0,0,False,False,0,0,False,False,False,False,False,1d8896f2d49fd02434982558cfbda75725106d5f7872ddba124d58b9548fdbd5,artifacts/hardware/v3-min-seed3-idelay-control-locked.json,2026-05-27T14:56:35.255174+00:00,result-nextpnr-json-seed3-v3-min-idelay-control-locked/ypcb_00338_1p1_ddr3.placed.json,,,passes with reduced abort observer and regenerated locks
v3-min-seed3-idelay-control-full-locked,payload_v3_min,3,cntvaluein_plus_ld_parent,3,True,,23,22,True,True,100663295,0,False,0,none,0,0,0,0,False,False,0,0,False,False,0,0,False,False,False,False,False,77b7bc3eacbe929eb001a330cfae22407984c396bf2d82a5165ae6f86f30ccde,artifacts/hardware/v3-min-seed3-idelay-control-full-locked.json,2026-05-27T14:57:21.217247+00:00,result-nextpnr-json-seed3-v3-min-idelay-control-full-locked/ypcb_00338_1p1_ddr3.placed.json,,,passes with reduced abort observer and regenerated locks
idelay-control-locked-seed4,pre_abort_instrumentation,4,cntvaluein_only,1,True,,23,,True,True,100663295,0,,,,,,,,,,,,,,,,,,,,,e13007b676ac36fe59ae1afddd3a85b6af65f0df032e31bd66550469cf7b4253,artifacts/hardware/idelay-control-locked-seed4.json,2026-05-27T12:49:05.952624+00:00,,,,passes
baseline-seed5,pre_abort_instrumentation,5,baseline,1,True,,23,,True,True,100663295,0,,,,,,,,,,,,,,,,,,,,,026ca92843c4eddd7702773bb943fec3ba6ea1a67a6a66f856f14d18a1a0dad5,artifacts/hardware/baseline-seed5.json,2026-05-27T13:06:53.802427+00:00,,,,passes
idelay-control-locked-seed5,pre_abort_instrumentation,5,cntvaluein_only,1,False,"calib_incomplete,calib_state_not_done,bist_not_done",0,,False,False,0,0,,,,,,,,,,,,,,,,,,,,,e6b58efc164a625543ff77bd0ebbb2ac0d047e023ebfd09c83caf823b2af33f3,artifacts/hardware/idelay-control-locked-seed5.json,2026-05-27T12:49:59.907576+00:00,,,,fails without captured abort or old payload lacks abort fields
idelay-control-full-locked-seed5,pre_abort_instrumentation,5,cntvaluein_plus_ld_parent,1,True,,23,,True,True,100663295,0,,,,,,,,,,,,,,,,,,,,,d3c4a91c9df8d6ae227bd1e39011a9496bd16b23f4e90adb58adced2df7b406a,artifacts/hardware/idelay-control-full-locked-seed5.json,2026-05-27T13:00:51.958256+00:00,,,,passes
exact-abort-seed3-baseline,payload_v3_exact_abort,3,baseline,3,True,,23,22,True,True,100663295,0,False,0,none,0,0,0,0,False,False,0,0,False,False,0,0,False,False,False,False,False,e794dcc32aad794e7590259f6dfcbc4b2dbadb37966db917716e38544b3bfa8a,artifacts/hardware/exact-abort-seed3-baseline.json,2026-05-27T16:02:01.720826+00:00,result-cvc-sdf-seed3-exact-abort-baseline/ypcb_00338_1p1_ddr3.placed.json,result-cvc-sdf-seed3-exact-abort-baseline/ypcb_00338_1p1_ddr3.cvc.sdf,,passes with exact abort snapshot; no abort captured; no tap mismatch
exact-abort-seed3-idelay-control-locked,payload_v3_exact_abort,3,cntvaluein_only,3,True,,23,22,True,True,100663295,0,False,0,none,0,0,0,0,False,False,0,0,False,False,0,0,False,False,False,False,False,29d735b6f462e12cac8d4ba980cb2183f6071949db87f4d67cff020778f8c99b,artifacts/hardware/exact-abort-seed3-idelay-control-locked.json,2026-05-27T16:02:47.504709+00:00,result-cvc-sdf-seed3-exact-abort-idelay-control-locked/ypcb_00338_1p1_ddr3.placed.json,result-cvc-sdf-seed3-exact-abort-idelay-control-locked/ypcb_00338_1p1_ddr3.cvc.sdf,,passes with exact abort snapshot and regenerated CNTVALUEIN locks; no abort captured; no tap mismatch
exact-abort-seed3-idelay-control-full-locked,payload_v3_exact_abort,3,cntvaluein_plus_ld_parent,3,False,"calib_incomplete,calib_state_not_done,bist_not_done",0,1,False,False,0,0,True,2,check_starting_data_search_exhausted,0,14,22,48,True,False,33,0,False,False,0,0,True,False,True,True,False,f5aa1f85e878a34a8c31dfc88cc221aa442d959101839165a79f622109902127,artifacts/hardware/exact-abort-seed3-idelay-control-full-locked.json,2026-05-27T16:03:36.937927+00:00,result-cvc-sdf-seed3-exact-abort-idelay-control-full-locked/ypcb_00338_1p1_ddr3.placed.json,result-cvc-sdf-seed3-exact-abort-idelay-control-full-locked/ypcb_00338_1p1_ddr3.cvc.sdf,,fails with exact CHECK_STARTING_DATA abort lane 0 start_index_check=48 dq_target_index=33; no tap mismatch; regenerated CNTVALUEIN+LD locks are diagnostic not a fix
baseline-no-lock-seed-1,baseline_no_lock_seed_1_30,1,baseline-no-lock,3,True,,23,22,True,True,100663295,0,False,0,none,0,0,0,0,False,False,0,0,False,False,0,0,False,False,False,False,False,93559ae7c9e7dd011567a22638637edc9f0bd9ff10be7305a0c23f2ce7d0b66b,artifacts/hardware/baseline-no-lock-seed-1-30/baseline-no-lock-seed-1.json,2026-05-27T18:58:10.237723+00:00,/nix/store/ahfyga4ylg7y4f2g9bg46rf6dpdbn7mg-ypcb-ddr3-nextpnr-json-seed-1/ypcb_00338_1p1_ddr3.placed.json,/nix/store/7x1d974s848wf73zrj1zdinfqji2pm0p-ypcb-ddr3-cvc-sdf-seed-1/ypcb_00338_1p1_ddr3.cvc.sdf,,passes calibration and BIST
baseline-no-lock-seed-2,baseline_no_lock_seed_1_30,2,baseline-no-lock,3,False,"calib_incomplete,calib_state_not_done,bist_not_done",0,1,False,False,0,0,True,2,check_starting_data_search_exhausted,1,14,22,48,True,False,33,0,False,False,0,0,True,False,True,True,False,58d98bf2ee14c53be84767f9a12fe617fe496597058a6274c94c40390f8e7a8d,artifacts/hardware/baseline-no-lock-seed-1-30/baseline-no-lock-seed-2.json,2026-05-27T18:58:51.295839+00:00,/nix/store/jjyms7rpklqbzn2696577kfscj4mc4kd-ypcb-ddr3-nextpnr-json-seed-2/ypcb_00338_1p1_ddr3.placed.json,/nix/store/0kdbg5v141vafykf1nvgb36xf0dfnwh2-ypcb-ddr3-cvc-sdf-seed-2/ypcb_00338_1p1_ddr3.cvc.sdf,,fails after check_starting_data_search_exhausted; final state 0 after reset; lane 1 start_index_check=48 dq_target_index=33
baseline-no-lock-seed-3,baseline_no_lock_seed_1_30,3,baseline-no-lock,3,True,,23,22,True,True,100663295,0,False,0,none,0,0,0,0,False,False,0,0,False,False,0,0,False,False,False,False,False,37941b5110c32fd142923804c79231341566159845140393e4c45fa469c99a76,artifacts/hardware/baseline-no-lock-seed-1-30/baseline-no-lock-seed-3.json,2026-05-27T18:59:26.451765+00:00,/nix/store/4pnw97bn26lsknlkv3926b6s5dam03xm-ypcb-ddr3-nextpnr-json-seed-3/ypcb_00338_1p1_ddr3.placed.json,/nix/store/zyrzwsrx248z1arjnkd3lizj66m8nn9i-ypcb-ddr3-cvc-sdf-seed-3/ypcb_00338_1p1_ddr3.cvc.sdf,,passes calibration and BIST
baseline-no-lock-seed-4,baseline_no_lock_seed_1_30,4,baseline-no-lock,3,True,,23,22,True,True,100663295,0,False,0,none,0,0,0,0,False,False,0,0,False,False,0,0,False,False,False,False,False,9b9bf3e3c216ce40258f75e470ad48b94a711fd256c3851ab0f205a7ede6017f,artifacts/hardware/baseline-no-lock-seed-1-30/baseline-no-lock-seed-4.json,2026-05-27T19:00:01.567615+00:00,/nix/store/14x05r7f7qjw9ag6s26fd580gmaxz6yd-ypcb-ddr3-nextpnr-json-seed-4/ypcb_00338_1p1_ddr3.placed.json,/nix/store/86gcag1fsaib67npy9brsfjrwnlm84gh-ypcb-ddr3-cvc-sdf-seed-4/ypcb_00338_1p1_ddr3.cvc.sdf,,passes calibration and BIST
baseline-no-lock-seed-5,baseline_no_lock_seed_1_30,5,baseline-no-lock,3,True,,23,22,True,True,100663295,0,False,0,none,0,0,0,0,False,False,0,0,False,False,0,0,False,False,False,False,False,305999d6de19c6f5cf8bc77740479ec966eb25390b79b63b0997503471cc9df8,artifacts/hardware/baseline-no-lock-seed-1-30/baseline-no-lock-seed-5.json,2026-05-27T19:00:36.775996+00:00,/nix/store/s1zla5q19jk42kldi6q3m5whbgnhdy4p-ypcb-ddr3-nextpnr-json-seed-5/ypcb_00338_1p1_ddr3.placed.json,/nix/store/43x6xad6wl41cf947x631mziwq3a5v7i-ypcb-ddr3-cvc-sdf-seed-5/ypcb_00338_1p1_ddr3.cvc.sdf,,passes calibration and BIST
baseline-no-lock-seed-6,baseline_no_lock_seed_1_30,6,baseline-no-lock,3,False,"calib_incomplete,calib_state_not_done,bist_not_done",0,2,False,False,0,0,True,2,check_starting_data_search_exhausted,0,14,22,48,True,False,33,0,False,False,0,0,True,False,True,True,False,33d8673e84901196f561ec2418bcd9bab6283c203e820d57617f7ae7bb41b509,artifacts/hardware/baseline-no-lock-seed-1-30/baseline-no-lock-seed-6.json,2026-05-27T19:01:17.759464+00:00,/nix/store/bnvavwzf8pid2ji0mycppk63zyinxjh1-ypcb-ddr3-nextpnr-json-seed-6/ypcb_00338_1p1_ddr3.placed.json,/nix/store/rk60jv9g0grc00wfnry0g8dv0ldxapx7-ypcb-ddr3-cvc-sdf-seed-6/ypcb_00338_1p1_ddr3.cvc.sdf,,fails after check_starting_data_search_exhausted; final state 0 after reset; lane 0 start_index_check=48 dq_target_index=33
baseline-no-lock-seed-7,baseline_no_lock_seed_1_30,7,baseline-no-lock,3,True,,23,22,True,True,100663295,0,False,0,none,0,0,0,0,False,False,0,0,False,False,0,0,False,False,False,False,False,182c59fe70204a4b14b944ac324ea9506603878dbcd1f4cb34d500cac35c2501,artifacts/hardware/baseline-no-lock-seed-1-30/baseline-no-lock-seed-7.json,2026-05-27T19:01:53.012004+00:00,/nix/store/0r2gcqrivdasyz60z8kg9r3ij0ip5fw4-ypcb-ddr3-nextpnr-json-seed-7/ypcb_00338_1p1_ddr3.placed.json,/nix/store/mfavlp16blmlrz7nplpy85jchhf474iq-ypcb-ddr3-cvc-sdf-seed-7/ypcb_00338_1p1_ddr3.cvc.sdf,,passes calibration and BIST
baseline-no-lock-seed-8,baseline_no_lock_seed_1_30,8,baseline-no-lock,3,True,,23,22,True,True,100663295,0,False,0,none,0,0,0,0,False,False,0,0,False,False,0,0,False,False,False,False,False,35b9539c6a501dc328d319fb5f8fbc0dbcbd5d16deaf2c2705f5ef30a375ea48,artifacts/hardware/baseline-no-lock-seed-1-30/baseline-no-lock-seed-8.json,2026-05-27T19:02:28.250610+00:00,/nix/store/2p1gsjg197mrmihqlrxnrp7ylnchwdy1-ypcb-ddr3-nextpnr-json-seed-8/ypcb_00338_1p1_ddr3.placed.json,/nix/store/y74b7x0nj8wskq9hia9vm8703m7bsg5a-ypcb-ddr3-cvc-sdf-seed-8/ypcb_00338_1p1_ddr3.cvc.sdf,,passes calibration and BIST
baseline-no-lock-seed-9,baseline_no_lock_seed_1_30,9,baseline-no-lock,3,True,,23,22,True,True,100663295,0,False,0,none,0,0,0,0,False,False,0,0,False,False,0,0,False,False,False,False,False,bc9e3073f67fdf56c419f10091d062dd3db76e8ec555ed2223b0e60ab2768fd2,artifacts/hardware/baseline-no-lock-seed-1-30/baseline-no-lock-seed-9.json,2026-05-27T19:03:03.476369+00:00,/nix/store/hq1yvvyagvigv93k9yhiff36hrvgx8fm-ypcb-ddr3-nextpnr-json-seed-9/ypcb_00338_1p1_ddr3.placed.json,/nix/store/icifxmz6r5jqxc313mmfb2rzrq2yafp6-ypcb-ddr3-cvc-sdf-seed-9/ypcb_00338_1p1_ddr3.cvc.sdf,,passes calibration and BIST
baseline-no-lock-seed-10,baseline_no_lock_seed_1_30,10,baseline-no-lock,3,True,,23,22,True,True,100663295,0,False,0,none,0,0,0,0,False,False,0,0,False,False,0,0,False,False,False,False,False,d7923a7193229c9834e790e3b17bcf65bfb9c600c26782447fc6b52415af4855,artifacts/hardware/baseline-no-lock-seed-1-30/baseline-no-lock-seed-10.json,2026-05-27T19:03:38.692921+00:00,/nix/store/p7rw5yk68n6rqckdvgmmb4jlx493w6gz-ypcb-ddr3-nextpnr-json-seed-10/ypcb_00338_1p1_ddr3.placed.json,/nix/store/whmcxhihnghr30i5b7pvdnmqawly7n1q-ypcb-ddr3-cvc-sdf-seed-10/ypcb_00338_1p1_ddr3.cvc.sdf,,passes calibration and BIST
baseline-no-lock-seed-11,baseline_no_lock_seed_1_30,11,baseline-no-lock,3,False,"calib_incomplete,calib_state_not_done,bist_not_done",0,1,False,False,0,0,True,2,check_starting_data_search_exhausted,0,14,22,48,True,False,33,0,False,False,0,0,True,False,True,True,False,8c6c65227446b8ee4957891270ecc0e6e40fc00f74d957d70661912e64895b82,artifacts/hardware/baseline-no-lock-seed-1-30/baseline-no-lock-seed-11.json,2026-05-27T19:04:19.662829+00:00,/nix/store/88k6rh4776csianfijsb2bhqggf0ma1n-ypcb-ddr3-nextpnr-json-seed-11/ypcb_00338_1p1_ddr3.placed.json,/nix/store/mg86zc7l1qrgdrwys429yh168ykmw6vz-ypcb-ddr3-cvc-sdf-seed-11/ypcb_00338_1p1_ddr3.cvc.sdf,,fails after check_starting_data_search_exhausted; final state 0 after reset; lane 0 start_index_check=48 dq_target_index=33
baseline-no-lock-seed-12,baseline_no_lock_seed_1_30,12,baseline-no-lock,3,False,"calib_incomplete,calib_state_not_done,bist_not_done",0,2,False,False,0,0,True,2,check_starting_data_search_exhausted,0,14,22,48,True,False,33,0,False,False,0,0,True,False,True,True,False,15dd3f9771b061441fa00f08dd5ee4143d799b588ddd6f874c1ef3ba57163ab4,artifacts/hardware/baseline-no-lock-seed-1-30/baseline-no-lock-seed-12.json,2026-05-27T19:05:00.661221+00:00,/nix/store/ldfbdv2h5mbdk0csnxlzl7l1iqjmmvaj-ypcb-ddr3-nextpnr-json-seed-12/ypcb_00338_1p1_ddr3.placed.json,/nix/store/vs8bg3dvhsj7gy0djnk8h2310zm1dm69-ypcb-ddr3-cvc-sdf-seed-12/ypcb_00338_1p1_ddr3.cvc.sdf,,fails after check_starting_data_search_exhausted; final state 0 after reset; lane 0 start_index_check=48 dq_target_index=33
baseline-no-lock-seed-13,baseline_no_lock_seed_1_30,13,baseline-no-lock,3,True,,23,22,True,True,100663295,0,False,0,none,0,0,0,0,False,False,0,0,False,False,0,0,False,False,False,False,False,b0f03929d6cb3725cb8ed0592cd4b27130a499b0327255272cb2eb744d8110f3,artifacts/hardware/baseline-no-lock-seed-1-30/baseline-no-lock-seed-13.json,2026-05-27T19:05:35.869823+00:00,/nix/store/lgkkmjfy4vlpr4a18g49g6msq9fil5h8-ypcb-ddr3-nextpnr-json-seed-13/ypcb_00338_1p1_ddr3.placed.json,/nix/store/xc7zfwa9n7hjfg133zxdfpqd1kpw2saq-ypcb-ddr3-cvc-sdf-seed-13/ypcb_00338_1p1_ddr3.cvc.sdf,,passes calibration and BIST
baseline-no-lock-seed-14,baseline_no_lock_seed_1_30,14,baseline-no-lock,3,True,,23,22,True,True,100663295,0,False,0,none,0,0,0,0,False,False,0,0,False,False,0,0,False,False,False,False,False,84a6e8e5883ed8717f3db930fb16a7a3314f379de310c9a3e561b2a78bc7b59a,artifacts/hardware/baseline-no-lock-seed-1-30/baseline-no-lock-seed-14.json,2026-05-27T19:06:11.071536+00:00,/nix/store/vj21kg08dw5c4k50lwk41fr5p7yyhdp6-ypcb-ddr3-nextpnr-json-seed-14/ypcb_00338_1p1_ddr3.placed.json,/nix/store/py15l07cnjnh5wsg1jz9mdyh9xzpvhnd-ypcb-ddr3-cvc-sdf-seed-14/ypcb_00338_1p1_ddr3.cvc.sdf,,passes calibration and BIST
baseline-no-lock-seed-15,baseline_no_lock_seed_1_30,15,baseline-no-lock,3,True,,23,22,True,True,100663295,0,False,0,none,0,0,0,0,False,False,0,0,False,False,0,0,False,False,False,False,False,9c2099403c8fa82f4afc07877df00bd746faf5115ec3fb0448f62ab7d5cee984,artifacts/hardware/baseline-no-lock-seed-1-30/baseline-no-lock-seed-15.json,2026-05-27T19:06:46.236369+00:00,/nix/store/lm5pz22253qb0bw1c0wjny1gacjc09v6-ypcb-ddr3-nextpnr-json-seed-15/ypcb_00338_1p1_ddr3.placed.json,/nix/store/2gh0a9nys4mnvgsir71b4zmdqzv80cx0-ypcb-ddr3-cvc-sdf-seed-15/ypcb_00338_1p1_ddr3.cvc.sdf,,passes calibration and BIST
baseline-no-lock-seed-16,baseline_no_lock_seed_1_30,16,baseline-no-lock,3,False,"calib_incomplete,calib_state_not_done,bist_not_done",3,13,False,False,0,0,False,0,none,0,0,0,0,False,False,0,0,False,False,0,0,False,False,False,False,False,a6c5fea8fa764567fa42d974f9aad2a1d352a46346de09dc3c4730d3418b6b27,artifacts/hardware/baseline-no-lock-seed-1-30/baseline-no-lock-seed-16.json,2026-05-27T19:07:27.349733+00:00,/nix/store/87sk1zbjh6az87wlq5npj6ad8rn6fhkh-ypcb-ddr3-nextpnr-json-seed-16/ypcb_00338_1p1_ddr3.placed.json,/nix/store/ai4dzq0wdfff4sg63n36d4nw5nkxs7xg-ypcb-ddr3-cvc-sdf-seed-16/ypcb_00338_1p1_ddr3.cvc.sdf,,failing calibration row stops at state 3 instruction 13 without captured abort
baseline-no-lock-seed-17,baseline_no_lock_seed_1_30,17,baseline-no-lock,3,True,,23,22,True,True,100663295,0,False,0,none,0,0,0,0,False,False,0,0,False,False,0,0,False,False,False,False,False,035bebda2a989593988a77dd374d87767d5444c8c82d84da0a8244e9bc0d66f0,artifacts/hardware/baseline-no-lock-seed-1-30/baseline-no-lock-seed-17.json,2026-05-27T19:08:02.576785+00:00,/nix/store/wxkghw47jyp6byi5widhz1js52zlypai-ypcb-ddr3-nextpnr-json-seed-17/ypcb_00338_1p1_ddr3.placed.json,/nix/store/ajv6adqn9qxdj01zy3zqf87ybzwkchhq-ypcb-ddr3-cvc-sdf-seed-17/ypcb_00338_1p1_ddr3.cvc.sdf,,passes calibration and BIST
baseline-no-lock-seed-18,baseline_no_lock_seed_1_30,18,baseline-no-lock,3,True,,23,22,True,True,100663295,0,False,0,none,0,0,0,0,False,False,0,0,False,False,0,0,False,False,False,False,False,20e2570e9bbfb4031f469212bfa10b6ce455f667c320d5b8d749e00cd2dfe83e,artifacts/hardware/baseline-no-lock-seed-1-30/baseline-no-lock-seed-18.json,2026-05-27T19:08:37.718815+00:00,/nix/store/0vxr5i5zmgp7x4bwflvqlrc23z5zjlqp-ypcb-ddr3-nextpnr-json-seed-18/ypcb_00338_1p1_ddr3.placed.json,/nix/store/l25jq5nlgvzf2b55v77lhf8v553jxzc8-ypcb-ddr3-cvc-sdf-seed-18/ypcb_00338_1p1_ddr3.cvc.sdf,,passes calibration and BIST
baseline-no-lock-seed-19,baseline_no_lock_seed_1_30,19,baseline-no-lock,3,True,,23,22,True,True,100663295,0,False,0,none,0,0,0,0,False,False,0,0,False,False,0,0,False,False,False,False,False,49a3226e389871c146c707be6ba301818035fc8ab633b90e1f74f9113cbe4e1a,artifacts/hardware/baseline-no-lock-seed-1-30/baseline-no-lock-seed-19.json,2026-05-27T19:09:12.933578+00:00,/nix/store/cp4hw10ln4z2b009dw28sd01smxlpbpr-ypcb-ddr3-nextpnr-json-seed-19/ypcb_00338_1p1_ddr3.placed.json,/nix/store/7xy6kyq2p3kcaqvhq8cizmbf668qnc63-ypcb-ddr3-cvc-sdf-seed-19/ypcb_00338_1p1_ddr3.cvc.sdf,,passes calibration and BIST
baseline-no-lock-seed-20,baseline_no_lock_seed_1_30,20,baseline-no-lock,3,False,"calib_incomplete,calib_state_not_done,bist_not_done",0,2,False,False,0,0,True,2,check_starting_data_search_exhausted,0,14,22,48,True,False,33,0,False,False,0,0,True,False,True,True,False,8605d9827f1f4869a4e38197eba107d216f851ba0044dfa580e3b9eed861063b,artifacts/hardware/baseline-no-lock-seed-1-30/baseline-no-lock-seed-20.json,2026-05-27T19:09:53.946595+00:00,/nix/store/fkym66mwrgcyy24kwsvfn3dnckypx5zs-ypcb-ddr3-nextpnr-json-seed-20/ypcb_00338_1p1_ddr3.placed.json,/nix/store/lcxc5s8ddg4xd976wmzpwc1afk0h4kid-ypcb-ddr3-cvc-sdf-seed-20/ypcb_00338_1p1_ddr3.cvc.sdf,,fails after check_starting_data_search_exhausted; final state 0 after reset; lane 0 start_index_check=48 dq_target_index=33
baseline-no-lock-seed-21,baseline_no_lock_seed_1_30,21,baseline-no-lock,3,True,,23,22,True,True,100663295,0,False,0,none,0,0,0,0,False,False,0,0,False,False,0,0,False,False,False,False,False,4f3b529ce5e438a770476e45d47808e519d0342fc27e8581aab0a2f4f8bb588f,artifacts/hardware/baseline-no-lock-seed-1-30/baseline-no-lock-seed-21.json,2026-05-27T19:10:29.120909+00:00,/nix/store/pyxw9kl5h4wybm2fxhv397i0m066s8s1-ypcb-ddr3-nextpnr-json-seed-21/ypcb_00338_1p1_ddr3.placed.json,/nix/store/adg5jq3sd5ajb1rqh9qhjqn6wgzvvlgh-ypcb-ddr3-cvc-sdf-seed-21/ypcb_00338_1p1_ddr3.cvc.sdf,,passes calibration and BIST
baseline-no-lock-seed-22,baseline_no_lock_seed_1_30,22,baseline-no-lock,3,True,,23,22,True,True,100663295,0,False,0,none,0,0,0,0,False,False,0,0,False,False,0,0,False,False,False,False,False,b03d4913dac941e4ef31d2336488e7bad905f9dab272ef2a3476af616a231add,artifacts/hardware/baseline-no-lock-seed-1-30/baseline-no-lock-seed-22.json,2026-05-27T19:11:04.258008+00:00,/nix/store/v4pbkwfmjp0hq1600k3rbrjf6w073i7i-ypcb-ddr3-nextpnr-json-seed-22/ypcb_00338_1p1_ddr3.placed.json,/nix/store/139i5v6kn2w9b8rfhvv1rwdyp7p9d377-ypcb-ddr3-cvc-sdf-seed-22/ypcb_00338_1p1_ddr3.cvc.sdf,,passes calibration and BIST
baseline-no-lock-seed-23,baseline_no_lock_seed_1_30,23,baseline-no-lock,3,False,"calib_incomplete,calib_state_not_done,bist_not_done",0,2,False,False,0,0,True,2,check_starting_data_search_exhausted,0,14,22,48,True,False,33,0,False,False,0,0,True,False,True,True,False,0665befc3c9bc548343f8c905728a503fdcd698d3fd036785cb8695b27770c35,artifacts/hardware/baseline-no-lock-seed-1-30/baseline-no-lock-seed-23.json,2026-05-27T19:11:45.051372+00:00,/nix/store/q71jb15kr9bp0hxz4xwpsbq6vbkqx5i9-ypcb-ddr3-nextpnr-json-seed-23/ypcb_00338_1p1_ddr3.placed.json,/nix/store/kcc1vg7111008kbf688xb9bpfrwsdj86-ypcb-ddr3-cvc-sdf-seed-23/ypcb_00338_1p1_ddr3.cvc.sdf,,fails after check_starting_data_search_exhausted; final state 0 after reset; lane 0 start_index_check=48 dq_target_index=33
baseline-no-lock-seed-24,baseline_no_lock_seed_1_30,24,baseline-no-lock,3,True,,23,22,True,True,100663295,0,False,0,none,0,0,0,0,False,False,0,0,False,False,0,0,False,False,False,False,False,60201c8868148b94e8b20ff2e7d095ba2ddf4b7db7838f6da9c62fcbda7a4842,artifacts/hardware/baseline-no-lock-seed-1-30/baseline-no-lock-seed-24.json,2026-05-27T19:12:20.266760+00:00,/nix/store/rk5ya4la4yc0231l15jgvzp95nhj9pd4-ypcb-ddr3-nextpnr-json-seed-24/ypcb_00338_1p1_ddr3.placed.json,/nix/store/h3nm4cvnibjskwfm3ndj9119fdgbsf9z-ypcb-ddr3-cvc-sdf-seed-24/ypcb_00338_1p1_ddr3.cvc.sdf,,passes calibration and BIST
baseline-no-lock-seed-25,baseline_no_lock_seed_1_30,25,baseline-no-lock,3,True,,23,22,True,True,100663295,0,False,0,none,0,0,0,0,False,False,0,0,False,False,0,0,False,False,False,False,False,2abf8e5d629bfaadb4cfd27c1fdd14ccf6de651772b0df2a5bbc53bbb5fa7f21,artifacts/hardware/baseline-no-lock-seed-1-30/baseline-no-lock-seed-25.json,2026-05-27T19:12:55.473185+00:00,/nix/store/npvlk5g083ncx7v3c9i6c1izbjhfnr7p-ypcb-ddr3-nextpnr-json-seed-25/ypcb_00338_1p1_ddr3.placed.json,/nix/store/fwzl2srsag12qr6h0axl0vh80sr6m63m-ypcb-ddr3-cvc-sdf-seed-25/ypcb_00338_1p1_ddr3.cvc.sdf,,passes calibration and BIST
baseline-no-lock-seed-26,baseline_no_lock_seed_1_30,26,baseline-no-lock,3,True,,23,22,True,True,100663295,0,False,0,none,0,0,0,0,False,False,0,0,False,False,0,0,False,False,False,False,False,c93a58b14c441542757e14bb12cb3e817a65bedc66b80334fc89114fb181e20b,artifacts/hardware/baseline-no-lock-seed-1-30/baseline-no-lock-seed-26.json,2026-05-27T19:13:30.584942+00:00,/nix/store/6qy9wxpv9yrmdrb1z66xkpjmialaf37l-ypcb-ddr3-nextpnr-json-seed-26/ypcb_00338_1p1_ddr3.placed.json,/nix/store/zy1ypv6xrch2gxsjv69hph9xy22jksk9-ypcb-ddr3-cvc-sdf-seed-26/ypcb_00338_1p1_ddr3.cvc.sdf,,passes calibration and BIST
baseline-no-lock-seed-27,baseline_no_lock_seed_1_30,27,baseline-no-lock,3,False,"calib_incomplete,calib_state_not_done,bist_not_done",0,2,False,False,0,0,True,2,check_starting_data_search_exhausted,0,14,22,48,True,False,33,0,False,False,0,0,True,False,True,True,False,f212b1179c4cdcd6b2c946f971505ee286b5361aaca233a2f6078e2cfd1aa3e9,artifacts/hardware/baseline-no-lock-seed-1-30/baseline-no-lock-seed-27.json,2026-05-27T19:14:11.521606+00:00,/nix/store/gjv1gfpnrwi5f7b3qmp0zjnvwnxqpwis-ypcb-ddr3-nextpnr-json-seed-27/ypcb_00338_1p1_ddr3.placed.json,/nix/store/fmck9i7wn2im7ldyj5h27s4paph4z6xy-ypcb-ddr3-cvc-sdf-seed-27/ypcb_00338_1p1_ddr3.cvc.sdf,,fails after check_starting_data_search_exhausted; final state 0 after reset; lane 0 start_index_check=48 dq_target_index=33
baseline-no-lock-seed-28,baseline_no_lock_seed_1_30,28,baseline-no-lock,3,True,,23,22,True,True,100663295,0,False,0,none,0,0,0,0,False,False,0,0,False,False,0,0,False,False,False,False,False,077cfc33c805abd736e3eb3a9f73a5c03bfc5232ac4ba4e513c7ee4f8883c000,artifacts/hardware/baseline-no-lock-seed-1-30/baseline-no-lock-seed-28.json,2026-05-27T19:14:46.777449+00:00,/nix/store/y9l2l15rp9angzmm33l1ns878xdyan2w-ypcb-ddr3-nextpnr-json-seed-28/ypcb_00338_1p1_ddr3.placed.json,/nix/store/49lbl68shk0gb11npjnlinxs50cihmd1-ypcb-ddr3-cvc-sdf-seed-28/ypcb_00338_1p1_ddr3.cvc.sdf,,passes calibration and BIST
baseline-no-lock-seed-29,baseline_no_lock_seed_1_30,29,baseline-no-lock,3,True,,23,21,True,True,100663295,0,False,0,none,0,0,0,0,False,False,0,0,False,False,0,0,False,False,False,False,False,3e701f81100a08ba0c5e7f3810867f992c2eba265bd0e4650a8f4bfa67b1496e,artifacts/hardware/baseline-no-lock-seed-1-30/baseline-no-lock-seed-29.json,2026-05-27T19:15:22.037971+00:00,/nix/store/xiy685c6rkxw34q8k0qvq4j5px701yms-ypcb-ddr3-nextpnr-json-seed-29/ypcb_00338_1p1_ddr3.placed.json,/nix/store/4bmgbm0b5ksq6hbnmqhlkyhih05afb6k-ypcb-ddr3-cvc-sdf-seed-29/ypcb_00338_1p1_ddr3.cvc.sdf,,passes calibration and BIST
baseline-no-lock-seed-30,baseline_no_lock_seed_1_30,30,baseline-no-lock,3,True,,23,22,True,True,100663295,0,False,0,none,0,0,0,0,False,False,0,0,False,False,0,0,False,False,False,False,False,8657c8532a87dd30190b7860e30831b26dfad798030337ad314a1d4ce091a859,artifacts/hardware/baseline-no-lock-seed-1-30/baseline-no-lock-seed-30.json,2026-05-27T19:15:57.225812+00:00,/nix/store/95sr9d11rflm9pzx6xgsb65a0b66zlg5-ypcb-ddr3-nextpnr-json-seed-30/ypcb_00338_1p1_ddr3.placed.json,/nix/store/ky5m8jgf8d4860h28aj61rgzsg4pjhm9-ypcb-ddr3-cvc-sdf-seed-30/ypcb_00338_1p1_ddr3.cvc.sdf,,passes calibration and BIST
idelay-stable-before-ld-seed2,split_idelay_skew_seed2_seed3,2,idelay-stable-before-ld,3,True,,23,22,True,True,100663295,0,False,0,none,0,0,0,0,False,False,0,0,True,True,3,3,False,False,False,False,False,033889757999a3c31f1d7a57b40917494d5a90d66f415f1a3423a2035374d87e,artifacts/hardware/split-idelay-skew-seed2-seed3/idelay-stable-before-ld-seed2.json,2026-05-27T22:20:44.996515+00:00,/nix/store/5g6jm2hch5m6c1agcjcbbqgz4i2lv8ib-ypcb-ddr3-nextpnr-json-seed-2-idelay-stable-before-ld/ypcb_00338_1p1_ddr3.placed.json,/nix/store/29cczrchfv3dyw1k2nlipr728wx9d2br-ypcb-ddr3-cvc-sdf-seed-2-idelay-stable-before-ld/ypcb_00338_1p1_ddr3.cvc.sdf,,passes; RTL stable-before-LD rescues seed2 in this single trial
idelay-stable-before-ld-seed3,split_idelay_skew_seed2_seed3,3,idelay-stable-before-ld,3,False,"calib_incomplete,calib_state_not_done,bist_not_done",0,2,False,False,0,0,True,2,check_starting_data_search_exhausted,1,14,22,48,True,False,33,0,True,True,3,3,True,False,True,True,False,73754fe624fd824dbd1f59dcc63a2ce8d576be76f28778c55ff343d5b77b1aff,artifacts/hardware/split-idelay-skew-seed2-seed3/idelay-stable-before-ld-seed3.json,2026-05-27T22:21:25.997175+00:00,/nix/store/ligcpch11l1f0rzk68rsmqmyjjds18cw-ypcb-ddr3-nextpnr-json-seed-3-idelay-stable-before-ld/ypcb_00338_1p1_ddr3.placed.json,/nix/store/h0pbqcgsv81jiwlxjlmn9aiwfgd4ypj3-ypcb-ddr3-cvc-sdf-seed-3-idelay-stable-before-ld/ypcb_00338_1p1_ddr3.cvc.sdf,,fails reason2 with tap mismatch; current RTL pipelining is not a complete robust fix
cntvaluein3-skew-locked-seed2,split_idelay_skew_seed2_seed3,2,cntvaluein3-skew-locked,3,True,,23,22,True,True,100663295,0,False,0,none,0,0,0,0,False,False,0,0,False,False,0,0,False,False,False,False,False,46f9a744de4335d73389391fb0193f753fc3357f4f83d3bb987d93891fa295b0,artifacts/hardware/split-idelay-skew-seed2-seed3/cntvaluein3-skew-locked-seed2.json,2026-05-27T22:22:01.216858+00:00,/nix/store/77bwrmijyy3x8l5vyxc3l5aqd62nljib-ypcb-ddr3-nextpnr-json-seed-2-cntvaluein3-skew-locked/ypcb_00338_1p1_ddr3.placed.json,/nix/store/8swni5hwgvg8fzs7maxjfs5snvwaj7lp-ypcb-ddr3-cvc-sdf-seed-2-cntvaluein3-skew-locked/ypcb_00338_1p1_ddr3.cvc.sdf,,passes; current CNTVALUEIN3 cells locked to original low-skew seed3 BELs rescue seed2
cntvaluein3-skew-locked-seed3,split_idelay_skew_seed2_seed3,3,cntvaluein3-skew-locked,3,True,,23,22,True,True,100663295,0,False,0,none,0,0,0,0,False,False,0,0,False,False,0,0,False,False,False,False,False,ab1e78b53d269f567d113675f12c9ddac0a9f854b03b7b59eed93dbf0b3b4c34,artifacts/hardware/split-idelay-skew-seed2-seed3/cntvaluein3-skew-locked-seed3.json,2026-05-27T22:22:36.474147+00:00,/nix/store/9qpkl6x4x0hvpplf0dzgf3ddch3kfn1x-ypcb-ddr3-nextpnr-json-seed-3-cntvaluein3-skew-locked/ypcb_00338_1p1_ddr3.placed.json,/nix/store/rpm83nrx1myi4z04p7dkx968pd871g6f-ypcb-ddr3-cvc-sdf-seed-3-cntvaluein3-skew-locked/ypcb_00338_1p1_ddr3.cvc.sdf,,passes; CNTVALUEIN3 low-skew BEL lock does not damage seed3 in this trial
cntvaluein3-skew-locked-seed6,cntvaluein3_lock_heldout_seed_batch,6,cntvaluein3-skew-locked,3,True,,23,22,True,True,100663295,0,False,0,none,0,0,0,0,False,False,0,0,False,False,0,0,False,False,False,False,False,4d6f405bdab10a999cda3ba1698593021da35d92bed5fc1884eaefdc2e5d4ed7,artifacts/hardware/cntvaluein3-lock-heldout-seeds/cntvaluein3-skew-locked-seed6.json,2026-05-27T23:04:41.021705+00:00,/nix/store/p2lmw4m1cwjbdhhliwq0h7v01z2cyf2x-ypcb-ddr3-nextpnr-json-seed-6-cntvaluein3-skew-locked/ypcb_00338_1p1_ddr3.placed.json,/nix/store/f7g861zxp8kaf0sl83yfqcw47x9fmi5b-ypcb-ddr3-cvc-sdf-seed-6-cntvaluein3-skew-locked/ypcb_00338_1p1_ddr3.cvc.sdf,,CNTVALUEIN3 two-cell lock passes baseline-fail-reason2 seed 6
cntvaluein3-skew-locked-seed11,cntvaluein3_lock_heldout_seed_batch,11,cntvaluein3-skew-locked,3,True,,23,22,True,True,100663295,0,False,0,none,0,0,0,0,False,False,0,0,False,False,0,0,False,False,False,False,False,d826d7d4b02cc6b253b12ccb1d163ea8ba5a90a48126c8ec7bd2260b0f23ba36,artifacts/hardware/cntvaluein3-lock-heldout-seeds/cntvaluein3-skew-locked-seed11.json,2026-05-27T23:05:16.208164+00:00,/nix/store/h50wsi4ckbhqma2c1bsa6185kqp3ak4b-ypcb-ddr3-nextpnr-json-seed-11-cntvaluein3-skew-locked/ypcb_00338_1p1_ddr3.placed.json,/nix/store/xmf3y10hqakk8zrx1xiijx087yh4iqkc-ypcb-ddr3-cvc-sdf-seed-11-cntvaluein3-skew-locked/ypcb_00338_1p1_ddr3.cvc.sdf,,CNTVALUEIN3 two-cell lock passes baseline-fail-reason2 seed 11
cntvaluein3-skew-locked-seed12,cntvaluein3_lock_heldout_seed_batch,12,cntvaluein3-skew-locked,3,False,"calib_incomplete,calib_state_not_done,bist_not_done",4,13,False,False,0,0,False,0,none,0,0,0,0,False,False,0,0,False,False,0,0,False,False,False,False,False,31ccf66f6558b964889f0a6536e9bc8c618e0e57d2472c1c02317dd52ce73948,artifacts/hardware/cntvaluein3-lock-heldout-seeds/cntvaluein3-skew-locked-seed12.json,2026-05-27T23:05:57.328619+00:00,/nix/store/k76fgq4ll5paraxkb1dm87lmn9c0mv7d-ypcb-ddr3-nextpnr-json-seed-12-cntvaluein3-skew-locked/ypcb_00338_1p1_ddr3.placed.json,/nix/store/7n5rpw3554b7gwybn7dny5a31yavm28w-ypcb-ddr3-cvc-sdf-seed-12-cntvaluein3-skew-locked/ypcb_00338_1p1_ddr3.cvc.sdf,,CNTVALUEIN3 two-cell lock fails before completion at state 4 instruction 13; seed 12
cntvaluein3-skew-locked-seed16,cntvaluein3_lock_heldout_seed_batch,16,cntvaluein3-skew-locked,3,False,"calib_incomplete,calib_state_not_done,bist_not_done",0,2,False,False,0,0,True,2,check_starting_data_search_exhausted,0,14,22,48,True,False,33,0,False,False,0,0,True,False,True,True,False,26a05683a9ffaf110a4266c0886fe4d51689e053b15a569a525cfe35f9ed6523,artifacts/hardware/cntvaluein3-lock-heldout-seeds/cntvaluein3-skew-locked-seed16.json,2026-05-27T23:06:38.254762+00:00,/nix/store/ya76snrny6p11wppwpz76j4ammyiqjj2-ypcb-ddr3-nextpnr-json-seed-16-cntvaluein3-skew-locked/ypcb_00338_1p1_ddr3.placed.json,/nix/store/sya4zl6f89bcdrif52g2gm8xwnymslpr-ypcb-ddr3-cvc-sdf-seed-16-cntvaluein3-skew-locked/ypcb_00338_1p1_ddr3.cvc.sdf,,CNTVALUEIN3 two-cell lock fails with reason2 despite locked source manhattan=3; seed 16
cntvaluein3-skew-locked-seed20,cntvaluein3_lock_heldout_seed_batch,20,cntvaluein3-skew-locked,3,True,,23,21,True,True,100663295,0,False,0,none,0,0,0,0,False,False,0,0,False,False,0,0,False,False,False,False,False,f1134991aef4c88dd4ff09d6e0ef599807df75a3fe1030a79fabf3d914649d21,artifacts/hardware/cntvaluein3-lock-heldout-seeds/cntvaluein3-skew-locked-seed20.json,2026-05-27T23:07:13.426512+00:00,/nix/store/fba0svx0q2j1f6ic2lnbyzz105147v3l-ypcb-ddr3-nextpnr-json-seed-20-cntvaluein3-skew-locked/ypcb_00338_1p1_ddr3.placed.json,/nix/store/0aqbbz7kqf99ris141aakhr98bd670y3-ypcb-ddr3-cvc-sdf-seed-20-cntvaluein3-skew-locked/ypcb_00338_1p1_ddr3.cvc.sdf,,CNTVALUEIN3 two-cell lock passes baseline-fail-reason2 seed 20
cntvaluein3-skew-locked-seed23,cntvaluein3_lock_heldout_seed_batch,23,cntvaluein3-skew-locked,3,False,"calib_incomplete,calib_state_not_done,bist_not_done",0,2,False,False,0,0,True,2,check_starting_data_search_exhausted,0,14,22,48,True,False,33,0,False,False,0,0,True,False,True,True,False,ab1687e28e8c2745919691dd2dbecf2f7abf0006d9e9edcea0f04b673d03e4af,artifacts/hardware/cntvaluein3-lock-heldout-seeds/cntvaluein3-skew-locked-seed23.json,2026-05-27T23:07:54.366044+00:00,/nix/store/ywgvqpnn5cvpyx2q5bmln2k1zpjjz89z-ypcb-ddr3-nextpnr-json-seed-23-cntvaluein3-skew-locked/ypcb_00338_1p1_ddr3.placed.json,/nix/store/n6z627lni9wgm7651pbpfg1nb0c7pzwc-ypcb-ddr3-cvc-sdf-seed-23-cntvaluein3-skew-locked/ypcb_00338_1p1_ddr3.cvc.sdf,,CNTVALUEIN3 two-cell lock fails with reason2 despite locked source manhattan=3; seed 23
cntvaluein3-skew-locked-seed27,cntvaluein3_lock_heldout_seed_batch,27,cntvaluein3-skew-locked,3,True,,23,22,True,True,100663295,0,False,0,none,0,0,0,0,False,False,0,0,False,False,0,0,False,False,False,False,False,3c543c81bd9dd1181bfa7d3723459c4655c1219c173df7a328c082e0ce5a2b50,artifacts/hardware/cntvaluein3-lock-heldout-seeds/cntvaluein3-skew-locked-seed27.json,2026-05-27T23:08:29.614448+00:00,/nix/store/yd2la7zbfnhg6f76xf1zv50r50x4lh1x-ypcb-ddr3-nextpnr-json-seed-27-cntvaluein3-skew-locked/ypcb_00338_1p1_ddr3.placed.json,/nix/store/84nf82p90zdhqqb0cpyhl7zm4fgagr95-ypcb-ddr3-cvc-sdf-seed-27-cntvaluein3-skew-locked/ypcb_00338_1p1_ddr3.cvc.sdf,,CNTVALUEIN3 two-cell lock passes baseline-fail-reason2 seed 27
cntvaluein3-skew-locked-seed1,cntvaluein3_lock_heldout_seed_batch,1,cntvaluein3-skew-locked,3,True,,23,22,True,True,100663295,0,False,0,none,0,0,0,0,False,False,0,0,False,False,0,0,False,False,False,False,False,26ee998f08dc8e191745b1da07671b7fc1964d138d3fb8e97bbaf54e5512ca46,artifacts/hardware/cntvaluein3-lock-heldout-seeds/cntvaluein3-skew-locked-seed1.json,2026-05-27T23:09:04.806412+00:00,/nix/store/65b5vhg58hsqw4dyby96wc8lfdb8h059-ypcb-ddr3-nextpnr-json-seed-1-cntvaluein3-skew-locked/ypcb_00338_1p1_ddr3.placed.json,/nix/store/xpjjqdymdp9bs6im78shp4k572ycichb-ypcb-ddr3-cvc-sdf-seed-1-cntvaluein3-skew-locked/ypcb_00338_1p1_ddr3.cvc.sdf,,CNTVALUEIN3 two-cell lock passes baseline-pass-control seed 1
cntvaluein3-skew-locked-seed5,cntvaluein3_lock_heldout_seed_batch,5,cntvaluein3-skew-locked,3,True,,23,22,True,True,100663295,0,False,0,none,0,0,0,0,False,False,0,0,False,False,0,0,False,False,False,False,False,41bfe6150b2799caf2c2bec52ebd0df7f6580be532e3040767ace615931494a3,artifacts/hardware/cntvaluein3-lock-heldout-seeds/cntvaluein3-skew-locked-seed5.json,2026-05-27T23:09:39.922731+00:00,/nix/store/8xjrc64wz0lvf7w3bg39i8w9n5j35h11-ypcb-ddr3-nextpnr-json-seed-5-cntvaluein3-skew-locked/ypcb_00338_1p1_ddr3.placed.json,/nix/store/ww6bm7ifb7plxdn8jh95zw9m6s9h6lzg-ypcb-ddr3-cvc-sdf-seed-5-cntvaluein3-skew-locked/ypcb_00338_1p1_ddr3.cvc.sdf,,CNTVALUEIN3 two-cell lock passes baseline-pass-control seed 5
cntvaluein3-skew-locked-seed28,cntvaluein3_lock_heldout_seed_batch,28,cntvaluein3-skew-locked,3,False,"calib_incomplete,calib_state_not_done,bist_not_done",0,2,False,False,0,0,True,2,check_starting_data_search_exhausted,0,14,22,48,True,False,33,0,False,False,0,0,True,False,True,True,False,6a014c56a963e3b3ce834c5b9a4f4d89aea8e58ac1464207cdef5f07c611269a,artifacts/hardware/cntvaluein3-lock-heldout-seeds/cntvaluein3-skew-locked-seed28.json,2026-05-27T23:10:20.771295+00:00,/nix/store/qy7r5dyanp6k205ww90nyh12njjh6k2l-ypcb-ddr3-nextpnr-json-seed-28-cntvaluein3-skew-locked/ypcb_00338_1p1_ddr3.placed.json,/nix/store/6p2hfqii4cbk0hx76xg254vhds4lyr02-ypcb-ddr3-cvc-sdf-seed-28-cntvaluein3-skew-locked/ypcb_00338_1p1_ddr3.cvc.sdf,,CNTVALUEIN3 two-cell lock fails with reason2 despite locked source manhattan=3; seed 28
cntvaluein3-skew-locked-seed30,cntvaluein3_lock_heldout_seed_batch,30,cntvaluein3-skew-locked,3,False,"calib_incomplete,calib_state_not_done,bist_not_done",0,2,False,False,0,0,True,2,check_starting_data_search_exhausted,0,14,22,48,True,False,33,0,False,False,0,0,True,False,True,True,False,36b2de2539112d2e6242ebce643b8abcda47ad5a230f7900e2a13efe3764e377,artifacts/hardware/cntvaluein3-lock-heldout-seeds/cntvaluein3-skew-locked-seed30.json,2026-05-27T23:11:01.527499+00:00,/nix/store/6dcw2d3x9h06j55bnx71n6fggpfpvrx2-ypcb-ddr3-nextpnr-json-seed-30-cntvaluein3-skew-locked/ypcb_00338_1p1_ddr3.placed.json,/nix/store/f5n5mh496vjaajj5nbdqgni64xyjqjp7-ypcb-ddr3-cvc-sdf-seed-30-cntvaluein3-skew-locked/ypcb_00338_1p1_ddr3.cvc.sdf,,CNTVALUEIN3 two-cell lock fails with reason2 despite locked source manhattan=3; seed 30
cntvaluein3-skew-locked-seed12-long-poll,cntvaluein3_lock_heldout_long_poll_500,12,cntvaluein3-skew-locked,3,False,"calib_incomplete,calib_state_not_done,bist_not_done",3,13,False,False,0,0,False,0,none,0,0,0,0,False,False,0,0,False,False,0,0,False,False,False,False,False,31ccf66f6558b964889f0a6536e9bc8c618e0e57d2472c1c02317dd52ce73948,artifacts/hardware/cntvaluein3-lock-heldout-seeds-long-poll/cntvaluein3-skew-locked-seed12-long-poll.json,2026-05-27T23:26:18.320082+00:00,/nix/store/k76fgq4ll5paraxkb1dm87lmn9c0mv7d-ypcb-ddr3-nextpnr-json-seed-12-cntvaluein3-skew-locked/ypcb_00338_1p1_ddr3.placed.json,/nix/store/7n5rpw3554b7gwybn7dny5a31yavm28w-ypcb-ddr3-cvc-sdf-seed-12-cntvaluein3-skew-locked/ypcb_00338_1p1_ddr3.cvc.sdf,,long-poll retest still fails without abort; final state 3 instruction 13
cntvaluein3-skew-locked-seed16-long-poll,cntvaluein3_lock_heldout_long_poll_500,16,cntvaluein3-skew-locked,3,False,"calib_incomplete,calib_state_not_done,bist_not_done",0,2,False,False,0,0,True,2,check_starting_data_search_exhausted,0,14,22,48,True,False,33,0,False,False,0,0,True,False,True,True,False,26a05683a9ffaf110a4266c0886fe4d51689e053b15a569a525cfe35f9ed6523,artifacts/hardware/cntvaluein3-lock-heldout-seeds-long-poll/cntvaluein3-skew-locked-seed16-long-poll.json,2026-05-27T23:28:11.046345+00:00,/nix/store/ya76snrny6p11wppwpz76j4ammyiqjj2-ypcb-ddr3-nextpnr-json-seed-16-cntvaluein3-skew-locked/ypcb_00338_1p1_ddr3.placed.json,/nix/store/sya4zl6f89bcdrif52g2gm8xwnymslpr-ypcb-ddr3-cvc-sdf-seed-16-cntvaluein3-skew-locked/ypcb_00338_1p1_ddr3.cvc.sdf,,long-poll retest still fails with check_starting_data_search_exhausted lane 0 start_index_check=48 dq_target_index=33
cntvaluein3-skew-locked-seed23-long-poll,cntvaluein3_lock_heldout_long_poll_500,23,cntvaluein3-skew-locked,3,False,"calib_incomplete,calib_state_not_done,bist_not_done",0,2,False,False,0,0,True,2,check_starting_data_search_exhausted,0,14,22,48,True,False,33,0,False,False,0,0,True,False,True,True,False,ab1687e28e8c2745919691dd2dbecf2f7abf0006d9e9edcea0f04b673d03e4af,artifacts/hardware/cntvaluein3-lock-heldout-seeds-long-poll/cntvaluein3-skew-locked-seed23-long-poll.json,2026-05-27T23:30:01.354816+00:00,/nix/store/ywgvqpnn5cvpyx2q5bmln2k1zpjjz89z-ypcb-ddr3-nextpnr-json-seed-23-cntvaluein3-skew-locked/ypcb_00338_1p1_ddr3.placed.json,/nix/store/n6z627lni9wgm7651pbpfg1nb0c7pzwc-ypcb-ddr3-cvc-sdf-seed-23-cntvaluein3-skew-locked/ypcb_00338_1p1_ddr3.cvc.sdf,,long-poll retest still fails with check_starting_data_search_exhausted lane 0 start_index_check=48 dq_target_index=33
cntvaluein3-skew-locked-seed28-long-poll,cntvaluein3_lock_heldout_long_poll_500,28,cntvaluein3-skew-locked,3,False,"calib_incomplete,calib_state_not_done,bist_not_done",0,2,False,False,0,0,True,2,check_starting_data_search_exhausted,0,14,22,48,True,False,33,0,False,False,0,0,True,False,True,True,False,6a014c56a963e3b3ce834c5b9a4f4d89aea8e58ac1464207cdef5f07c611269a,artifacts/hardware/cntvaluein3-lock-heldout-seeds-long-poll/cntvaluein3-skew-locked-seed28-long-poll.json,2026-05-27T23:31:59.193983+00:00,/nix/store/qy7r5dyanp6k205ww90nyh12njjh6k2l-ypcb-ddr3-nextpnr-json-seed-28-cntvaluein3-skew-locked/ypcb_00338_1p1_ddr3.placed.json,/nix/store/6p2hfqii4cbk0hx76xg254vhds4lyr02-ypcb-ddr3-cvc-sdf-seed-28-cntvaluein3-skew-locked/ypcb_00338_1p1_ddr3.cvc.sdf,,long-poll retest still fails with check_starting_data_search_exhausted lane 0 start_index_check=48 dq_target_index=33
cntvaluein3-skew-locked-seed30-long-poll,cntvaluein3_lock_heldout_long_poll_500,30,cntvaluein3-skew-locked,3,False,"calib_incomplete,calib_state_not_done,bist_not_done",0,2,False,False,0,0,True,2,check_starting_data_search_exhausted,0,14,22,48,True,False,33,0,False,False,0,0,True,False,True,True,False,36b2de2539112d2e6242ebce643b8abcda47ad5a230f7900e2a13efe3764e377,artifacts/hardware/cntvaluein3-lock-heldout-seeds-long-poll/cntvaluein3-skew-locked-seed30-long-poll.json,2026-05-27T23:33:49.461102+00:00,/nix/store/6dcw2d3x9h06j55bnx71n6fggpfpvrx2-ypcb-ddr3-nextpnr-json-seed-30-cntvaluein3-skew-locked/ypcb_00338_1p1_ddr3.placed.json,/nix/store/f5n5mh496vjaajj5nbdqgni64xyjqjp7-ypcb-ddr3-cvc-sdf-seed-30-cntvaluein3-skew-locked/ypcb_00338_1p1_ddr3.cvc.sdf,,long-poll retest still fails with check_starting_data_search_exhausted lane 0 start_index_check=48 dq_target_index=33
