pair_id,seed,before_experiment_id,after_experiment_id,before_variant,after_variant,before_pass,after_pass,hardware_transition,before_failure_class,after_failure_class,before_abort_reason,after_abort_reason,before_abort_lane,after_abort_lane
seed1__baseline-no-lock__to__cntvaluein3-skew-locked,1,baseline-no-lock-seed-1,cntvaluein3-skew-locked-seed1,baseline-no-lock,cntvaluein3-skew-locked,True,True,pass_to_pass,pass,pass,0,0,0,0
seed2__baseline-no-lock__to__cntvaluein3-skew-locked,2,baseline-no-lock-seed-2,cntvaluein3-skew-locked-seed2,baseline-no-lock,cntvaluein3-skew-locked,False,True,fail_to_pass,fail_abort2_lane1,pass,2,0,1,0
seed3__baseline-no-lock__to__cntvaluein3-skew-locked,3,baseline-no-lock-seed-3,cntvaluein3-skew-locked-seed3,baseline-no-lock,cntvaluein3-skew-locked,True,True,pass_to_pass,pass,pass,0,0,0,0
seed3__baseline-no-lock__to__cntvaluein_only,3,baseline-no-lock-seed-3,exact-abort-seed3-idelay-control-locked,baseline-no-lock,cntvaluein_only,True,True,pass_to_pass,pass,pass,0,0,0,0
seed3__baseline-no-lock__to__cntvaluein_plus_ld_parent,3,baseline-no-lock-seed-3,exact-abort-seed3-idelay-control-full-locked,baseline-no-lock,cntvaluein_plus_ld_parent,True,False,pass_to_fail,pass,fail_abort2_lane0,0,2,0,0
seed5__baseline-no-lock__to__cntvaluein3-skew-locked,5,baseline-no-lock-seed-5,cntvaluein3-skew-locked-seed5,baseline-no-lock,cntvaluein3-skew-locked,True,True,pass_to_pass,pass,pass,0,0,0,0
seed6__baseline-no-lock__to__cntvaluein3-skew-locked,6,baseline-no-lock-seed-6,cntvaluein3-skew-locked-seed6,baseline-no-lock,cntvaluein3-skew-locked,False,True,fail_to_pass,fail_abort2_lane0,pass,2,0,0,0
seed11__baseline-no-lock__to__cntvaluein3-skew-locked,11,baseline-no-lock-seed-11,cntvaluein3-skew-locked-seed11,baseline-no-lock,cntvaluein3-skew-locked,False,True,fail_to_pass,fail_abort2_lane0,pass,2,0,0,0
seed12__baseline-no-lock__to__cntvaluein3-skew-locked,12,baseline-no-lock-seed-12,cntvaluein3-skew-locked-seed12-long-poll,baseline-no-lock,cntvaluein3-skew-locked,False,False,fail_to_fail,fail_abort2_lane0,fail_no_abort_or_startup,2,0,0,0
seed16__baseline-no-lock__to__cntvaluein3-skew-locked,16,baseline-no-lock-seed-16,cntvaluein3-skew-locked-seed16-long-poll,baseline-no-lock,cntvaluein3-skew-locked,False,False,fail_to_fail,fail_no_abort_or_startup,fail_abort2_lane0,0,2,0,0
seed20__baseline-no-lock__to__cntvaluein3-skew-locked,20,baseline-no-lock-seed-20,cntvaluein3-skew-locked-seed20,baseline-no-lock,cntvaluein3-skew-locked,False,True,fail_to_pass,fail_abort2_lane0,pass,2,0,0,0
seed23__baseline-no-lock__to__cntvaluein3-skew-locked,23,baseline-no-lock-seed-23,cntvaluein3-skew-locked-seed23-long-poll,baseline-no-lock,cntvaluein3-skew-locked,False,False,fail_to_fail,fail_abort2_lane0,fail_abort2_lane0,2,2,0,0
seed27__baseline-no-lock__to__cntvaluein3-skew-locked,27,baseline-no-lock-seed-27,cntvaluein3-skew-locked-seed27,baseline-no-lock,cntvaluein3-skew-locked,False,True,fail_to_pass,fail_abort2_lane0,pass,2,0,0,0
seed28__baseline-no-lock__to__cntvaluein3-skew-locked,28,baseline-no-lock-seed-28,cntvaluein3-skew-locked-seed28-long-poll,baseline-no-lock,cntvaluein3-skew-locked,True,False,pass_to_fail,pass,fail_abort2_lane0,0,2,0,0
seed30__baseline-no-lock__to__cntvaluein3-skew-locked,30,baseline-no-lock-seed-30,cntvaluein3-skew-locked-seed30-long-poll,baseline-no-lock,cntvaluein3-skew-locked,True,False,pass_to_fail,pass,fail_abort2_lane0,0,2,0,0
seed31__baseline-no-lock__to__cntvaluein3-skew-locked,31,baseline-no-lock-seed-31,cntvaluein3-skew-locked-seed-31,baseline-no-lock,cntvaluein3-skew-locked,False,True,fail_to_pass,fail_bist_or_wrong_read,pass,0,0,0,0
seed32__baseline-no-lock__to__cntvaluein3-skew-locked,32,baseline-no-lock-seed-32,cntvaluein3-skew-locked-seed-32,baseline-no-lock,cntvaluein3-skew-locked,False,True,fail_to_pass,fail_abort2_lane0,pass,2,0,0,0
seed33__baseline-no-lock__to__cntvaluein3-skew-locked,33,baseline-no-lock-seed-33,cntvaluein3-skew-locked-seed-33,baseline-no-lock,cntvaluein3-skew-locked,True,False,pass_to_fail,pass,fail_abort2_lane0,0,2,0,0
seed34__baseline-no-lock__to__cntvaluein3-skew-locked,34,baseline-no-lock-seed-34,cntvaluein3-skew-locked-seed-34,baseline-no-lock,cntvaluein3-skew-locked,False,True,fail_to_pass,fail_abort2_lane0,pass,2,0,0,0
seed35__baseline-no-lock__to__cntvaluein3-skew-locked,35,baseline-no-lock-seed-35,cntvaluein3-skew-locked-seed-35,baseline-no-lock,cntvaluein3-skew-locked,True,True,pass_to_pass,pass,pass,0,0,0,0
seed36__baseline-no-lock__to__cntvaluein3-skew-locked,36,baseline-no-lock-seed-36,cntvaluein3-skew-locked-seed-36,baseline-no-lock,cntvaluein3-skew-locked,True,False,pass_to_fail,pass,fail_abort2_lane0,0,2,0,0
seed37__baseline-no-lock__to__cntvaluein3-skew-locked,37,baseline-no-lock-seed-37,cntvaluein3-skew-locked-seed-37,baseline-no-lock,cntvaluein3-skew-locked,False,True,fail_to_pass,fail_abort2_lane0,pass,2,0,0,0
seed38__baseline-no-lock__to__cntvaluein3-skew-locked,38,baseline-no-lock-seed-38,cntvaluein3-skew-locked-seed-38,baseline-no-lock,cntvaluein3-skew-locked,False,True,fail_to_pass,fail_abort2_lane0,pass,2,0,0,0
seed39__baseline-no-lock__to__cntvaluein3-skew-locked,39,baseline-no-lock-seed-39,cntvaluein3-skew-locked-seed-39,baseline-no-lock,cntvaluein3-skew-locked,True,False,pass_to_fail,pass,fail_abort2_lane0,0,2,0,0
seed40__baseline-no-lock__to__cntvaluein3-skew-locked,40,baseline-no-lock-seed-40,cntvaluein3-skew-locked-seed-40,baseline-no-lock,cntvaluein3-skew-locked,False,True,fail_to_pass,fail_abort2_lane0,pass,2,0,0,0
seed41__baseline-no-lock__to__cntvaluein3-skew-locked,41,baseline-no-lock-seed-41,cntvaluein3-skew-locked-seed-41,baseline-no-lock,cntvaluein3-skew-locked,False,False,fail_to_fail,fail_abort2_lane0,fail_abort2_lane0,2,2,0,0
seed42__baseline-no-lock__to__cntvaluein3-skew-locked,42,baseline-no-lock-seed-42,cntvaluein3-skew-locked-seed-42,baseline-no-lock,cntvaluein3-skew-locked,False,True,fail_to_pass,fail_no_abort_or_startup,pass,0,0,0,0
seed43__baseline-no-lock__to__cntvaluein3-skew-locked,43,baseline-no-lock-seed-43,cntvaluein3-skew-locked-seed-43,baseline-no-lock,cntvaluein3-skew-locked,True,True,pass_to_pass,pass,pass,0,0,0,0
seed44__baseline-no-lock__to__cntvaluein3-skew-locked,44,baseline-no-lock-seed-44,cntvaluein3-skew-locked-seed-44,baseline-no-lock,cntvaluein3-skew-locked,False,True,fail_to_pass,fail_no_abort_or_startup,pass,0,0,0,0
seed45__baseline-no-lock__to__cntvaluein3-skew-locked,45,baseline-no-lock-seed-45,cntvaluein3-skew-locked-seed-45,baseline-no-lock,cntvaluein3-skew-locked,False,False,fail_to_fail,fail_abort2_lane0,fail_abort2_lane0,2,2,0,0
seed46__baseline-no-lock__to__cntvaluein3-skew-locked,46,baseline-no-lock-seed-46,cntvaluein3-skew-locked-seed-46,baseline-no-lock,cntvaluein3-skew-locked,True,True,pass_to_pass,pass,pass,0,0,0,0
seed47__baseline-no-lock__to__cntvaluein3-skew-locked,47,baseline-no-lock-seed-47,cntvaluein3-skew-locked-seed-47,baseline-no-lock,cntvaluein3-skew-locked,False,True,fail_to_pass,fail_abort2_lane0,pass,2,0,0,0
seed48__baseline-no-lock__to__cntvaluein3-skew-locked,48,baseline-no-lock-seed-48,cntvaluein3-skew-locked-seed-48,baseline-no-lock,cntvaluein3-skew-locked,True,False,pass_to_fail,pass,fail_bist_or_wrong_read,0,0,0,0
seed49__baseline-no-lock__to__cntvaluein3-skew-locked,49,baseline-no-lock-seed-49,cntvaluein3-skew-locked-seed-49,baseline-no-lock,cntvaluein3-skew-locked,True,True,pass_to_pass,pass,pass,0,0,0,0
seed50__baseline-no-lock__to__cntvaluein3-skew-locked,50,baseline-no-lock-seed-50,cntvaluein3-skew-locked-seed-50,baseline-no-lock,cntvaluein3-skew-locked,True,False,pass_to_fail,pass,fail_abort2_lane0,0,2,0,0
seed51__baseline-no-lock__to__cntvaluein3-skew-locked,51,baseline-no-lock-seed-51,cntvaluein3-skew-locked-seed-51,baseline-no-lock,cntvaluein3-skew-locked,True,False,pass_to_fail,pass,fail_no_abort_or_startup,0,0,0,0
seed52__baseline-no-lock__to__cntvaluein3-skew-locked,52,baseline-no-lock-seed-52,cntvaluein3-skew-locked-seed-52,baseline-no-lock,cntvaluein3-skew-locked,True,False,pass_to_fail,pass,fail_abort2_lane0,0,2,0,0
seed53__baseline-no-lock__to__cntvaluein3-skew-locked,53,baseline-no-lock-seed-53,cntvaluein3-skew-locked-seed-53,baseline-no-lock,cntvaluein3-skew-locked,True,False,pass_to_fail,pass,fail_abort2_lane0,0,2,0,0
seed54__baseline-no-lock__to__cntvaluein3-skew-locked,54,baseline-no-lock-seed-54,cntvaluein3-skew-locked-seed-54,baseline-no-lock,cntvaluein3-skew-locked,False,True,fail_to_pass,fail_abort2_lane0,pass,2,0,0,0
seed55__baseline-no-lock__to__cntvaluein3-skew-locked,55,baseline-no-lock-seed-55,cntvaluein3-skew-locked-seed-55,baseline-no-lock,cntvaluein3-skew-locked,False,True,fail_to_pass,fail_abort2_lane0,pass,2,0,0,0
seed56__baseline-no-lock__to__cntvaluein3-skew-locked,56,baseline-no-lock-seed-56,cntvaluein3-skew-locked-seed-56,baseline-no-lock,cntvaluein3-skew-locked,True,True,pass_to_pass,pass,pass,0,0,0,0
seed57__baseline-no-lock__to__cntvaluein3-skew-locked,57,baseline-no-lock-seed-57,cntvaluein3-skew-locked-seed-57,baseline-no-lock,cntvaluein3-skew-locked,False,True,fail_to_pass,fail_no_abort_or_startup,pass,0,0,0,0
seed58__baseline-no-lock__to__cntvaluein3-skew-locked,58,baseline-no-lock-seed-58,cntvaluein3-skew-locked-seed-58,baseline-no-lock,cntvaluein3-skew-locked,False,True,fail_to_pass,fail_abort2_lane0,pass,2,0,0,0
seed59__baseline-no-lock__to__cntvaluein3-skew-locked,59,baseline-no-lock-seed-59,cntvaluein3-skew-locked-seed-59,baseline-no-lock,cntvaluein3-skew-locked,True,True,pass_to_pass,pass,pass,0,0,0,0
seed60__baseline-no-lock__to__cntvaluein3-skew-locked,60,baseline-no-lock-seed-60,cntvaluein3-skew-locked-seed-60,baseline-no-lock,cntvaluein3-skew-locked,False,False,fail_to_fail,fail_abort2_lane0,fail_abort2_lane0,2,2,0,0
