family,constant_edge,delta_ps,baseline_ps,variant_ps,key,baseline_text,variant_text
dq_dqs_input,True,138.0,345.0,483.0,INTERCONNECT:ddr3_top_inst.ddr3_phy_inst.genblk5[11].IDELAYE2_data.CINVCTRL,(INTERCONNECT \$PACKER_GND_DRV.Y ddr3_top_inst\.ddr3_phy_inst\.genblk5\[11\]\.IDELAYE2_data.CINVCTRL (345:345:345) (345:345:345)),(INTERCONNECT \$PACKER_GND_DRV.Y ddr3_top_inst\.ddr3_phy_inst\.genblk5\[11\]\.IDELAYE2_data.CINVCTRL (483:483:483) (483:483:483))
dq_dqs_input,True,138.0,345.0,483.0,INTERCONNECT:ddr3_top_inst.ddr3_phy_inst.genblk5[12].IDELAYE2_data.CINVCTRL,(INTERCONNECT \$PACKER_GND_DRV.Y ddr3_top_inst\.ddr3_phy_inst\.genblk5\[12\]\.IDELAYE2_data.CINVCTRL (345:345:345) (345:345:345)),(INTERCONNECT \$PACKER_GND_DRV.Y ddr3_top_inst\.ddr3_phy_inst\.genblk5\[12\]\.IDELAYE2_data.CINVCTRL (483:483:483) (483:483:483))
dq_dqs_input,True,137.0,307.0,444.0,INTERCONNECT:ddr3_top_inst.ddr3_phy_inst.genblk5[11].IDELAYE2_data.REGRST,(INTERCONNECT \$PACKER_GND_DRV.Y ddr3_top_inst\.ddr3_phy_inst\.genblk5\[11\]\.IDELAYE2_data.REGRST (307:307:307) (307:307:307)),(INTERCONNECT \$PACKER_GND_DRV.Y ddr3_top_inst\.ddr3_phy_inst\.genblk5\[11\]\.IDELAYE2_data.REGRST (444:444:444) (444:444:444))
dq_dqs_input,True,137.0,307.0,444.0,INTERCONNECT:ddr3_top_inst.ddr3_phy_inst.genblk5[12].IDELAYE2_data.REGRST,(INTERCONNECT \$PACKER_GND_DRV.Y ddr3_top_inst\.ddr3_phy_inst\.genblk5\[12\]\.IDELAYE2_data.REGRST (307:307:307) (307:307:307)),(INTERCONNECT \$PACKER_GND_DRV.Y ddr3_top_inst\.ddr3_phy_inst\.genblk5\[12\]\.IDELAYE2_data.REGRST (444:444:444) (444:444:444))
idelay_programming,True,136.0,444.0,580.0,INTERCONNECT:ddr3_top_inst.ddr3_phy_inst.genblk5[13].IDELAYE2_data.CE,(INTERCONNECT \$PACKER_GND_DRV.Y ddr3_top_inst\.ddr3_phy_inst\.genblk5\[13\]\.IDELAYE2_data.CE (444:444:444) (444:444:444)),(INTERCONNECT \$PACKER_GND_DRV.Y ddr3_top_inst\.ddr3_phy_inst\.genblk5\[13\]\.IDELAYE2_data.CE (580:580:580) (580:580:580))
idelay_programming,True,136.0,444.0,580.0,INTERCONNECT:ddr3_top_inst.ddr3_phy_inst.genblk5[13].IDELAYE2_data.INC,(INTERCONNECT \$PACKER_GND_DRV.Y ddr3_top_inst\.ddr3_phy_inst\.genblk5\[13\]\.IDELAYE2_data.INC (444:444:444) (444:444:444)),(INTERCONNECT \$PACKER_GND_DRV.Y ddr3_top_inst\.ddr3_phy_inst\.genblk5\[13\]\.IDELAYE2_data.INC (580:580:580) (580:580:580))
idelay_programming,True,136.0,444.0,580.0,INTERCONNECT:ddr3_top_inst.ddr3_phy_inst.genblk5[14].IDELAYE2_data.CE,(INTERCONNECT \$PACKER_GND_DRV.Y ddr3_top_inst\.ddr3_phy_inst\.genblk5\[14\]\.IDELAYE2_data.CE (444:444:444) (444:444:444)),(INTERCONNECT \$PACKER_GND_DRV.Y ddr3_top_inst\.ddr3_phy_inst\.genblk5\[14\]\.IDELAYE2_data.CE (580:580:580) (580:580:580))
idelay_programming,True,136.0,444.0,580.0,INTERCONNECT:ddr3_top_inst.ddr3_phy_inst.genblk5[14].IDELAYE2_data.INC,(INTERCONNECT \$PACKER_GND_DRV.Y ddr3_top_inst\.ddr3_phy_inst\.genblk5\[14\]\.IDELAYE2_data.INC (444:444:444) (444:444:444)),(INTERCONNECT \$PACKER_GND_DRV.Y ddr3_top_inst\.ddr3_phy_inst\.genblk5\[14\]\.IDELAYE2_data.INC (580:580:580) (580:580:580))
dq_dqs_input,True,136.0,444.0,580.0,INTERCONNECT:ddr3_top_inst.ddr3_phy_inst.genblk5[13].IDELAYE2_data.CE,(INTERCONNECT \$PACKER_GND_DRV.Y ddr3_top_inst\.ddr3_phy_inst\.genblk5\[13\]\.IDELAYE2_data.CE (444:444:444) (444:444:444)),(INTERCONNECT \$PACKER_GND_DRV.Y ddr3_top_inst\.ddr3_phy_inst\.genblk5\[13\]\.IDELAYE2_data.CE (580:580:580) (580:580:580))
dq_dqs_input,True,136.0,444.0,580.0,INTERCONNECT:ddr3_top_inst.ddr3_phy_inst.genblk5[13].IDELAYE2_data.INC,(INTERCONNECT \$PACKER_GND_DRV.Y ddr3_top_inst\.ddr3_phy_inst\.genblk5\[13\]\.IDELAYE2_data.INC (444:444:444) (444:444:444)),(INTERCONNECT \$PACKER_GND_DRV.Y ddr3_top_inst\.ddr3_phy_inst\.genblk5\[13\]\.IDELAYE2_data.INC (580:580:580) (580:580:580))
dq_dqs_input,True,136.0,444.0,580.0,INTERCONNECT:ddr3_top_inst.ddr3_phy_inst.genblk5[14].IDELAYE2_data.CE,(INTERCONNECT \$PACKER_GND_DRV.Y ddr3_top_inst\.ddr3_phy_inst\.genblk5\[14\]\.IDELAYE2_data.CE (444:444:444) (444:444:444)),(INTERCONNECT \$PACKER_GND_DRV.Y ddr3_top_inst\.ddr3_phy_inst\.genblk5\[14\]\.IDELAYE2_data.CE (580:580:580) (580:580:580))
dq_dqs_input,True,136.0,444.0,580.0,INTERCONNECT:ddr3_top_inst.ddr3_phy_inst.genblk5[14].IDELAYE2_data.INC,(INTERCONNECT \$PACKER_GND_DRV.Y ddr3_top_inst\.ddr3_phy_inst\.genblk5\[14\]\.IDELAYE2_data.INC (444:444:444) (444:444:444)),(INTERCONNECT \$PACKER_GND_DRV.Y ddr3_top_inst\.ddr3_phy_inst\.genblk5\[14\]\.IDELAYE2_data.INC (580:580:580) (580:580:580))
idelay_programming,True,0.0,307.0,307.0,INTERCONNECT:ddr3_top_inst.ddr3_phy_inst.genblk5[0].IDELAYE2_data.CE,(INTERCONNECT \$PACKER_GND_DRV.Y ddr3_top_inst\.ddr3_phy_inst\.genblk5\[0\]\.IDELAYE2_data.CE (307:307:307) (307:307:307)),(INTERCONNECT \$PACKER_GND_DRV.Y ddr3_top_inst\.ddr3_phy_inst\.genblk5\[0\]\.IDELAYE2_data.CE (307:307:307) (307:307:307))
idelay_programming,True,0.0,307.0,307.0,INTERCONNECT:ddr3_top_inst.ddr3_phy_inst.genblk5[0].IDELAYE2_data.INC,(INTERCONNECT \$PACKER_GND_DRV.Y ddr3_top_inst\.ddr3_phy_inst\.genblk5\[0\]\.IDELAYE2_data.INC (307:307:307) (307:307:307)),(INTERCONNECT \$PACKER_GND_DRV.Y ddr3_top_inst\.ddr3_phy_inst\.genblk5\[0\]\.IDELAYE2_data.INC (307:307:307) (307:307:307))
idelay_programming,True,0.0,307.0,307.0,INTERCONNECT:ddr3_top_inst.ddr3_phy_inst.genblk5[10].IDELAYE2_data.CE,(INTERCONNECT \$PACKER_GND_DRV.Y ddr3_top_inst\.ddr3_phy_inst\.genblk5\[10\]\.IDELAYE2_data.CE (307:307:307) (307:307:307)),(INTERCONNECT \$PACKER_GND_DRV.Y ddr3_top_inst\.ddr3_phy_inst\.genblk5\[10\]\.IDELAYE2_data.CE (307:307:307) (307:307:307))
idelay_programming,True,0.0,307.0,307.0,INTERCONNECT:ddr3_top_inst.ddr3_phy_inst.genblk5[10].IDELAYE2_data.INC,(INTERCONNECT \$PACKER_GND_DRV.Y ddr3_top_inst\.ddr3_phy_inst\.genblk5\[10\]\.IDELAYE2_data.INC (307:307:307) (307:307:307)),(INTERCONNECT \$PACKER_GND_DRV.Y ddr3_top_inst\.ddr3_phy_inst\.genblk5\[10\]\.IDELAYE2_data.INC (307:307:307) (307:307:307))
idelay_programming,True,0.0,307.0,307.0,INTERCONNECT:ddr3_top_inst.ddr3_phy_inst.genblk5[11].IDELAYE2_data.CE,(INTERCONNECT \$PACKER_GND_DRV.Y ddr3_top_inst\.ddr3_phy_inst\.genblk5\[11\]\.IDELAYE2_data.CE (307:307:307) (307:307:307)),(INTERCONNECT \$PACKER_GND_DRV.Y ddr3_top_inst\.ddr3_phy_inst\.genblk5\[11\]\.IDELAYE2_data.CE (307:307:307) (307:307:307))
idelay_programming,True,0.0,307.0,307.0,INTERCONNECT:ddr3_top_inst.ddr3_phy_inst.genblk5[11].IDELAYE2_data.INC,(INTERCONNECT \$PACKER_GND_DRV.Y ddr3_top_inst\.ddr3_phy_inst\.genblk5\[11\]\.IDELAYE2_data.INC (307:307:307) (307:307:307)),(INTERCONNECT \$PACKER_GND_DRV.Y ddr3_top_inst\.ddr3_phy_inst\.genblk5\[11\]\.IDELAYE2_data.INC (307:307:307) (307:307:307))
idelay_programming,True,0.0,444.0,444.0,INTERCONNECT:ddr3_top_inst.ddr3_phy_inst.genblk5[12].IDELAYE2_data.CE,(INTERCONNECT \$PACKER_GND_DRV.Y ddr3_top_inst\.ddr3_phy_inst\.genblk5\[12\]\.IDELAYE2_data.CE (444:444:444) (444:444:444)),(INTERCONNECT \$PACKER_GND_DRV.Y ddr3_top_inst\.ddr3_phy_inst\.genblk5\[12\]\.IDELAYE2_data.CE (444:444:444) (444:444:444))
idelay_programming,True,0.0,444.0,444.0,INTERCONNECT:ddr3_top_inst.ddr3_phy_inst.genblk5[12].IDELAYE2_data.INC,(INTERCONNECT \$PACKER_GND_DRV.Y ddr3_top_inst\.ddr3_phy_inst\.genblk5\[12\]\.IDELAYE2_data.INC (444:444:444) (444:444:444)),(INTERCONNECT \$PACKER_GND_DRV.Y ddr3_top_inst\.ddr3_phy_inst\.genblk5\[12\]\.IDELAYE2_data.INC (444:444:444) (444:444:444))
idelay_programming,True,0.0,307.0,307.0,INTERCONNECT:ddr3_top_inst.ddr3_phy_inst.genblk5[15].IDELAYE2_data.CE,(INTERCONNECT \$PACKER_GND_DRV.Y ddr3_top_inst\.ddr3_phy_inst\.genblk5\[15\]\.IDELAYE2_data.CE (307:307:307) (307:307:307)),(INTERCONNECT \$PACKER_GND_DRV.Y ddr3_top_inst\.ddr3_phy_inst\.genblk5\[15\]\.IDELAYE2_data.CE (307:307:307) (307:307:307))
idelay_programming,True,0.0,307.0,307.0,INTERCONNECT:ddr3_top_inst.ddr3_phy_inst.genblk5[15].IDELAYE2_data.INC,(INTERCONNECT \$PACKER_GND_DRV.Y ddr3_top_inst\.ddr3_phy_inst\.genblk5\[15\]\.IDELAYE2_data.INC (307:307:307) (307:307:307)),(INTERCONNECT \$PACKER_GND_DRV.Y ddr3_top_inst\.ddr3_phy_inst\.genblk5\[15\]\.IDELAYE2_data.INC (307:307:307) (307:307:307))
idelay_programming,True,0.0,444.0,444.0,INTERCONNECT:ddr3_top_inst.ddr3_phy_inst.genblk5[1].IDELAYE2_data.CE,(INTERCONNECT \$PACKER_GND_DRV.Y ddr3_top_inst\.ddr3_phy_inst\.genblk5\[1\]\.IDELAYE2_data.CE (444:444:444) (444:444:444)),(INTERCONNECT \$PACKER_GND_DRV.Y ddr3_top_inst\.ddr3_phy_inst\.genblk5\[1\]\.IDELAYE2_data.CE (444:444:444) (444:444:444))
idelay_programming,True,0.0,444.0,444.0,INTERCONNECT:ddr3_top_inst.ddr3_phy_inst.genblk5[1].IDELAYE2_data.INC,(INTERCONNECT \$PACKER_GND_DRV.Y ddr3_top_inst\.ddr3_phy_inst\.genblk5\[1\]\.IDELAYE2_data.INC (444:444:444) (444:444:444)),(INTERCONNECT \$PACKER_GND_DRV.Y ddr3_top_inst\.ddr3_phy_inst\.genblk5\[1\]\.IDELAYE2_data.INC (444:444:444) (444:444:444))
idelay_programming,True,0.0,307.0,307.0,INTERCONNECT:ddr3_top_inst.ddr3_phy_inst.genblk5[2].IDELAYE2_data.CE,(INTERCONNECT \$PACKER_GND_DRV.Y ddr3_top_inst\.ddr3_phy_inst\.genblk5\[2\]\.IDELAYE2_data.CE (307:307:307) (307:307:307)),(INTERCONNECT \$PACKER_GND_DRV.Y ddr3_top_inst\.ddr3_phy_inst\.genblk5\[2\]\.IDELAYE2_data.CE (307:307:307) (307:307:307))
idelay_programming,True,0.0,307.0,307.0,INTERCONNECT:ddr3_top_inst.ddr3_phy_inst.genblk5[2].IDELAYE2_data.INC,(INTERCONNECT \$PACKER_GND_DRV.Y ddr3_top_inst\.ddr3_phy_inst\.genblk5\[2\]\.IDELAYE2_data.INC (307:307:307) (307:307:307)),(INTERCONNECT \$PACKER_GND_DRV.Y ddr3_top_inst\.ddr3_phy_inst\.genblk5\[2\]\.IDELAYE2_data.INC (307:307:307) (307:307:307))
idelay_programming,True,0.0,307.0,307.0,INTERCONNECT:ddr3_top_inst.ddr3_phy_inst.genblk5[3].IDELAYE2_data.CE,(INTERCONNECT \$PACKER_GND_DRV.Y ddr3_top_inst\.ddr3_phy_inst\.genblk5\[3\]\.IDELAYE2_data.CE (307:307:307) (307:307:307)),(INTERCONNECT \$PACKER_GND_DRV.Y ddr3_top_inst\.ddr3_phy_inst\.genblk5\[3\]\.IDELAYE2_data.CE (307:307:307) (307:307:307))
idelay_programming,True,0.0,307.0,307.0,INTERCONNECT:ddr3_top_inst.ddr3_phy_inst.genblk5[3].IDELAYE2_data.INC,(INTERCONNECT \$PACKER_GND_DRV.Y ddr3_top_inst\.ddr3_phy_inst\.genblk5\[3\]\.IDELAYE2_data.INC (307:307:307) (307:307:307)),(INTERCONNECT \$PACKER_GND_DRV.Y ddr3_top_inst\.ddr3_phy_inst\.genblk5\[3\]\.IDELAYE2_data.INC (307:307:307) (307:307:307))
idelay_programming,True,0.0,444.0,444.0,INTERCONNECT:ddr3_top_inst.ddr3_phy_inst.genblk5[4].IDELAYE2_data.CE,(INTERCONNECT \$PACKER_GND_DRV.Y ddr3_top_inst\.ddr3_phy_inst\.genblk5\[4\]\.IDELAYE2_data.CE (444:444:444) (444:444:444)),(INTERCONNECT \$PACKER_GND_DRV.Y ddr3_top_inst\.ddr3_phy_inst\.genblk5\[4\]\.IDELAYE2_data.CE (444:444:444) (444:444:444))
idelay_programming,True,0.0,444.0,444.0,INTERCONNECT:ddr3_top_inst.ddr3_phy_inst.genblk5[4].IDELAYE2_data.INC,(INTERCONNECT \$PACKER_GND_DRV.Y ddr3_top_inst\.ddr3_phy_inst\.genblk5\[4\]\.IDELAYE2_data.INC (444:444:444) (444:444:444)),(INTERCONNECT \$PACKER_GND_DRV.Y ddr3_top_inst\.ddr3_phy_inst\.genblk5\[4\]\.IDELAYE2_data.INC (444:444:444) (444:444:444))
idelay_programming,True,0.0,444.0,444.0,INTERCONNECT:ddr3_top_inst.ddr3_phy_inst.genblk5[5].IDELAYE2_data.CE,(INTERCONNECT \$PACKER_GND_DRV.Y ddr3_top_inst\.ddr3_phy_inst\.genblk5\[5\]\.IDELAYE2_data.CE (444:444:444) (444:444:444)),(INTERCONNECT \$PACKER_GND_DRV.Y ddr3_top_inst\.ddr3_phy_inst\.genblk5\[5\]\.IDELAYE2_data.CE (444:444:444) (444:444:444))
idelay_programming,True,0.0,444.0,444.0,INTERCONNECT:ddr3_top_inst.ddr3_phy_inst.genblk5[5].IDELAYE2_data.INC,(INTERCONNECT \$PACKER_GND_DRV.Y ddr3_top_inst\.ddr3_phy_inst\.genblk5\[5\]\.IDELAYE2_data.INC (444:444:444) (444:444:444)),(INTERCONNECT \$PACKER_GND_DRV.Y ddr3_top_inst\.ddr3_phy_inst\.genblk5\[5\]\.IDELAYE2_data.INC (444:444:444) (444:444:444))
idelay_programming,True,0.0,307.0,307.0,INTERCONNECT:ddr3_top_inst.ddr3_phy_inst.genblk5[6].IDELAYE2_data.CE,(INTERCONNECT \$PACKER_GND_DRV.Y ddr3_top_inst\.ddr3_phy_inst\.genblk5\[6\]\.IDELAYE2_data.CE (307:307:307) (307:307:307)),(INTERCONNECT \$PACKER_GND_DRV.Y ddr3_top_inst\.ddr3_phy_inst\.genblk5\[6\]\.IDELAYE2_data.CE (307:307:307) (307:307:307))
idelay_programming,True,0.0,307.0,307.0,INTERCONNECT:ddr3_top_inst.ddr3_phy_inst.genblk5[6].IDELAYE2_data.INC,(INTERCONNECT \$PACKER_GND_DRV.Y ddr3_top_inst\.ddr3_phy_inst\.genblk5\[6\]\.IDELAYE2_data.INC (307:307:307) (307:307:307)),(INTERCONNECT \$PACKER_GND_DRV.Y ddr3_top_inst\.ddr3_phy_inst\.genblk5\[6\]\.IDELAYE2_data.INC (307:307:307) (307:307:307))
idelay_programming,True,0.0,444.0,444.0,INTERCONNECT:ddr3_top_inst.ddr3_phy_inst.genblk5[7].IDELAYE2_data.CE,(INTERCONNECT \$PACKER_GND_DRV.Y ddr3_top_inst\.ddr3_phy_inst\.genblk5\[7\]\.IDELAYE2_data.CE (444:444:444) (444:444:444)),(INTERCONNECT \$PACKER_GND_DRV.Y ddr3_top_inst\.ddr3_phy_inst\.genblk5\[7\]\.IDELAYE2_data.CE (444:444:444) (444:444:444))
idelay_programming,True,0.0,444.0,444.0,INTERCONNECT:ddr3_top_inst.ddr3_phy_inst.genblk5[7].IDELAYE2_data.INC,(INTERCONNECT \$PACKER_GND_DRV.Y ddr3_top_inst\.ddr3_phy_inst\.genblk5\[7\]\.IDELAYE2_data.INC (444:444:444) (444:444:444)),(INTERCONNECT \$PACKER_GND_DRV.Y ddr3_top_inst\.ddr3_phy_inst\.genblk5\[7\]\.IDELAYE2_data.INC (444:444:444) (444:444:444))
idelay_programming,True,0.0,444.0,444.0,INTERCONNECT:ddr3_top_inst.ddr3_phy_inst.genblk5[8].IDELAYE2_data.CE,(INTERCONNECT \$PACKER_GND_DRV.Y ddr3_top_inst\.ddr3_phy_inst\.genblk5\[8\]\.IDELAYE2_data.CE (444:444:444) (444:444:444)),(INTERCONNECT \$PACKER_GND_DRV.Y ddr3_top_inst\.ddr3_phy_inst\.genblk5\[8\]\.IDELAYE2_data.CE (444:444:444) (444:444:444))
idelay_programming,True,0.0,444.0,444.0,INTERCONNECT:ddr3_top_inst.ddr3_phy_inst.genblk5[8].IDELAYE2_data.INC,(INTERCONNECT \$PACKER_GND_DRV.Y ddr3_top_inst\.ddr3_phy_inst\.genblk5\[8\]\.IDELAYE2_data.INC (444:444:444) (444:444:444)),(INTERCONNECT \$PACKER_GND_DRV.Y ddr3_top_inst\.ddr3_phy_inst\.genblk5\[8\]\.IDELAYE2_data.INC (444:444:444) (444:444:444))
idelay_programming,True,0.0,444.0,444.0,INTERCONNECT:ddr3_top_inst.ddr3_phy_inst.genblk5[9].IDELAYE2_data.CE,(INTERCONNECT \$PACKER_GND_DRV.Y ddr3_top_inst\.ddr3_phy_inst\.genblk5\[9\]\.IDELAYE2_data.CE (444:444:444) (444:444:444)),(INTERCONNECT \$PACKER_GND_DRV.Y ddr3_top_inst\.ddr3_phy_inst\.genblk5\[9\]\.IDELAYE2_data.CE (444:444:444) (444:444:444))
idelay_programming,True,0.0,444.0,444.0,INTERCONNECT:ddr3_top_inst.ddr3_phy_inst.genblk5[9].IDELAYE2_data.INC,(INTERCONNECT \$PACKER_GND_DRV.Y ddr3_top_inst\.ddr3_phy_inst\.genblk5\[9\]\.IDELAYE2_data.INC (444:444:444) (444:444:444)),(INTERCONNECT \$PACKER_GND_DRV.Y ddr3_top_inst\.ddr3_phy_inst\.genblk5\[9\]\.IDELAYE2_data.INC (444:444:444) (444:444:444))
idelay_programming,True,0.0,307.0,307.0,INTERCONNECT:ddr3_top_inst.ddr3_phy_inst.genblk7[0].IDELAYE2_dqs.CE,(INTERCONNECT \$PACKER_GND_DRV.Y ddr3_top_inst\.ddr3_phy_inst\.genblk7\[0\]\.IDELAYE2_dqs.CE (307:307:307) (307:307:307)),(INTERCONNECT \$PACKER_GND_DRV.Y ddr3_top_inst\.ddr3_phy_inst\.genblk7\[0\]\.IDELAYE2_dqs.CE (307:307:307) (307:307:307))
idelay_programming,True,0.0,307.0,307.0,INTERCONNECT:ddr3_top_inst.ddr3_phy_inst.genblk7[0].IDELAYE2_dqs.INC,(INTERCONNECT \$PACKER_GND_DRV.Y ddr3_top_inst\.ddr3_phy_inst\.genblk7\[0\]\.IDELAYE2_dqs.INC (307:307:307) (307:307:307)),(INTERCONNECT \$PACKER_GND_DRV.Y ddr3_top_inst\.ddr3_phy_inst\.genblk7\[0\]\.IDELAYE2_dqs.INC (307:307:307) (307:307:307))
idelay_programming,True,0.0,307.0,307.0,INTERCONNECT:ddr3_top_inst.ddr3_phy_inst.genblk7[1].IDELAYE2_dqs.CE,(INTERCONNECT \$PACKER_GND_DRV.Y ddr3_top_inst\.ddr3_phy_inst\.genblk7\[1\]\.IDELAYE2_dqs.CE (307:307:307) (307:307:307)),(INTERCONNECT \$PACKER_GND_DRV.Y ddr3_top_inst\.ddr3_phy_inst\.genblk7\[1\]\.IDELAYE2_dqs.CE (307:307:307) (307:307:307))
idelay_programming,True,0.0,307.0,307.0,INTERCONNECT:ddr3_top_inst.ddr3_phy_inst.genblk7[1].IDELAYE2_dqs.INC,(INTERCONNECT \$PACKER_GND_DRV.Y ddr3_top_inst\.ddr3_phy_inst\.genblk7\[1\]\.IDELAYE2_dqs.INC (307:307:307) (307:307:307)),(INTERCONNECT \$PACKER_GND_DRV.Y ddr3_top_inst\.ddr3_phy_inst\.genblk7\[1\]\.IDELAYE2_dqs.INC (307:307:307) (307:307:307))
dq_dqs_input,True,0.0,1055.0,1055.0,INTERCONNECT:$iopadmap$ypcb_00338_1p1_ddr3.ddr3_dq[16]$subcell$OBUFT.TRI,(INTERCONNECT \$PACKER_VCC_DRV.Y \$iopadmap\$ypcb_00338_1p1_ddr3\.ddr3_dq\[16\]\$subcell\$OBUFT.TRI (1055:1055:1055) (1055:1055:1055)),(INTERCONNECT \$PACKER_VCC_DRV.Y \$iopadmap\$ypcb_00338_1p1_ddr3\.ddr3_dq\[16\]\$subcell\$OBUFT.TRI (1055:1055:1055) (1055:1055:1055))
dq_dqs_input,True,0.0,1055.0,1055.0,INTERCONNECT:$iopadmap$ypcb_00338_1p1_ddr3.ddr3_dq[17]$subcell$OBUFT.TRI,(INTERCONNECT \$PACKER_VCC_DRV.Y \$iopadmap\$ypcb_00338_1p1_ddr3\.ddr3_dq\[17\]\$subcell\$OBUFT.TRI (1055:1055:1055) (1055:1055:1055)),(INTERCONNECT \$PACKER_VCC_DRV.Y \$iopadmap\$ypcb_00338_1p1_ddr3\.ddr3_dq\[17\]\$subcell\$OBUFT.TRI (1055:1055:1055) (1055:1055:1055))
dq_dqs_input,True,0.0,1055.0,1055.0,INTERCONNECT:$iopadmap$ypcb_00338_1p1_ddr3.ddr3_dq[18]$subcell$OBUFT.TRI,(INTERCONNECT \$PACKER_VCC_DRV.Y \$iopadmap\$ypcb_00338_1p1_ddr3\.ddr3_dq\[18\]\$subcell\$OBUFT.TRI (1055:1055:1055) (1055:1055:1055)),(INTERCONNECT \$PACKER_VCC_DRV.Y \$iopadmap\$ypcb_00338_1p1_ddr3\.ddr3_dq\[18\]\$subcell\$OBUFT.TRI (1055:1055:1055) (1055:1055:1055))
dq_dqs_input,True,0.0,1055.0,1055.0,INTERCONNECT:$iopadmap$ypcb_00338_1p1_ddr3.ddr3_dq[19]$subcell$OBUFT.TRI,(INTERCONNECT \$PACKER_VCC_DRV.Y \$iopadmap\$ypcb_00338_1p1_ddr3\.ddr3_dq\[19\]\$subcell\$OBUFT.TRI (1055:1055:1055) (1055:1055:1055)),(INTERCONNECT \$PACKER_VCC_DRV.Y \$iopadmap\$ypcb_00338_1p1_ddr3\.ddr3_dq\[19\]\$subcell\$OBUFT.TRI (1055:1055:1055) (1055:1055:1055))
dq_dqs_input,True,0.0,1055.0,1055.0,INTERCONNECT:$iopadmap$ypcb_00338_1p1_ddr3.ddr3_dq[20]$subcell$OBUFT.TRI,(INTERCONNECT \$PACKER_VCC_DRV.Y \$iopadmap\$ypcb_00338_1p1_ddr3\.ddr3_dq\[20\]\$subcell\$OBUFT.TRI (1055:1055:1055) (1055:1055:1055)),(INTERCONNECT \$PACKER_VCC_DRV.Y \$iopadmap\$ypcb_00338_1p1_ddr3\.ddr3_dq\[20\]\$subcell\$OBUFT.TRI (1055:1055:1055) (1055:1055:1055))
dq_dqs_input,True,0.0,1055.0,1055.0,INTERCONNECT:$iopadmap$ypcb_00338_1p1_ddr3.ddr3_dq[21]$subcell$OBUFT.TRI,(INTERCONNECT \$PACKER_VCC_DRV.Y \$iopadmap\$ypcb_00338_1p1_ddr3\.ddr3_dq\[21\]\$subcell\$OBUFT.TRI (1055:1055:1055) (1055:1055:1055)),(INTERCONNECT \$PACKER_VCC_DRV.Y \$iopadmap\$ypcb_00338_1p1_ddr3\.ddr3_dq\[21\]\$subcell\$OBUFT.TRI (1055:1055:1055) (1055:1055:1055))
dq_dqs_input,True,0.0,1055.0,1055.0,INTERCONNECT:$iopadmap$ypcb_00338_1p1_ddr3.ddr3_dq[22]$subcell$OBUFT.TRI,(INTERCONNECT \$PACKER_VCC_DRV.Y \$iopadmap\$ypcb_00338_1p1_ddr3\.ddr3_dq\[22\]\$subcell\$OBUFT.TRI (1055:1055:1055) (1055:1055:1055)),(INTERCONNECT \$PACKER_VCC_DRV.Y \$iopadmap\$ypcb_00338_1p1_ddr3\.ddr3_dq\[22\]\$subcell\$OBUFT.TRI (1055:1055:1055) (1055:1055:1055))
dq_dqs_input,True,0.0,1055.0,1055.0,INTERCONNECT:$iopadmap$ypcb_00338_1p1_ddr3.ddr3_dq[23]$subcell$OBUFT.TRI,(INTERCONNECT \$PACKER_VCC_DRV.Y \$iopadmap\$ypcb_00338_1p1_ddr3\.ddr3_dq\[23\]\$subcell\$OBUFT.TRI (1055:1055:1055) (1055:1055:1055)),(INTERCONNECT \$PACKER_VCC_DRV.Y \$iopadmap\$ypcb_00338_1p1_ddr3\.ddr3_dq\[23\]\$subcell\$OBUFT.TRI (1055:1055:1055) (1055:1055:1055))
dq_dqs_input,True,0.0,1055.0,1055.0,INTERCONNECT:$iopadmap$ypcb_00338_1p1_ddr3.ddr3_dq[24]$subcell$OBUFT.TRI,(INTERCONNECT \$PACKER_VCC_DRV.Y \$iopadmap\$ypcb_00338_1p1_ddr3\.ddr3_dq\[24\]\$subcell\$OBUFT.TRI (1055:1055:1055) (1055:1055:1055)),(INTERCONNECT \$PACKER_VCC_DRV.Y \$iopadmap\$ypcb_00338_1p1_ddr3\.ddr3_dq\[24\]\$subcell\$OBUFT.TRI (1055:1055:1055) (1055:1055:1055))
dq_dqs_input,True,0.0,1055.0,1055.0,INTERCONNECT:$iopadmap$ypcb_00338_1p1_ddr3.ddr3_dq[25]$subcell$OBUFT.TRI,(INTERCONNECT \$PACKER_VCC_DRV.Y \$iopadmap\$ypcb_00338_1p1_ddr3\.ddr3_dq\[25\]\$subcell\$OBUFT.TRI (1055:1055:1055) (1055:1055:1055)),(INTERCONNECT \$PACKER_VCC_DRV.Y \$iopadmap\$ypcb_00338_1p1_ddr3\.ddr3_dq\[25\]\$subcell\$OBUFT.TRI (1055:1055:1055) (1055:1055:1055))
dq_dqs_input,True,0.0,1055.0,1055.0,INTERCONNECT:$iopadmap$ypcb_00338_1p1_ddr3.ddr3_dq[26]$subcell$OBUFT.TRI,(INTERCONNECT \$PACKER_VCC_DRV.Y \$iopadmap\$ypcb_00338_1p1_ddr3\.ddr3_dq\[26\]\$subcell\$OBUFT.TRI (1055:1055:1055) (1055:1055:1055)),(INTERCONNECT \$PACKER_VCC_DRV.Y \$iopadmap\$ypcb_00338_1p1_ddr3\.ddr3_dq\[26\]\$subcell\$OBUFT.TRI (1055:1055:1055) (1055:1055:1055))
dq_dqs_input,True,0.0,1055.0,1055.0,INTERCONNECT:$iopadmap$ypcb_00338_1p1_ddr3.ddr3_dq[27]$subcell$OBUFT.TRI,(INTERCONNECT \$PACKER_VCC_DRV.Y \$iopadmap\$ypcb_00338_1p1_ddr3\.ddr3_dq\[27\]\$subcell\$OBUFT.TRI (1055:1055:1055) (1055:1055:1055)),(INTERCONNECT \$PACKER_VCC_DRV.Y \$iopadmap\$ypcb_00338_1p1_ddr3\.ddr3_dq\[27\]\$subcell\$OBUFT.TRI (1055:1055:1055) (1055:1055:1055))
dq_dqs_input,True,0.0,1055.0,1055.0,INTERCONNECT:$iopadmap$ypcb_00338_1p1_ddr3.ddr3_dq[28]$subcell$OBUFT.TRI,(INTERCONNECT \$PACKER_VCC_DRV.Y \$iopadmap\$ypcb_00338_1p1_ddr3\.ddr3_dq\[28\]\$subcell\$OBUFT.TRI (1055:1055:1055) (1055:1055:1055)),(INTERCONNECT \$PACKER_VCC_DRV.Y \$iopadmap\$ypcb_00338_1p1_ddr3\.ddr3_dq\[28\]\$subcell\$OBUFT.TRI (1055:1055:1055) (1055:1055:1055))
dq_dqs_input,True,0.0,1055.0,1055.0,INTERCONNECT:$iopadmap$ypcb_00338_1p1_ddr3.ddr3_dq[29]$subcell$OBUFT.TRI,(INTERCONNECT \$PACKER_VCC_DRV.Y \$iopadmap\$ypcb_00338_1p1_ddr3\.ddr3_dq\[29\]\$subcell\$OBUFT.TRI (1055:1055:1055) (1055:1055:1055)),(INTERCONNECT \$PACKER_VCC_DRV.Y \$iopadmap\$ypcb_00338_1p1_ddr3\.ddr3_dq\[29\]\$subcell\$OBUFT.TRI (1055:1055:1055) (1055:1055:1055))
dq_dqs_input,True,0.0,1055.0,1055.0,INTERCONNECT:$iopadmap$ypcb_00338_1p1_ddr3.ddr3_dq[30]$subcell$OBUFT.TRI,(INTERCONNECT \$PACKER_VCC_DRV.Y \$iopadmap\$ypcb_00338_1p1_ddr3\.ddr3_dq\[30\]\$subcell\$OBUFT.TRI (1055:1055:1055) (1055:1055:1055)),(INTERCONNECT \$PACKER_VCC_DRV.Y \$iopadmap\$ypcb_00338_1p1_ddr3\.ddr3_dq\[30\]\$subcell\$OBUFT.TRI (1055:1055:1055) (1055:1055:1055))
dq_dqs_input,True,0.0,1055.0,1055.0,INTERCONNECT:$iopadmap$ypcb_00338_1p1_ddr3.ddr3_dq[31]$subcell$OBUFT.TRI,(INTERCONNECT \$PACKER_VCC_DRV.Y \$iopadmap\$ypcb_00338_1p1_ddr3\.ddr3_dq\[31\]\$subcell\$OBUFT.TRI (1055:1055:1055) (1055:1055:1055)),(INTERCONNECT \$PACKER_VCC_DRV.Y \$iopadmap\$ypcb_00338_1p1_ddr3\.ddr3_dq\[31\]\$subcell\$OBUFT.TRI (1055:1055:1055) (1055:1055:1055))
dq_dqs_input,True,0.0,1055.0,1055.0,INTERCONNECT:$iopadmap$ypcb_00338_1p1_ddr3.ddr3_dq[32]$subcell$OBUFT.TRI,(INTERCONNECT \$PACKER_VCC_DRV.Y \$iopadmap\$ypcb_00338_1p1_ddr3\.ddr3_dq\[32\]\$subcell\$OBUFT.TRI (1055:1055:1055) (1055:1055:1055)),(INTERCONNECT \$PACKER_VCC_DRV.Y \$iopadmap\$ypcb_00338_1p1_ddr3\.ddr3_dq\[32\]\$subcell\$OBUFT.TRI (1055:1055:1055) (1055:1055:1055))
dq_dqs_input,True,0.0,1055.0,1055.0,INTERCONNECT:$iopadmap$ypcb_00338_1p1_ddr3.ddr3_dq[33]$subcell$OBUFT.TRI,(INTERCONNECT \$PACKER_VCC_DRV.Y \$iopadmap\$ypcb_00338_1p1_ddr3\.ddr3_dq\[33\]\$subcell\$OBUFT.TRI (1055:1055:1055) (1055:1055:1055)),(INTERCONNECT \$PACKER_VCC_DRV.Y \$iopadmap\$ypcb_00338_1p1_ddr3\.ddr3_dq\[33\]\$subcell\$OBUFT.TRI (1055:1055:1055) (1055:1055:1055))
dq_dqs_input,True,0.0,1055.0,1055.0,INTERCONNECT:$iopadmap$ypcb_00338_1p1_ddr3.ddr3_dq[34]$subcell$OBUFT.TRI,(INTERCONNECT \$PACKER_VCC_DRV.Y \$iopadmap\$ypcb_00338_1p1_ddr3\.ddr3_dq\[34\]\$subcell\$OBUFT.TRI (1055:1055:1055) (1055:1055:1055)),(INTERCONNECT \$PACKER_VCC_DRV.Y \$iopadmap\$ypcb_00338_1p1_ddr3\.ddr3_dq\[34\]\$subcell\$OBUFT.TRI (1055:1055:1055) (1055:1055:1055))
dq_dqs_input,True,0.0,1055.0,1055.0,INTERCONNECT:$iopadmap$ypcb_00338_1p1_ddr3.ddr3_dq[35]$subcell$OBUFT.TRI,(INTERCONNECT \$PACKER_VCC_DRV.Y \$iopadmap\$ypcb_00338_1p1_ddr3\.ddr3_dq\[35\]\$subcell\$OBUFT.TRI (1055:1055:1055) (1055:1055:1055)),(INTERCONNECT \$PACKER_VCC_DRV.Y \$iopadmap\$ypcb_00338_1p1_ddr3\.ddr3_dq\[35\]\$subcell\$OBUFT.TRI (1055:1055:1055) (1055:1055:1055))
dq_dqs_input,True,0.0,1055.0,1055.0,INTERCONNECT:$iopadmap$ypcb_00338_1p1_ddr3.ddr3_dq[36]$subcell$OBUFT.TRI,(INTERCONNECT \$PACKER_VCC_DRV.Y \$iopadmap\$ypcb_00338_1p1_ddr3\.ddr3_dq\[36\]\$subcell\$OBUFT.TRI (1055:1055:1055) (1055:1055:1055)),(INTERCONNECT \$PACKER_VCC_DRV.Y \$iopadmap\$ypcb_00338_1p1_ddr3\.ddr3_dq\[36\]\$subcell\$OBUFT.TRI (1055:1055:1055) (1055:1055:1055))
dq_dqs_input,True,0.0,1055.0,1055.0,INTERCONNECT:$iopadmap$ypcb_00338_1p1_ddr3.ddr3_dq[37]$subcell$OBUFT.TRI,(INTERCONNECT \$PACKER_VCC_DRV.Y \$iopadmap\$ypcb_00338_1p1_ddr3\.ddr3_dq\[37\]\$subcell\$OBUFT.TRI (1055:1055:1055) (1055:1055:1055)),(INTERCONNECT \$PACKER_VCC_DRV.Y \$iopadmap\$ypcb_00338_1p1_ddr3\.ddr3_dq\[37\]\$subcell\$OBUFT.TRI (1055:1055:1055) (1055:1055:1055))
dq_dqs_input,True,0.0,1055.0,1055.0,INTERCONNECT:$iopadmap$ypcb_00338_1p1_ddr3.ddr3_dq[38]$subcell$OBUFT.TRI,(INTERCONNECT \$PACKER_VCC_DRV.Y \$iopadmap\$ypcb_00338_1p1_ddr3\.ddr3_dq\[38\]\$subcell\$OBUFT.TRI (1055:1055:1055) (1055:1055:1055)),(INTERCONNECT \$PACKER_VCC_DRV.Y \$iopadmap\$ypcb_00338_1p1_ddr3\.ddr3_dq\[38\]\$subcell\$OBUFT.TRI (1055:1055:1055) (1055:1055:1055))
dq_dqs_input,True,0.0,1055.0,1055.0,INTERCONNECT:$iopadmap$ypcb_00338_1p1_ddr3.ddr3_dq[39]$subcell$OBUFT.TRI,(INTERCONNECT \$PACKER_VCC_DRV.Y \$iopadmap\$ypcb_00338_1p1_ddr3\.ddr3_dq\[39\]\$subcell\$OBUFT.TRI (1055:1055:1055) (1055:1055:1055)),(INTERCONNECT \$PACKER_VCC_DRV.Y \$iopadmap\$ypcb_00338_1p1_ddr3\.ddr3_dq\[39\]\$subcell\$OBUFT.TRI (1055:1055:1055) (1055:1055:1055))
dq_dqs_input,True,0.0,1055.0,1055.0,INTERCONNECT:$iopadmap$ypcb_00338_1p1_ddr3.ddr3_dq[40]$subcell$OBUFT.TRI,(INTERCONNECT \$PACKER_VCC_DRV.Y \$iopadmap\$ypcb_00338_1p1_ddr3\.ddr3_dq\[40\]\$subcell\$OBUFT.TRI (1055:1055:1055) (1055:1055:1055)),(INTERCONNECT \$PACKER_VCC_DRV.Y \$iopadmap\$ypcb_00338_1p1_ddr3\.ddr3_dq\[40\]\$subcell\$OBUFT.TRI (1055:1055:1055) (1055:1055:1055))
dq_dqs_input,True,0.0,1055.0,1055.0,INTERCONNECT:$iopadmap$ypcb_00338_1p1_ddr3.ddr3_dq[41]$subcell$OBUFT.TRI,(INTERCONNECT \$PACKER_VCC_DRV.Y \$iopadmap\$ypcb_00338_1p1_ddr3\.ddr3_dq\[41\]\$subcell\$OBUFT.TRI (1055:1055:1055) (1055:1055:1055)),(INTERCONNECT \$PACKER_VCC_DRV.Y \$iopadmap\$ypcb_00338_1p1_ddr3\.ddr3_dq\[41\]\$subcell\$OBUFT.TRI (1055:1055:1055) (1055:1055:1055))
dq_dqs_input,True,0.0,1055.0,1055.0,INTERCONNECT:$iopadmap$ypcb_00338_1p1_ddr3.ddr3_dq[42]$subcell$OBUFT.TRI,(INTERCONNECT \$PACKER_VCC_DRV.Y \$iopadmap\$ypcb_00338_1p1_ddr3\.ddr3_dq\[42\]\$subcell\$OBUFT.TRI (1055:1055:1055) (1055:1055:1055)),(INTERCONNECT \$PACKER_VCC_DRV.Y \$iopadmap\$ypcb_00338_1p1_ddr3\.ddr3_dq\[42\]\$subcell\$OBUFT.TRI (1055:1055:1055) (1055:1055:1055))
dq_dqs_input,True,0.0,1055.0,1055.0,INTERCONNECT:$iopadmap$ypcb_00338_1p1_ddr3.ddr3_dq[43]$subcell$OBUFT.TRI,(INTERCONNECT \$PACKER_VCC_DRV.Y \$iopadmap\$ypcb_00338_1p1_ddr3\.ddr3_dq\[43\]\$subcell\$OBUFT.TRI (1055:1055:1055) (1055:1055:1055)),(INTERCONNECT \$PACKER_VCC_DRV.Y \$iopadmap\$ypcb_00338_1p1_ddr3\.ddr3_dq\[43\]\$subcell\$OBUFT.TRI (1055:1055:1055) (1055:1055:1055))
dq_dqs_input,True,0.0,1055.0,1055.0,INTERCONNECT:$iopadmap$ypcb_00338_1p1_ddr3.ddr3_dq[44]$subcell$OBUFT.TRI,(INTERCONNECT \$PACKER_VCC_DRV.Y \$iopadmap\$ypcb_00338_1p1_ddr3\.ddr3_dq\[44\]\$subcell\$OBUFT.TRI (1055:1055:1055) (1055:1055:1055)),(INTERCONNECT \$PACKER_VCC_DRV.Y \$iopadmap\$ypcb_00338_1p1_ddr3\.ddr3_dq\[44\]\$subcell\$OBUFT.TRI (1055:1055:1055) (1055:1055:1055))
dq_dqs_input,True,0.0,1055.0,1055.0,INTERCONNECT:$iopadmap$ypcb_00338_1p1_ddr3.ddr3_dq[45]$subcell$OBUFT.TRI,(INTERCONNECT \$PACKER_VCC_DRV.Y \$iopadmap\$ypcb_00338_1p1_ddr3\.ddr3_dq\[45\]\$subcell\$OBUFT.TRI (1055:1055:1055) (1055:1055:1055)),(INTERCONNECT \$PACKER_VCC_DRV.Y \$iopadmap\$ypcb_00338_1p1_ddr3\.ddr3_dq\[45\]\$subcell\$OBUFT.TRI (1055:1055:1055) (1055:1055:1055))
dq_dqs_input,True,0.0,1055.0,1055.0,INTERCONNECT:$iopadmap$ypcb_00338_1p1_ddr3.ddr3_dq[46]$subcell$OBUFT.TRI,(INTERCONNECT \$PACKER_VCC_DRV.Y \$iopadmap\$ypcb_00338_1p1_ddr3\.ddr3_dq\[46\]\$subcell\$OBUFT.TRI (1055:1055:1055) (1055:1055:1055)),(INTERCONNECT \$PACKER_VCC_DRV.Y \$iopadmap\$ypcb_00338_1p1_ddr3\.ddr3_dq\[46\]\$subcell\$OBUFT.TRI (1055:1055:1055) (1055:1055:1055))
dq_dqs_input,True,0.0,1055.0,1055.0,INTERCONNECT:$iopadmap$ypcb_00338_1p1_ddr3.ddr3_dq[47]$subcell$OBUFT.TRI,(INTERCONNECT \$PACKER_VCC_DRV.Y \$iopadmap\$ypcb_00338_1p1_ddr3\.ddr3_dq\[47\]\$subcell\$OBUFT.TRI (1055:1055:1055) (1055:1055:1055)),(INTERCONNECT \$PACKER_VCC_DRV.Y \$iopadmap\$ypcb_00338_1p1_ddr3\.ddr3_dq\[47\]\$subcell\$OBUFT.TRI (1055:1055:1055) (1055:1055:1055))
dq_dqs_input,True,0.0,1055.0,1055.0,INTERCONNECT:$iopadmap$ypcb_00338_1p1_ddr3.ddr3_dq[48]$subcell$OBUFT.TRI,(INTERCONNECT \$PACKER_VCC_DRV.Y \$iopadmap\$ypcb_00338_1p1_ddr3\.ddr3_dq\[48\]\$subcell\$OBUFT.TRI (1055:1055:1055) (1055:1055:1055)),(INTERCONNECT \$PACKER_VCC_DRV.Y \$iopadmap\$ypcb_00338_1p1_ddr3\.ddr3_dq\[48\]\$subcell\$OBUFT.TRI (1055:1055:1055) (1055:1055:1055))
dq_dqs_input,True,0.0,1055.0,1055.0,INTERCONNECT:$iopadmap$ypcb_00338_1p1_ddr3.ddr3_dq[49]$subcell$OBUFT.TRI,(INTERCONNECT \$PACKER_VCC_DRV.Y \$iopadmap\$ypcb_00338_1p1_ddr3\.ddr3_dq\[49\]\$subcell\$OBUFT.TRI (1055:1055:1055) (1055:1055:1055)),(INTERCONNECT \$PACKER_VCC_DRV.Y \$iopadmap\$ypcb_00338_1p1_ddr3\.ddr3_dq\[49\]\$subcell\$OBUFT.TRI (1055:1055:1055) (1055:1055:1055))
dq_dqs_input,True,0.0,1055.0,1055.0,INTERCONNECT:$iopadmap$ypcb_00338_1p1_ddr3.ddr3_dq[50]$subcell$OBUFT.TRI,(INTERCONNECT \$PACKER_VCC_DRV.Y \$iopadmap\$ypcb_00338_1p1_ddr3\.ddr3_dq\[50\]\$subcell\$OBUFT.TRI (1055:1055:1055) (1055:1055:1055)),(INTERCONNECT \$PACKER_VCC_DRV.Y \$iopadmap\$ypcb_00338_1p1_ddr3\.ddr3_dq\[50\]\$subcell\$OBUFT.TRI (1055:1055:1055) (1055:1055:1055))
dq_dqs_input,True,0.0,1055.0,1055.0,INTERCONNECT:$iopadmap$ypcb_00338_1p1_ddr3.ddr3_dq[51]$subcell$OBUFT.TRI,(INTERCONNECT \$PACKER_VCC_DRV.Y \$iopadmap\$ypcb_00338_1p1_ddr3\.ddr3_dq\[51\]\$subcell\$OBUFT.TRI (1055:1055:1055) (1055:1055:1055)),(INTERCONNECT \$PACKER_VCC_DRV.Y \$iopadmap\$ypcb_00338_1p1_ddr3\.ddr3_dq\[51\]\$subcell\$OBUFT.TRI (1055:1055:1055) (1055:1055:1055))
dq_dqs_input,True,0.0,1055.0,1055.0,INTERCONNECT:$iopadmap$ypcb_00338_1p1_ddr3.ddr3_dq[52]$subcell$OBUFT.TRI,(INTERCONNECT \$PACKER_VCC_DRV.Y \$iopadmap\$ypcb_00338_1p1_ddr3\.ddr3_dq\[52\]\$subcell\$OBUFT.TRI (1055:1055:1055) (1055:1055:1055)),(INTERCONNECT \$PACKER_VCC_DRV.Y \$iopadmap\$ypcb_00338_1p1_ddr3\.ddr3_dq\[52\]\$subcell\$OBUFT.TRI (1055:1055:1055) (1055:1055:1055))
dq_dqs_input,True,0.0,1055.0,1055.0,INTERCONNECT:$iopadmap$ypcb_00338_1p1_ddr3.ddr3_dq[53]$subcell$OBUFT.TRI,(INTERCONNECT \$PACKER_VCC_DRV.Y \$iopadmap\$ypcb_00338_1p1_ddr3\.ddr3_dq\[53\]\$subcell\$OBUFT.TRI (1055:1055:1055) (1055:1055:1055)),(INTERCONNECT \$PACKER_VCC_DRV.Y \$iopadmap\$ypcb_00338_1p1_ddr3\.ddr3_dq\[53\]\$subcell\$OBUFT.TRI (1055:1055:1055) (1055:1055:1055))
dq_dqs_input,True,0.0,1055.0,1055.0,INTERCONNECT:$iopadmap$ypcb_00338_1p1_ddr3.ddr3_dq[54]$subcell$OBUFT.TRI,(INTERCONNECT \$PACKER_VCC_DRV.Y \$iopadmap\$ypcb_00338_1p1_ddr3\.ddr3_dq\[54\]\$subcell\$OBUFT.TRI (1055:1055:1055) (1055:1055:1055)),(INTERCONNECT \$PACKER_VCC_DRV.Y \$iopadmap\$ypcb_00338_1p1_ddr3\.ddr3_dq\[54\]\$subcell\$OBUFT.TRI (1055:1055:1055) (1055:1055:1055))
dq_dqs_input,True,0.0,1055.0,1055.0,INTERCONNECT:$iopadmap$ypcb_00338_1p1_ddr3.ddr3_dq[55]$subcell$OBUFT.TRI,(INTERCONNECT \$PACKER_VCC_DRV.Y \$iopadmap\$ypcb_00338_1p1_ddr3\.ddr3_dq\[55\]\$subcell\$OBUFT.TRI (1055:1055:1055) (1055:1055:1055)),(INTERCONNECT \$PACKER_VCC_DRV.Y \$iopadmap\$ypcb_00338_1p1_ddr3\.ddr3_dq\[55\]\$subcell\$OBUFT.TRI (1055:1055:1055) (1055:1055:1055))
dq_dqs_input,True,0.0,1055.0,1055.0,INTERCONNECT:$iopadmap$ypcb_00338_1p1_ddr3.ddr3_dq[56]$subcell$OBUFT.TRI,(INTERCONNECT \$PACKER_VCC_DRV.Y \$iopadmap\$ypcb_00338_1p1_ddr3\.ddr3_dq\[56\]\$subcell\$OBUFT.TRI (1055:1055:1055) (1055:1055:1055)),(INTERCONNECT \$PACKER_VCC_DRV.Y \$iopadmap\$ypcb_00338_1p1_ddr3\.ddr3_dq\[56\]\$subcell\$OBUFT.TRI (1055:1055:1055) (1055:1055:1055))
dq_dqs_input,True,0.0,1055.0,1055.0,INTERCONNECT:$iopadmap$ypcb_00338_1p1_ddr3.ddr3_dq[57]$subcell$OBUFT.TRI,(INTERCONNECT \$PACKER_VCC_DRV.Y \$iopadmap\$ypcb_00338_1p1_ddr3\.ddr3_dq\[57\]\$subcell\$OBUFT.TRI (1055:1055:1055) (1055:1055:1055)),(INTERCONNECT \$PACKER_VCC_DRV.Y \$iopadmap\$ypcb_00338_1p1_ddr3\.ddr3_dq\[57\]\$subcell\$OBUFT.TRI (1055:1055:1055) (1055:1055:1055))
dq_dqs_input,True,0.0,1055.0,1055.0,INTERCONNECT:$iopadmap$ypcb_00338_1p1_ddr3.ddr3_dq[58]$subcell$OBUFT.TRI,(INTERCONNECT \$PACKER_VCC_DRV.Y \$iopadmap\$ypcb_00338_1p1_ddr3\.ddr3_dq\[58\]\$subcell\$OBUFT.TRI (1055:1055:1055) (1055:1055:1055)),(INTERCONNECT \$PACKER_VCC_DRV.Y \$iopadmap\$ypcb_00338_1p1_ddr3\.ddr3_dq\[58\]\$subcell\$OBUFT.TRI (1055:1055:1055) (1055:1055:1055))
dq_dqs_input,True,0.0,1055.0,1055.0,INTERCONNECT:$iopadmap$ypcb_00338_1p1_ddr3.ddr3_dq[59]$subcell$OBUFT.TRI,(INTERCONNECT \$PACKER_VCC_DRV.Y \$iopadmap\$ypcb_00338_1p1_ddr3\.ddr3_dq\[59\]\$subcell\$OBUFT.TRI (1055:1055:1055) (1055:1055:1055)),(INTERCONNECT \$PACKER_VCC_DRV.Y \$iopadmap\$ypcb_00338_1p1_ddr3\.ddr3_dq\[59\]\$subcell\$OBUFT.TRI (1055:1055:1055) (1055:1055:1055))
dq_dqs_input,True,0.0,1055.0,1055.0,INTERCONNECT:$iopadmap$ypcb_00338_1p1_ddr3.ddr3_dq[60]$subcell$OBUFT.TRI,(INTERCONNECT \$PACKER_VCC_DRV.Y \$iopadmap\$ypcb_00338_1p1_ddr3\.ddr3_dq\[60\]\$subcell\$OBUFT.TRI (1055:1055:1055) (1055:1055:1055)),(INTERCONNECT \$PACKER_VCC_DRV.Y \$iopadmap\$ypcb_00338_1p1_ddr3\.ddr3_dq\[60\]\$subcell\$OBUFT.TRI (1055:1055:1055) (1055:1055:1055))
dq_dqs_input,True,0.0,1055.0,1055.0,INTERCONNECT:$iopadmap$ypcb_00338_1p1_ddr3.ddr3_dq[61]$subcell$OBUFT.TRI,(INTERCONNECT \$PACKER_VCC_DRV.Y \$iopadmap\$ypcb_00338_1p1_ddr3\.ddr3_dq\[61\]\$subcell\$OBUFT.TRI (1055:1055:1055) (1055:1055:1055)),(INTERCONNECT \$PACKER_VCC_DRV.Y \$iopadmap\$ypcb_00338_1p1_ddr3\.ddr3_dq\[61\]\$subcell\$OBUFT.TRI (1055:1055:1055) (1055:1055:1055))
dq_dqs_input,True,0.0,1055.0,1055.0,INTERCONNECT:$iopadmap$ypcb_00338_1p1_ddr3.ddr3_dq[62]$subcell$OBUFT.TRI,(INTERCONNECT \$PACKER_VCC_DRV.Y \$iopadmap\$ypcb_00338_1p1_ddr3\.ddr3_dq\[62\]\$subcell\$OBUFT.TRI (1055:1055:1055) (1055:1055:1055)),(INTERCONNECT \$PACKER_VCC_DRV.Y \$iopadmap\$ypcb_00338_1p1_ddr3\.ddr3_dq\[62\]\$subcell\$OBUFT.TRI (1055:1055:1055) (1055:1055:1055))
dq_dqs_input,True,0.0,1055.0,1055.0,INTERCONNECT:$iopadmap$ypcb_00338_1p1_ddr3.ddr3_dq[63]$subcell$OBUFT.TRI,(INTERCONNECT \$PACKER_VCC_DRV.Y \$iopadmap\$ypcb_00338_1p1_ddr3\.ddr3_dq\[63\]\$subcell\$OBUFT.TRI (1055:1055:1055) (1055:1055:1055)),(INTERCONNECT \$PACKER_VCC_DRV.Y \$iopadmap\$ypcb_00338_1p1_ddr3\.ddr3_dq\[63\]\$subcell\$OBUFT.TRI (1055:1055:1055) (1055:1055:1055))
dq_dqs_input,True,0.0,1055.0,1055.0,INTERCONNECT:$iopadmap$ypcb_00338_1p1_ddr3.ddr3_dqs_n[2]$subcell$OBUFT.TRI,(INTERCONNECT \$PACKER_VCC_DRV.Y \$iopadmap\$ypcb_00338_1p1_ddr3\.ddr3_dqs_n\[2\]\$subcell\$OBUFT.TRI (1055:1055:1055) (1055:1055:1055)),(INTERCONNECT \$PACKER_VCC_DRV.Y \$iopadmap\$ypcb_00338_1p1_ddr3\.ddr3_dqs_n\[2\]\$subcell\$OBUFT.TRI (1055:1055:1055) (1055:1055:1055))
dq_dqs_input,True,0.0,1055.0,1055.0,INTERCONNECT:$iopadmap$ypcb_00338_1p1_ddr3.ddr3_dqs_n[3]$subcell$OBUFT.TRI,(INTERCONNECT \$PACKER_VCC_DRV.Y \$iopadmap\$ypcb_00338_1p1_ddr3\.ddr3_dqs_n\[3\]\$subcell\$OBUFT.TRI (1055:1055:1055) (1055:1055:1055)),(INTERCONNECT \$PACKER_VCC_DRV.Y \$iopadmap\$ypcb_00338_1p1_ddr3\.ddr3_dqs_n\[3\]\$subcell\$OBUFT.TRI (1055:1055:1055) (1055:1055:1055))
dq_dqs_input,True,0.0,1055.0,1055.0,INTERCONNECT:$iopadmap$ypcb_00338_1p1_ddr3.ddr3_dqs_n[4]$subcell$OBUFT.TRI,(INTERCONNECT \$PACKER_VCC_DRV.Y \$iopadmap\$ypcb_00338_1p1_ddr3\.ddr3_dqs_n\[4\]\$subcell\$OBUFT.TRI (1055:1055:1055) (1055:1055:1055)),(INTERCONNECT \$PACKER_VCC_DRV.Y \$iopadmap\$ypcb_00338_1p1_ddr3\.ddr3_dqs_n\[4\]\$subcell\$OBUFT.TRI (1055:1055:1055) (1055:1055:1055))
dq_dqs_input,True,0.0,1055.0,1055.0,INTERCONNECT:$iopadmap$ypcb_00338_1p1_ddr3.ddr3_dqs_n[5]$subcell$OBUFT.TRI,(INTERCONNECT \$PACKER_VCC_DRV.Y \$iopadmap\$ypcb_00338_1p1_ddr3\.ddr3_dqs_n\[5\]\$subcell\$OBUFT.TRI (1055:1055:1055) (1055:1055:1055)),(INTERCONNECT \$PACKER_VCC_DRV.Y \$iopadmap\$ypcb_00338_1p1_ddr3\.ddr3_dqs_n\[5\]\$subcell\$OBUFT.TRI (1055:1055:1055) (1055:1055:1055))
dq_dqs_input,True,0.0,1055.0,1055.0,INTERCONNECT:$iopadmap$ypcb_00338_1p1_ddr3.ddr3_dqs_n[6]$subcell$OBUFT.TRI,(INTERCONNECT \$PACKER_VCC_DRV.Y \$iopadmap\$ypcb_00338_1p1_ddr3\.ddr3_dqs_n\[6\]\$subcell\$OBUFT.TRI (1055:1055:1055) (1055:1055:1055)),(INTERCONNECT \$PACKER_VCC_DRV.Y \$iopadmap\$ypcb_00338_1p1_ddr3\.ddr3_dqs_n\[6\]\$subcell\$OBUFT.TRI (1055:1055:1055) (1055:1055:1055))
dq_dqs_input,True,0.0,1055.0,1055.0,INTERCONNECT:$iopadmap$ypcb_00338_1p1_ddr3.ddr3_dqs_n[7]$subcell$OBUFT.TRI,(INTERCONNECT \$PACKER_VCC_DRV.Y \$iopadmap\$ypcb_00338_1p1_ddr3\.ddr3_dqs_n\[7\]\$subcell\$OBUFT.TRI (1055:1055:1055) (1055:1055:1055)),(INTERCONNECT \$PACKER_VCC_DRV.Y \$iopadmap\$ypcb_00338_1p1_ddr3\.ddr3_dqs_n\[7\]\$subcell\$OBUFT.TRI (1055:1055:1055) (1055:1055:1055))
dq_dqs_input,True,0.0,1055.0,1055.0,INTERCONNECT:$iopadmap$ypcb_00338_1p1_ddr3.ddr3_dqs_p[2]$subcell$OBUFT.TRI,(INTERCONNECT \$PACKER_VCC_DRV.Y \$iopadmap\$ypcb_00338_1p1_ddr3\.ddr3_dqs_p\[2\]\$subcell\$OBUFT.TRI (1055:1055:1055) (1055:1055:1055)),(INTERCONNECT \$PACKER_VCC_DRV.Y \$iopadmap\$ypcb_00338_1p1_ddr3\.ddr3_dqs_p\[2\]\$subcell\$OBUFT.TRI (1055:1055:1055) (1055:1055:1055))
dq_dqs_input,True,0.0,1055.0,1055.0,INTERCONNECT:$iopadmap$ypcb_00338_1p1_ddr3.ddr3_dqs_p[3]$subcell$OBUFT.TRI,(INTERCONNECT \$PACKER_VCC_DRV.Y \$iopadmap\$ypcb_00338_1p1_ddr3\.ddr3_dqs_p\[3\]\$subcell\$OBUFT.TRI (1055:1055:1055) (1055:1055:1055)),(INTERCONNECT \$PACKER_VCC_DRV.Y \$iopadmap\$ypcb_00338_1p1_ddr3\.ddr3_dqs_p\[3\]\$subcell\$OBUFT.TRI (1055:1055:1055) (1055:1055:1055))
dq_dqs_input,True,0.0,1055.0,1055.0,INTERCONNECT:$iopadmap$ypcb_00338_1p1_ddr3.ddr3_dqs_p[4]$subcell$OBUFT.TRI,(INTERCONNECT \$PACKER_VCC_DRV.Y \$iopadmap\$ypcb_00338_1p1_ddr3\.ddr3_dqs_p\[4\]\$subcell\$OBUFT.TRI (1055:1055:1055) (1055:1055:1055)),(INTERCONNECT \$PACKER_VCC_DRV.Y \$iopadmap\$ypcb_00338_1p1_ddr3\.ddr3_dqs_p\[4\]\$subcell\$OBUFT.TRI (1055:1055:1055) (1055:1055:1055))
dq_dqs_input,True,0.0,1055.0,1055.0,INTERCONNECT:$iopadmap$ypcb_00338_1p1_ddr3.ddr3_dqs_p[5]$subcell$OBUFT.TRI,(INTERCONNECT \$PACKER_VCC_DRV.Y \$iopadmap\$ypcb_00338_1p1_ddr3\.ddr3_dqs_p\[5\]\$subcell\$OBUFT.TRI (1055:1055:1055) (1055:1055:1055)),(INTERCONNECT \$PACKER_VCC_DRV.Y \$iopadmap\$ypcb_00338_1p1_ddr3\.ddr3_dqs_p\[5\]\$subcell\$OBUFT.TRI (1055:1055:1055) (1055:1055:1055))
dq_dqs_input,True,0.0,1055.0,1055.0,INTERCONNECT:$iopadmap$ypcb_00338_1p1_ddr3.ddr3_dqs_p[6]$subcell$OBUFT.TRI,(INTERCONNECT \$PACKER_VCC_DRV.Y \$iopadmap\$ypcb_00338_1p1_ddr3\.ddr3_dqs_p\[6\]\$subcell\$OBUFT.TRI (1055:1055:1055) (1055:1055:1055)),(INTERCONNECT \$PACKER_VCC_DRV.Y \$iopadmap\$ypcb_00338_1p1_ddr3\.ddr3_dqs_p\[6\]\$subcell\$OBUFT.TRI (1055:1055:1055) (1055:1055:1055))
dq_dqs_input,True,0.0,1055.0,1055.0,INTERCONNECT:$iopadmap$ypcb_00338_1p1_ddr3.ddr3_dqs_p[7]$subcell$OBUFT.TRI,(INTERCONNECT \$PACKER_VCC_DRV.Y \$iopadmap\$ypcb_00338_1p1_ddr3\.ddr3_dqs_p\[7\]\$subcell\$OBUFT.TRI (1055:1055:1055) (1055:1055:1055)),(INTERCONNECT \$PACKER_VCC_DRV.Y \$iopadmap\$ypcb_00338_1p1_ddr3\.ddr3_dqs_p\[7\]\$subcell\$OBUFT.TRI (1055:1055:1055) (1055:1055:1055))
dq_dqs_input,True,0.0,307.0,307.0,INTERCONNECT:ddr3_top_inst.ddr3_phy_inst.genblk5[0].IDELAYE2_data.CE,(INTERCONNECT \$PACKER_GND_DRV.Y ddr3_top_inst\.ddr3_phy_inst\.genblk5\[0\]\.IDELAYE2_data.CE (307:307:307) (307:307:307)),(INTERCONNECT \$PACKER_GND_DRV.Y ddr3_top_inst\.ddr3_phy_inst\.genblk5\[0\]\.IDELAYE2_data.CE (307:307:307) (307:307:307))
dq_dqs_input,True,0.0,345.0,345.0,INTERCONNECT:ddr3_top_inst.ddr3_phy_inst.genblk5[0].IDELAYE2_data.CINVCTRL,(INTERCONNECT \$PACKER_GND_DRV.Y ddr3_top_inst\.ddr3_phy_inst\.genblk5\[0\]\.IDELAYE2_data.CINVCTRL (345:345:345) (345:345:345)),(INTERCONNECT \$PACKER_GND_DRV.Y ddr3_top_inst\.ddr3_phy_inst\.genblk5\[0\]\.IDELAYE2_data.CINVCTRL (345:345:345) (345:345:345))
dq_dqs_input,True,0.0,307.0,307.0,INTERCONNECT:ddr3_top_inst.ddr3_phy_inst.genblk5[0].IDELAYE2_data.INC,(INTERCONNECT \$PACKER_GND_DRV.Y ddr3_top_inst\.ddr3_phy_inst\.genblk5\[0\]\.IDELAYE2_data.INC (307:307:307) (307:307:307)),(INTERCONNECT \$PACKER_GND_DRV.Y ddr3_top_inst\.ddr3_phy_inst\.genblk5\[0\]\.IDELAYE2_data.INC (307:307:307) (307:307:307))
dq_dqs_input,True,0.0,307.0,307.0,INTERCONNECT:ddr3_top_inst.ddr3_phy_inst.genblk5[0].IDELAYE2_data.LDPIPEEN,(INTERCONNECT \$PACKER_GND_DRV.Y ddr3_top_inst\.ddr3_phy_inst\.genblk5\[0\]\.IDELAYE2_data.LDPIPEEN (307:307:307) (307:307:307)),(INTERCONNECT \$PACKER_GND_DRV.Y ddr3_top_inst\.ddr3_phy_inst\.genblk5\[0\]\.IDELAYE2_data.LDPIPEEN (307:307:307) (307:307:307))
dq_dqs_input,True,0.0,307.0,307.0,INTERCONNECT:ddr3_top_inst.ddr3_phy_inst.genblk5[0].IDELAYE2_data.REGRST,(INTERCONNECT \$PACKER_GND_DRV.Y ddr3_top_inst\.ddr3_phy_inst\.genblk5\[0\]\.IDELAYE2_data.REGRST (307:307:307) (307:307:307)),(INTERCONNECT \$PACKER_GND_DRV.Y ddr3_top_inst\.ddr3_phy_inst\.genblk5\[0\]\.IDELAYE2_data.REGRST (307:307:307) (307:307:307))
dq_dqs_input,True,0.0,192.0,192.0,INTERCONNECT:ddr3_top_inst.ddr3_phy_inst.genblk5[0].ISERDESE2_data.CE1,(INTERCONNECT \$PACKER_VCC_DRV.Y ddr3_top_inst\.ddr3_phy_inst\.genblk5\[0\]\.ISERDESE2_data.CE1 (192:192:192) (192:192:192)),(INTERCONNECT \$PACKER_VCC_DRV.Y ddr3_top_inst\.ddr3_phy_inst\.genblk5\[0\]\.ISERDESE2_data.CE1 (192:192:192) (192:192:192))
dq_dqs_input,True,0.0,192.0,192.0,INTERCONNECT:ddr3_top_inst.ddr3_phy_inst.genblk5[0].ISERDESE2_data.CE2,(INTERCONNECT \$PACKER_VCC_DRV.Y ddr3_top_inst\.ddr3_phy_inst\.genblk5\[0\]\.ISERDESE2_data.CE2 (192:192:192) (192:192:192)),(INTERCONNECT \$PACKER_VCC_DRV.Y ddr3_top_inst\.ddr3_phy_inst\.genblk5\[0\]\.ISERDESE2_data.CE2 (192:192:192) (192:192:192))
dq_dqs_input,True,0.0,307.0,307.0,INTERCONNECT:ddr3_top_inst.ddr3_phy_inst.genblk5[10].IDELAYE2_data.CE,(INTERCONNECT \$PACKER_GND_DRV.Y ddr3_top_inst\.ddr3_phy_inst\.genblk5\[10\]\.IDELAYE2_data.CE (307:307:307) (307:307:307)),(INTERCONNECT \$PACKER_GND_DRV.Y ddr3_top_inst\.ddr3_phy_inst\.genblk5\[10\]\.IDELAYE2_data.CE (307:307:307) (307:307:307))
dq_dqs_input,True,0.0,345.0,345.0,INTERCONNECT:ddr3_top_inst.ddr3_phy_inst.genblk5[10].IDELAYE2_data.CINVCTRL,(INTERCONNECT \$PACKER_GND_DRV.Y ddr3_top_inst\.ddr3_phy_inst\.genblk5\[10\]\.IDELAYE2_data.CINVCTRL (345:345:345) (345:345:345)),(INTERCONNECT \$PACKER_GND_DRV.Y ddr3_top_inst\.ddr3_phy_inst\.genblk5\[10\]\.IDELAYE2_data.CINVCTRL (345:345:345) (345:345:345))
dq_dqs_input,True,0.0,307.0,307.0,INTERCONNECT:ddr3_top_inst.ddr3_phy_inst.genblk5[10].IDELAYE2_data.INC,(INTERCONNECT \$PACKER_GND_DRV.Y ddr3_top_inst\.ddr3_phy_inst\.genblk5\[10\]\.IDELAYE2_data.INC (307:307:307) (307:307:307)),(INTERCONNECT \$PACKER_GND_DRV.Y ddr3_top_inst\.ddr3_phy_inst\.genblk5\[10\]\.IDELAYE2_data.INC (307:307:307) (307:307:307))
dq_dqs_input,True,0.0,307.0,307.0,INTERCONNECT:ddr3_top_inst.ddr3_phy_inst.genblk5[10].IDELAYE2_data.LDPIPEEN,(INTERCONNECT \$PACKER_GND_DRV.Y ddr3_top_inst\.ddr3_phy_inst\.genblk5\[10\]\.IDELAYE2_data.LDPIPEEN (307:307:307) (307:307:307)),(INTERCONNECT \$PACKER_GND_DRV.Y ddr3_top_inst\.ddr3_phy_inst\.genblk5\[10\]\.IDELAYE2_data.LDPIPEEN (307:307:307) (307:307:307))
dq_dqs_input,True,0.0,307.0,307.0,INTERCONNECT:ddr3_top_inst.ddr3_phy_inst.genblk5[10].IDELAYE2_data.REGRST,(INTERCONNECT \$PACKER_GND_DRV.Y ddr3_top_inst\.ddr3_phy_inst\.genblk5\[10\]\.IDELAYE2_data.REGRST (307:307:307) (307:307:307)),(INTERCONNECT \$PACKER_GND_DRV.Y ddr3_top_inst\.ddr3_phy_inst\.genblk5\[10\]\.IDELAYE2_data.REGRST (307:307:307) (307:307:307))
dq_dqs_input,True,0.0,192.0,192.0,INTERCONNECT:ddr3_top_inst.ddr3_phy_inst.genblk5[10].ISERDESE2_data.CE1,(INTERCONNECT \$PACKER_VCC_DRV.Y ddr3_top_inst\.ddr3_phy_inst\.genblk5\[10\]\.ISERDESE2_data.CE1 (192:192:192) (192:192:192)),(INTERCONNECT \$PACKER_VCC_DRV.Y ddr3_top_inst\.ddr3_phy_inst\.genblk5\[10\]\.ISERDESE2_data.CE1 (192:192:192) (192:192:192))
dq_dqs_input,True,0.0,192.0,192.0,INTERCONNECT:ddr3_top_inst.ddr3_phy_inst.genblk5[10].ISERDESE2_data.CE2,(INTERCONNECT \$PACKER_VCC_DRV.Y ddr3_top_inst\.ddr3_phy_inst\.genblk5\[10\]\.ISERDESE2_data.CE2 (192:192:192) (192:192:192)),(INTERCONNECT \$PACKER_VCC_DRV.Y ddr3_top_inst\.ddr3_phy_inst\.genblk5\[10\]\.ISERDESE2_data.CE2 (192:192:192) (192:192:192))
dq_dqs_input,True,0.0,307.0,307.0,INTERCONNECT:ddr3_top_inst.ddr3_phy_inst.genblk5[11].IDELAYE2_data.CE,(INTERCONNECT \$PACKER_GND_DRV.Y ddr3_top_inst\.ddr3_phy_inst\.genblk5\[11\]\.IDELAYE2_data.CE (307:307:307) (307:307:307)),(INTERCONNECT \$PACKER_GND_DRV.Y ddr3_top_inst\.ddr3_phy_inst\.genblk5\[11\]\.IDELAYE2_data.CE (307:307:307) (307:307:307))
dq_dqs_input,True,0.0,307.0,307.0,INTERCONNECT:ddr3_top_inst.ddr3_phy_inst.genblk5[11].IDELAYE2_data.INC,(INTERCONNECT \$PACKER_GND_DRV.Y ddr3_top_inst\.ddr3_phy_inst\.genblk5\[11\]\.IDELAYE2_data.INC (307:307:307) (307:307:307)),(INTERCONNECT \$PACKER_GND_DRV.Y ddr3_top_inst\.ddr3_phy_inst\.genblk5\[11\]\.IDELAYE2_data.INC (307:307:307) (307:307:307))
dq_dqs_input,True,0.0,307.0,307.0,INTERCONNECT:ddr3_top_inst.ddr3_phy_inst.genblk5[11].IDELAYE2_data.LDPIPEEN,(INTERCONNECT \$PACKER_GND_DRV.Y ddr3_top_inst\.ddr3_phy_inst\.genblk5\[11\]\.IDELAYE2_data.LDPIPEEN (307:307:307) (307:307:307)),(INTERCONNECT \$PACKER_GND_DRV.Y ddr3_top_inst\.ddr3_phy_inst\.genblk5\[11\]\.IDELAYE2_data.LDPIPEEN (307:307:307) (307:307:307))
dq_dqs_input,True,0.0,192.0,192.0,INTERCONNECT:ddr3_top_inst.ddr3_phy_inst.genblk5[11].ISERDESE2_data.CE1,(INTERCONNECT \$PACKER_VCC_DRV.Y ddr3_top_inst\.ddr3_phy_inst\.genblk5\[11\]\.ISERDESE2_data.CE1 (192:192:192) (192:192:192)),(INTERCONNECT \$PACKER_VCC_DRV.Y ddr3_top_inst\.ddr3_phy_inst\.genblk5\[11\]\.ISERDESE2_data.CE1 (192:192:192) (192:192:192))
dq_dqs_input,True,0.0,192.0,192.0,INTERCONNECT:ddr3_top_inst.ddr3_phy_inst.genblk5[11].ISERDESE2_data.CE2,(INTERCONNECT \$PACKER_VCC_DRV.Y ddr3_top_inst\.ddr3_phy_inst\.genblk5\[11\]\.ISERDESE2_data.CE2 (192:192:192) (192:192:192)),(INTERCONNECT \$PACKER_VCC_DRV.Y ddr3_top_inst\.ddr3_phy_inst\.genblk5\[11\]\.ISERDESE2_data.CE2 (192:192:192) (192:192:192))
dq_dqs_input,True,0.0,444.0,444.0,INTERCONNECT:ddr3_top_inst.ddr3_phy_inst.genblk5[12].IDELAYE2_data.CE,(INTERCONNECT \$PACKER_GND_DRV.Y ddr3_top_inst\.ddr3_phy_inst\.genblk5\[12\]\.IDELAYE2_data.CE (444:444:444) (444:444:444)),(INTERCONNECT \$PACKER_GND_DRV.Y ddr3_top_inst\.ddr3_phy_inst\.genblk5\[12\]\.IDELAYE2_data.CE (444:444:444) (444:444:444))
dq_dqs_input,True,0.0,444.0,444.0,INTERCONNECT:ddr3_top_inst.ddr3_phy_inst.genblk5[12].IDELAYE2_data.INC,(INTERCONNECT \$PACKER_GND_DRV.Y ddr3_top_inst\.ddr3_phy_inst\.genblk5\[12\]\.IDELAYE2_data.INC (444:444:444) (444:444:444)),(INTERCONNECT \$PACKER_GND_DRV.Y ddr3_top_inst\.ddr3_phy_inst\.genblk5\[12\]\.IDELAYE2_data.INC (444:444:444) (444:444:444))
dq_dqs_input,True,0.0,307.0,307.0,INTERCONNECT:ddr3_top_inst.ddr3_phy_inst.genblk5[12].IDELAYE2_data.LDPIPEEN,(INTERCONNECT \$PACKER_GND_DRV.Y ddr3_top_inst\.ddr3_phy_inst\.genblk5\[12\]\.IDELAYE2_data.LDPIPEEN (307:307:307) (307:307:307)),(INTERCONNECT \$PACKER_GND_DRV.Y ddr3_top_inst\.ddr3_phy_inst\.genblk5\[12\]\.IDELAYE2_data.LDPIPEEN (307:307:307) (307:307:307))
dq_dqs_input,True,0.0,192.0,192.0,INTERCONNECT:ddr3_top_inst.ddr3_phy_inst.genblk5[12].ISERDESE2_data.CE1,(INTERCONNECT \$PACKER_VCC_DRV.Y ddr3_top_inst\.ddr3_phy_inst\.genblk5\[12\]\.ISERDESE2_data.CE1 (192:192:192) (192:192:192)),(INTERCONNECT \$PACKER_VCC_DRV.Y ddr3_top_inst\.ddr3_phy_inst\.genblk5\[12\]\.ISERDESE2_data.CE1 (192:192:192) (192:192:192))
dq_dqs_input,True,0.0,192.0,192.0,INTERCONNECT:ddr3_top_inst.ddr3_phy_inst.genblk5[12].ISERDESE2_data.CE2,(INTERCONNECT \$PACKER_VCC_DRV.Y ddr3_top_inst\.ddr3_phy_inst\.genblk5\[12\]\.ISERDESE2_data.CE2 (192:192:192) (192:192:192)),(INTERCONNECT \$PACKER_VCC_DRV.Y ddr3_top_inst\.ddr3_phy_inst\.genblk5\[12\]\.ISERDESE2_data.CE2 (192:192:192) (192:192:192))
dq_dqs_input,True,0.0,345.0,345.0,INTERCONNECT:ddr3_top_inst.ddr3_phy_inst.genblk5[13].IDELAYE2_data.CINVCTRL,(INTERCONNECT \$PACKER_GND_DRV.Y ddr3_top_inst\.ddr3_phy_inst\.genblk5\[13\]\.IDELAYE2_data.CINVCTRL (345:345:345) (345:345:345)),(INTERCONNECT \$PACKER_GND_DRV.Y ddr3_top_inst\.ddr3_phy_inst\.genblk5\[13\]\.IDELAYE2_data.CINVCTRL (345:345:345) (345:345:345))
dq_dqs_input,True,0.0,307.0,307.0,INTERCONNECT:ddr3_top_inst.ddr3_phy_inst.genblk5[13].IDELAYE2_data.LDPIPEEN,(INTERCONNECT \$PACKER_GND_DRV.Y ddr3_top_inst\.ddr3_phy_inst\.genblk5\[13\]\.IDELAYE2_data.LDPIPEEN (307:307:307) (307:307:307)),(INTERCONNECT \$PACKER_GND_DRV.Y ddr3_top_inst\.ddr3_phy_inst\.genblk5\[13\]\.IDELAYE2_data.LDPIPEEN (307:307:307) (307:307:307))
dq_dqs_input,True,0.0,307.0,307.0,INTERCONNECT:ddr3_top_inst.ddr3_phy_inst.genblk5[13].IDELAYE2_data.REGRST,(INTERCONNECT \$PACKER_GND_DRV.Y ddr3_top_inst\.ddr3_phy_inst\.genblk5\[13\]\.IDELAYE2_data.REGRST (307:307:307) (307:307:307)),(INTERCONNECT \$PACKER_GND_DRV.Y ddr3_top_inst\.ddr3_phy_inst\.genblk5\[13\]\.IDELAYE2_data.REGRST (307:307:307) (307:307:307))
dq_dqs_input,True,0.0,192.0,192.0,INTERCONNECT:ddr3_top_inst.ddr3_phy_inst.genblk5[13].ISERDESE2_data.CE1,(INTERCONNECT \$PACKER_VCC_DRV.Y ddr3_top_inst\.ddr3_phy_inst\.genblk5\[13\]\.ISERDESE2_data.CE1 (192:192:192) (192:192:192)),(INTERCONNECT \$PACKER_VCC_DRV.Y ddr3_top_inst\.ddr3_phy_inst\.genblk5\[13\]\.ISERDESE2_data.CE1 (192:192:192) (192:192:192))
dq_dqs_input,True,0.0,192.0,192.0,INTERCONNECT:ddr3_top_inst.ddr3_phy_inst.genblk5[13].ISERDESE2_data.CE2,(INTERCONNECT \$PACKER_VCC_DRV.Y ddr3_top_inst\.ddr3_phy_inst\.genblk5\[13\]\.ISERDESE2_data.CE2 (192:192:192) (192:192:192)),(INTERCONNECT \$PACKER_VCC_DRV.Y ddr3_top_inst\.ddr3_phy_inst\.genblk5\[13\]\.ISERDESE2_data.CE2 (192:192:192) (192:192:192))
dq_dqs_input,True,0.0,345.0,345.0,INTERCONNECT:ddr3_top_inst.ddr3_phy_inst.genblk5[14].IDELAYE2_data.CINVCTRL,(INTERCONNECT \$PACKER_GND_DRV.Y ddr3_top_inst\.ddr3_phy_inst\.genblk5\[14\]\.IDELAYE2_data.CINVCTRL (345:345:345) (345:345:345)),(INTERCONNECT \$PACKER_GND_DRV.Y ddr3_top_inst\.ddr3_phy_inst\.genblk5\[14\]\.IDELAYE2_data.CINVCTRL (345:345:345) (345:345:345))
dq_dqs_input,True,0.0,307.0,307.0,INTERCONNECT:ddr3_top_inst.ddr3_phy_inst.genblk5[14].IDELAYE2_data.LDPIPEEN,(INTERCONNECT \$PACKER_GND_DRV.Y ddr3_top_inst\.ddr3_phy_inst\.genblk5\[14\]\.IDELAYE2_data.LDPIPEEN (307:307:307) (307:307:307)),(INTERCONNECT \$PACKER_GND_DRV.Y ddr3_top_inst\.ddr3_phy_inst\.genblk5\[14\]\.IDELAYE2_data.LDPIPEEN (307:307:307) (307:307:307))
dq_dqs_input,True,0.0,307.0,307.0,INTERCONNECT:ddr3_top_inst.ddr3_phy_inst.genblk5[14].IDELAYE2_data.REGRST,(INTERCONNECT \$PACKER_GND_DRV.Y ddr3_top_inst\.ddr3_phy_inst\.genblk5\[14\]\.IDELAYE2_data.REGRST (307:307:307) (307:307:307)),(INTERCONNECT \$PACKER_GND_DRV.Y ddr3_top_inst\.ddr3_phy_inst\.genblk5\[14\]\.IDELAYE2_data.REGRST (307:307:307) (307:307:307))
dq_dqs_input,True,0.0,192.0,192.0,INTERCONNECT:ddr3_top_inst.ddr3_phy_inst.genblk5[14].ISERDESE2_data.CE1,(INTERCONNECT \$PACKER_VCC_DRV.Y ddr3_top_inst\.ddr3_phy_inst\.genblk5\[14\]\.ISERDESE2_data.CE1 (192:192:192) (192:192:192)),(INTERCONNECT \$PACKER_VCC_DRV.Y ddr3_top_inst\.ddr3_phy_inst\.genblk5\[14\]\.ISERDESE2_data.CE1 (192:192:192) (192:192:192))
dq_dqs_input,True,0.0,192.0,192.0,INTERCONNECT:ddr3_top_inst.ddr3_phy_inst.genblk5[14].ISERDESE2_data.CE2,(INTERCONNECT \$PACKER_VCC_DRV.Y ddr3_top_inst\.ddr3_phy_inst\.genblk5\[14\]\.ISERDESE2_data.CE2 (192:192:192) (192:192:192)),(INTERCONNECT \$PACKER_VCC_DRV.Y ddr3_top_inst\.ddr3_phy_inst\.genblk5\[14\]\.ISERDESE2_data.CE2 (192:192:192) (192:192:192))
dq_dqs_input,True,0.0,307.0,307.0,INTERCONNECT:ddr3_top_inst.ddr3_phy_inst.genblk5[15].IDELAYE2_data.CE,(INTERCONNECT \$PACKER_GND_DRV.Y ddr3_top_inst\.ddr3_phy_inst\.genblk5\[15\]\.IDELAYE2_data.CE (307:307:307) (307:307:307)),(INTERCONNECT \$PACKER_GND_DRV.Y ddr3_top_inst\.ddr3_phy_inst\.genblk5\[15\]\.IDELAYE2_data.CE (307:307:307) (307:307:307))
dq_dqs_input,True,0.0,345.0,345.0,INTERCONNECT:ddr3_top_inst.ddr3_phy_inst.genblk5[15].IDELAYE2_data.CINVCTRL,(INTERCONNECT \$PACKER_GND_DRV.Y ddr3_top_inst\.ddr3_phy_inst\.genblk5\[15\]\.IDELAYE2_data.CINVCTRL (345:345:345) (345:345:345)),(INTERCONNECT \$PACKER_GND_DRV.Y ddr3_top_inst\.ddr3_phy_inst\.genblk5\[15\]\.IDELAYE2_data.CINVCTRL (345:345:345) (345:345:345))
dq_dqs_input,True,0.0,307.0,307.0,INTERCONNECT:ddr3_top_inst.ddr3_phy_inst.genblk5[15].IDELAYE2_data.INC,(INTERCONNECT \$PACKER_GND_DRV.Y ddr3_top_inst\.ddr3_phy_inst\.genblk5\[15\]\.IDELAYE2_data.INC (307:307:307) (307:307:307)),(INTERCONNECT \$PACKER_GND_DRV.Y ddr3_top_inst\.ddr3_phy_inst\.genblk5\[15\]\.IDELAYE2_data.INC (307:307:307) (307:307:307))
dq_dqs_input,True,0.0,307.0,307.0,INTERCONNECT:ddr3_top_inst.ddr3_phy_inst.genblk5[15].IDELAYE2_data.LDPIPEEN,(INTERCONNECT \$PACKER_GND_DRV.Y ddr3_top_inst\.ddr3_phy_inst\.genblk5\[15\]\.IDELAYE2_data.LDPIPEEN (307:307:307) (307:307:307)),(INTERCONNECT \$PACKER_GND_DRV.Y ddr3_top_inst\.ddr3_phy_inst\.genblk5\[15\]\.IDELAYE2_data.LDPIPEEN (307:307:307) (307:307:307))
dq_dqs_input,True,0.0,307.0,307.0,INTERCONNECT:ddr3_top_inst.ddr3_phy_inst.genblk5[15].IDELAYE2_data.REGRST,(INTERCONNECT \$PACKER_GND_DRV.Y ddr3_top_inst\.ddr3_phy_inst\.genblk5\[15\]\.IDELAYE2_data.REGRST (307:307:307) (307:307:307)),(INTERCONNECT \$PACKER_GND_DRV.Y ddr3_top_inst\.ddr3_phy_inst\.genblk5\[15\]\.IDELAYE2_data.REGRST (307:307:307) (307:307:307))
dq_dqs_input,True,0.0,192.0,192.0,INTERCONNECT:ddr3_top_inst.ddr3_phy_inst.genblk5[15].ISERDESE2_data.CE1,(INTERCONNECT \$PACKER_VCC_DRV.Y ddr3_top_inst\.ddr3_phy_inst\.genblk5\[15\]\.ISERDESE2_data.CE1 (192:192:192) (192:192:192)),(INTERCONNECT \$PACKER_VCC_DRV.Y ddr3_top_inst\.ddr3_phy_inst\.genblk5\[15\]\.ISERDESE2_data.CE1 (192:192:192) (192:192:192))
dq_dqs_input,True,0.0,192.0,192.0,INTERCONNECT:ddr3_top_inst.ddr3_phy_inst.genblk5[15].ISERDESE2_data.CE2,(INTERCONNECT \$PACKER_VCC_DRV.Y ddr3_top_inst\.ddr3_phy_inst\.genblk5\[15\]\.ISERDESE2_data.CE2 (192:192:192) (192:192:192)),(INTERCONNECT \$PACKER_VCC_DRV.Y ddr3_top_inst\.ddr3_phy_inst\.genblk5\[15\]\.ISERDESE2_data.CE2 (192:192:192) (192:192:192))
dq_dqs_input,True,0.0,444.0,444.0,INTERCONNECT:ddr3_top_inst.ddr3_phy_inst.genblk5[1].IDELAYE2_data.CE,(INTERCONNECT \$PACKER_GND_DRV.Y ddr3_top_inst\.ddr3_phy_inst\.genblk5\[1\]\.IDELAYE2_data.CE (444:444:444) (444:444:444)),(INTERCONNECT \$PACKER_GND_DRV.Y ddr3_top_inst\.ddr3_phy_inst\.genblk5\[1\]\.IDELAYE2_data.CE (444:444:444) (444:444:444))
dq_dqs_input,True,0.0,345.0,345.0,INTERCONNECT:ddr3_top_inst.ddr3_phy_inst.genblk5[1].IDELAYE2_data.CINVCTRL,(INTERCONNECT \$PACKER_GND_DRV.Y ddr3_top_inst\.ddr3_phy_inst\.genblk5\[1\]\.IDELAYE2_data.CINVCTRL (345:345:345) (345:345:345)),(INTERCONNECT \$PACKER_GND_DRV.Y ddr3_top_inst\.ddr3_phy_inst\.genblk5\[1\]\.IDELAYE2_data.CINVCTRL (345:345:345) (345:345:345))
dq_dqs_input,True,0.0,444.0,444.0,INTERCONNECT:ddr3_top_inst.ddr3_phy_inst.genblk5[1].IDELAYE2_data.INC,(INTERCONNECT \$PACKER_GND_DRV.Y ddr3_top_inst\.ddr3_phy_inst\.genblk5\[1\]\.IDELAYE2_data.INC (444:444:444) (444:444:444)),(INTERCONNECT \$PACKER_GND_DRV.Y ddr3_top_inst\.ddr3_phy_inst\.genblk5\[1\]\.IDELAYE2_data.INC (444:444:444) (444:444:444))
dq_dqs_input,True,0.0,307.0,307.0,INTERCONNECT:ddr3_top_inst.ddr3_phy_inst.genblk5[1].IDELAYE2_data.LDPIPEEN,(INTERCONNECT \$PACKER_GND_DRV.Y ddr3_top_inst\.ddr3_phy_inst\.genblk5\[1\]\.IDELAYE2_data.LDPIPEEN (307:307:307) (307:307:307)),(INTERCONNECT \$PACKER_GND_DRV.Y ddr3_top_inst\.ddr3_phy_inst\.genblk5\[1\]\.IDELAYE2_data.LDPIPEEN (307:307:307) (307:307:307))
dq_dqs_input,True,0.0,307.0,307.0,INTERCONNECT:ddr3_top_inst.ddr3_phy_inst.genblk5[1].IDELAYE2_data.REGRST,(INTERCONNECT \$PACKER_GND_DRV.Y ddr3_top_inst\.ddr3_phy_inst\.genblk5\[1\]\.IDELAYE2_data.REGRST (307:307:307) (307:307:307)),(INTERCONNECT \$PACKER_GND_DRV.Y ddr3_top_inst\.ddr3_phy_inst\.genblk5\[1\]\.IDELAYE2_data.REGRST (307:307:307) (307:307:307))
dq_dqs_input,True,0.0,192.0,192.0,INTERCONNECT:ddr3_top_inst.ddr3_phy_inst.genblk5[1].ISERDESE2_data.CE1,(INTERCONNECT \$PACKER_VCC_DRV.Y ddr3_top_inst\.ddr3_phy_inst\.genblk5\[1\]\.ISERDESE2_data.CE1 (192:192:192) (192:192:192)),(INTERCONNECT \$PACKER_VCC_DRV.Y ddr3_top_inst\.ddr3_phy_inst\.genblk5\[1\]\.ISERDESE2_data.CE1 (192:192:192) (192:192:192))
dq_dqs_input,True,0.0,192.0,192.0,INTERCONNECT:ddr3_top_inst.ddr3_phy_inst.genblk5[1].ISERDESE2_data.CE2,(INTERCONNECT \$PACKER_VCC_DRV.Y ddr3_top_inst\.ddr3_phy_inst\.genblk5\[1\]\.ISERDESE2_data.CE2 (192:192:192) (192:192:192)),(INTERCONNECT \$PACKER_VCC_DRV.Y ddr3_top_inst\.ddr3_phy_inst\.genblk5\[1\]\.ISERDESE2_data.CE2 (192:192:192) (192:192:192))
dq_dqs_input,True,0.0,307.0,307.0,INTERCONNECT:ddr3_top_inst.ddr3_phy_inst.genblk5[2].IDELAYE2_data.CE,(INTERCONNECT \$PACKER_GND_DRV.Y ddr3_top_inst\.ddr3_phy_inst\.genblk5\[2\]\.IDELAYE2_data.CE (307:307:307) (307:307:307)),(INTERCONNECT \$PACKER_GND_DRV.Y ddr3_top_inst\.ddr3_phy_inst\.genblk5\[2\]\.IDELAYE2_data.CE (307:307:307) (307:307:307))
dq_dqs_input,True,0.0,345.0,345.0,INTERCONNECT:ddr3_top_inst.ddr3_phy_inst.genblk5[2].IDELAYE2_data.CINVCTRL,(INTERCONNECT \$PACKER_GND_DRV.Y ddr3_top_inst\.ddr3_phy_inst\.genblk5\[2\]\.IDELAYE2_data.CINVCTRL (345:345:345) (345:345:345)),(INTERCONNECT \$PACKER_GND_DRV.Y ddr3_top_inst\.ddr3_phy_inst\.genblk5\[2\]\.IDELAYE2_data.CINVCTRL (345:345:345) (345:345:345))
dq_dqs_input,True,0.0,307.0,307.0,INTERCONNECT:ddr3_top_inst.ddr3_phy_inst.genblk5[2].IDELAYE2_data.INC,(INTERCONNECT \$PACKER_GND_DRV.Y ddr3_top_inst\.ddr3_phy_inst\.genblk5\[2\]\.IDELAYE2_data.INC (307:307:307) (307:307:307)),(INTERCONNECT \$PACKER_GND_DRV.Y ddr3_top_inst\.ddr3_phy_inst\.genblk5\[2\]\.IDELAYE2_data.INC (307:307:307) (307:307:307))
dq_dqs_input,True,0.0,307.0,307.0,INTERCONNECT:ddr3_top_inst.ddr3_phy_inst.genblk5[2].IDELAYE2_data.LDPIPEEN,(INTERCONNECT \$PACKER_GND_DRV.Y ddr3_top_inst\.ddr3_phy_inst\.genblk5\[2\]\.IDELAYE2_data.LDPIPEEN (307:307:307) (307:307:307)),(INTERCONNECT \$PACKER_GND_DRV.Y ddr3_top_inst\.ddr3_phy_inst\.genblk5\[2\]\.IDELAYE2_data.LDPIPEEN (307:307:307) (307:307:307))
dq_dqs_input,True,0.0,307.0,307.0,INTERCONNECT:ddr3_top_inst.ddr3_phy_inst.genblk5[2].IDELAYE2_data.REGRST,(INTERCONNECT \$PACKER_GND_DRV.Y ddr3_top_inst\.ddr3_phy_inst\.genblk5\[2\]\.IDELAYE2_data.REGRST (307:307:307) (307:307:307)),(INTERCONNECT \$PACKER_GND_DRV.Y ddr3_top_inst\.ddr3_phy_inst\.genblk5\[2\]\.IDELAYE2_data.REGRST (307:307:307) (307:307:307))
dq_dqs_input,True,0.0,192.0,192.0,INTERCONNECT:ddr3_top_inst.ddr3_phy_inst.genblk5[2].ISERDESE2_data.CE1,(INTERCONNECT \$PACKER_VCC_DRV.Y ddr3_top_inst\.ddr3_phy_inst\.genblk5\[2\]\.ISERDESE2_data.CE1 (192:192:192) (192:192:192)),(INTERCONNECT \$PACKER_VCC_DRV.Y ddr3_top_inst\.ddr3_phy_inst\.genblk5\[2\]\.ISERDESE2_data.CE1 (192:192:192) (192:192:192))
dq_dqs_input,True,0.0,192.0,192.0,INTERCONNECT:ddr3_top_inst.ddr3_phy_inst.genblk5[2].ISERDESE2_data.CE2,(INTERCONNECT \$PACKER_VCC_DRV.Y ddr3_top_inst\.ddr3_phy_inst\.genblk5\[2\]\.ISERDESE2_data.CE2 (192:192:192) (192:192:192)),(INTERCONNECT \$PACKER_VCC_DRV.Y ddr3_top_inst\.ddr3_phy_inst\.genblk5\[2\]\.ISERDESE2_data.CE2 (192:192:192) (192:192:192))
dq_dqs_input,True,0.0,307.0,307.0,INTERCONNECT:ddr3_top_inst.ddr3_phy_inst.genblk5[3].IDELAYE2_data.CE,(INTERCONNECT \$PACKER_GND_DRV.Y ddr3_top_inst\.ddr3_phy_inst\.genblk5\[3\]\.IDELAYE2_data.CE (307:307:307) (307:307:307)),(INTERCONNECT \$PACKER_GND_DRV.Y ddr3_top_inst\.ddr3_phy_inst\.genblk5\[3\]\.IDELAYE2_data.CE (307:307:307) (307:307:307))
dq_dqs_input,True,0.0,345.0,345.0,INTERCONNECT:ddr3_top_inst.ddr3_phy_inst.genblk5[3].IDELAYE2_data.CINVCTRL,(INTERCONNECT \$PACKER_GND_DRV.Y ddr3_top_inst\.ddr3_phy_inst\.genblk5\[3\]\.IDELAYE2_data.CINVCTRL (345:345:345) (345:345:345)),(INTERCONNECT \$PACKER_GND_DRV.Y ddr3_top_inst\.ddr3_phy_inst\.genblk5\[3\]\.IDELAYE2_data.CINVCTRL (345:345:345) (345:345:345))
dq_dqs_input,True,0.0,307.0,307.0,INTERCONNECT:ddr3_top_inst.ddr3_phy_inst.genblk5[3].IDELAYE2_data.INC,(INTERCONNECT \$PACKER_GND_DRV.Y ddr3_top_inst\.ddr3_phy_inst\.genblk5\[3\]\.IDELAYE2_data.INC (307:307:307) (307:307:307)),(INTERCONNECT \$PACKER_GND_DRV.Y ddr3_top_inst\.ddr3_phy_inst\.genblk5\[3\]\.IDELAYE2_data.INC (307:307:307) (307:307:307))
dq_dqs_input,True,0.0,307.0,307.0,INTERCONNECT:ddr3_top_inst.ddr3_phy_inst.genblk5[3].IDELAYE2_data.LDPIPEEN,(INTERCONNECT \$PACKER_GND_DRV.Y ddr3_top_inst\.ddr3_phy_inst\.genblk5\[3\]\.IDELAYE2_data.LDPIPEEN (307:307:307) (307:307:307)),(INTERCONNECT \$PACKER_GND_DRV.Y ddr3_top_inst\.ddr3_phy_inst\.genblk5\[3\]\.IDELAYE2_data.LDPIPEEN (307:307:307) (307:307:307))
dq_dqs_input,True,0.0,307.0,307.0,INTERCONNECT:ddr3_top_inst.ddr3_phy_inst.genblk5[3].IDELAYE2_data.REGRST,(INTERCONNECT \$PACKER_GND_DRV.Y ddr3_top_inst\.ddr3_phy_inst\.genblk5\[3\]\.IDELAYE2_data.REGRST (307:307:307) (307:307:307)),(INTERCONNECT \$PACKER_GND_DRV.Y ddr3_top_inst\.ddr3_phy_inst\.genblk5\[3\]\.IDELAYE2_data.REGRST (307:307:307) (307:307:307))
dq_dqs_input,True,0.0,192.0,192.0,INTERCONNECT:ddr3_top_inst.ddr3_phy_inst.genblk5[3].ISERDESE2_data.CE1,(INTERCONNECT \$PACKER_VCC_DRV.Y ddr3_top_inst\.ddr3_phy_inst\.genblk5\[3\]\.ISERDESE2_data.CE1 (192:192:192) (192:192:192)),(INTERCONNECT \$PACKER_VCC_DRV.Y ddr3_top_inst\.ddr3_phy_inst\.genblk5\[3\]\.ISERDESE2_data.CE1 (192:192:192) (192:192:192))
dq_dqs_input,True,0.0,192.0,192.0,INTERCONNECT:ddr3_top_inst.ddr3_phy_inst.genblk5[3].ISERDESE2_data.CE2,(INTERCONNECT \$PACKER_VCC_DRV.Y ddr3_top_inst\.ddr3_phy_inst\.genblk5\[3\]\.ISERDESE2_data.CE2 (192:192:192) (192:192:192)),(INTERCONNECT \$PACKER_VCC_DRV.Y ddr3_top_inst\.ddr3_phy_inst\.genblk5\[3\]\.ISERDESE2_data.CE2 (192:192:192) (192:192:192))
dq_dqs_input,True,0.0,444.0,444.0,INTERCONNECT:ddr3_top_inst.ddr3_phy_inst.genblk5[4].IDELAYE2_data.CE,(INTERCONNECT \$PACKER_GND_DRV.Y ddr3_top_inst\.ddr3_phy_inst\.genblk5\[4\]\.IDELAYE2_data.CE (444:444:444) (444:444:444)),(INTERCONNECT \$PACKER_GND_DRV.Y ddr3_top_inst\.ddr3_phy_inst\.genblk5\[4\]\.IDELAYE2_data.CE (444:444:444) (444:444:444))
dq_dqs_input,True,0.0,345.0,345.0,INTERCONNECT:ddr3_top_inst.ddr3_phy_inst.genblk5[4].IDELAYE2_data.CINVCTRL,(INTERCONNECT \$PACKER_GND_DRV.Y ddr3_top_inst\.ddr3_phy_inst\.genblk5\[4\]\.IDELAYE2_data.CINVCTRL (345:345:345) (345:345:345)),(INTERCONNECT \$PACKER_GND_DRV.Y ddr3_top_inst\.ddr3_phy_inst\.genblk5\[4\]\.IDELAYE2_data.CINVCTRL (345:345:345) (345:345:345))
dq_dqs_input,True,0.0,444.0,444.0,INTERCONNECT:ddr3_top_inst.ddr3_phy_inst.genblk5[4].IDELAYE2_data.INC,(INTERCONNECT \$PACKER_GND_DRV.Y ddr3_top_inst\.ddr3_phy_inst\.genblk5\[4\]\.IDELAYE2_data.INC (444:444:444) (444:444:444)),(INTERCONNECT \$PACKER_GND_DRV.Y ddr3_top_inst\.ddr3_phy_inst\.genblk5\[4\]\.IDELAYE2_data.INC (444:444:444) (444:444:444))
dq_dqs_input,True,0.0,307.0,307.0,INTERCONNECT:ddr3_top_inst.ddr3_phy_inst.genblk5[4].IDELAYE2_data.LDPIPEEN,(INTERCONNECT \$PACKER_GND_DRV.Y ddr3_top_inst\.ddr3_phy_inst\.genblk5\[4\]\.IDELAYE2_data.LDPIPEEN (307:307:307) (307:307:307)),(INTERCONNECT \$PACKER_GND_DRV.Y ddr3_top_inst\.ddr3_phy_inst\.genblk5\[4\]\.IDELAYE2_data.LDPIPEEN (307:307:307) (307:307:307))
dq_dqs_input,True,0.0,307.0,307.0,INTERCONNECT:ddr3_top_inst.ddr3_phy_inst.genblk5[4].IDELAYE2_data.REGRST,(INTERCONNECT \$PACKER_GND_DRV.Y ddr3_top_inst\.ddr3_phy_inst\.genblk5\[4\]\.IDELAYE2_data.REGRST (307:307:307) (307:307:307)),(INTERCONNECT \$PACKER_GND_DRV.Y ddr3_top_inst\.ddr3_phy_inst\.genblk5\[4\]\.IDELAYE2_data.REGRST (307:307:307) (307:307:307))
dq_dqs_input,True,0.0,192.0,192.0,INTERCONNECT:ddr3_top_inst.ddr3_phy_inst.genblk5[4].ISERDESE2_data.CE1,(INTERCONNECT \$PACKER_VCC_DRV.Y ddr3_top_inst\.ddr3_phy_inst\.genblk5\[4\]\.ISERDESE2_data.CE1 (192:192:192) (192:192:192)),(INTERCONNECT \$PACKER_VCC_DRV.Y ddr3_top_inst\.ddr3_phy_inst\.genblk5\[4\]\.ISERDESE2_data.CE1 (192:192:192) (192:192:192))
dq_dqs_input,True,0.0,192.0,192.0,INTERCONNECT:ddr3_top_inst.ddr3_phy_inst.genblk5[4].ISERDESE2_data.CE2,(INTERCONNECT \$PACKER_VCC_DRV.Y ddr3_top_inst\.ddr3_phy_inst\.genblk5\[4\]\.ISERDESE2_data.CE2 (192:192:192) (192:192:192)),(INTERCONNECT \$PACKER_VCC_DRV.Y ddr3_top_inst\.ddr3_phy_inst\.genblk5\[4\]\.ISERDESE2_data.CE2 (192:192:192) (192:192:192))
dq_dqs_input,True,0.0,444.0,444.0,INTERCONNECT:ddr3_top_inst.ddr3_phy_inst.genblk5[5].IDELAYE2_data.CE,(INTERCONNECT \$PACKER_GND_DRV.Y ddr3_top_inst\.ddr3_phy_inst\.genblk5\[5\]\.IDELAYE2_data.CE (444:444:444) (444:444:444)),(INTERCONNECT \$PACKER_GND_DRV.Y ddr3_top_inst\.ddr3_phy_inst\.genblk5\[5\]\.IDELAYE2_data.CE (444:444:444) (444:444:444))
dq_dqs_input,True,0.0,345.0,345.0,INTERCONNECT:ddr3_top_inst.ddr3_phy_inst.genblk5[5].IDELAYE2_data.CINVCTRL,(INTERCONNECT \$PACKER_GND_DRV.Y ddr3_top_inst\.ddr3_phy_inst\.genblk5\[5\]\.IDELAYE2_data.CINVCTRL (345:345:345) (345:345:345)),(INTERCONNECT \$PACKER_GND_DRV.Y ddr3_top_inst\.ddr3_phy_inst\.genblk5\[5\]\.IDELAYE2_data.CINVCTRL (345:345:345) (345:345:345))
dq_dqs_input,True,0.0,444.0,444.0,INTERCONNECT:ddr3_top_inst.ddr3_phy_inst.genblk5[5].IDELAYE2_data.INC,(INTERCONNECT \$PACKER_GND_DRV.Y ddr3_top_inst\.ddr3_phy_inst\.genblk5\[5\]\.IDELAYE2_data.INC (444:444:444) (444:444:444)),(INTERCONNECT \$PACKER_GND_DRV.Y ddr3_top_inst\.ddr3_phy_inst\.genblk5\[5\]\.IDELAYE2_data.INC (444:444:444) (444:444:444))
dq_dqs_input,True,0.0,307.0,307.0,INTERCONNECT:ddr3_top_inst.ddr3_phy_inst.genblk5[5].IDELAYE2_data.LDPIPEEN,(INTERCONNECT \$PACKER_GND_DRV.Y ddr3_top_inst\.ddr3_phy_inst\.genblk5\[5\]\.IDELAYE2_data.LDPIPEEN (307:307:307) (307:307:307)),(INTERCONNECT \$PACKER_GND_DRV.Y ddr3_top_inst\.ddr3_phy_inst\.genblk5\[5\]\.IDELAYE2_data.LDPIPEEN (307:307:307) (307:307:307))
dq_dqs_input,True,0.0,307.0,307.0,INTERCONNECT:ddr3_top_inst.ddr3_phy_inst.genblk5[5].IDELAYE2_data.REGRST,(INTERCONNECT \$PACKER_GND_DRV.Y ddr3_top_inst\.ddr3_phy_inst\.genblk5\[5\]\.IDELAYE2_data.REGRST (307:307:307) (307:307:307)),(INTERCONNECT \$PACKER_GND_DRV.Y ddr3_top_inst\.ddr3_phy_inst\.genblk5\[5\]\.IDELAYE2_data.REGRST (307:307:307) (307:307:307))
dq_dqs_input,True,0.0,192.0,192.0,INTERCONNECT:ddr3_top_inst.ddr3_phy_inst.genblk5[5].ISERDESE2_data.CE1,(INTERCONNECT \$PACKER_VCC_DRV.Y ddr3_top_inst\.ddr3_phy_inst\.genblk5\[5\]\.ISERDESE2_data.CE1 (192:192:192) (192:192:192)),(INTERCONNECT \$PACKER_VCC_DRV.Y ddr3_top_inst\.ddr3_phy_inst\.genblk5\[5\]\.ISERDESE2_data.CE1 (192:192:192) (192:192:192))
dq_dqs_input,True,0.0,192.0,192.0,INTERCONNECT:ddr3_top_inst.ddr3_phy_inst.genblk5[5].ISERDESE2_data.CE2,(INTERCONNECT \$PACKER_VCC_DRV.Y ddr3_top_inst\.ddr3_phy_inst\.genblk5\[5\]\.ISERDESE2_data.CE2 (192:192:192) (192:192:192)),(INTERCONNECT \$PACKER_VCC_DRV.Y ddr3_top_inst\.ddr3_phy_inst\.genblk5\[5\]\.ISERDESE2_data.CE2 (192:192:192) (192:192:192))
dq_dqs_input,True,0.0,307.0,307.0,INTERCONNECT:ddr3_top_inst.ddr3_phy_inst.genblk5[6].IDELAYE2_data.CE,(INTERCONNECT \$PACKER_GND_DRV.Y ddr3_top_inst\.ddr3_phy_inst\.genblk5\[6\]\.IDELAYE2_data.CE (307:307:307) (307:307:307)),(INTERCONNECT \$PACKER_GND_DRV.Y ddr3_top_inst\.ddr3_phy_inst\.genblk5\[6\]\.IDELAYE2_data.CE (307:307:307) (307:307:307))
dq_dqs_input,True,0.0,345.0,345.0,INTERCONNECT:ddr3_top_inst.ddr3_phy_inst.genblk5[6].IDELAYE2_data.CINVCTRL,(INTERCONNECT \$PACKER_GND_DRV.Y ddr3_top_inst\.ddr3_phy_inst\.genblk5\[6\]\.IDELAYE2_data.CINVCTRL (345:345:345) (345:345:345)),(INTERCONNECT \$PACKER_GND_DRV.Y ddr3_top_inst\.ddr3_phy_inst\.genblk5\[6\]\.IDELAYE2_data.CINVCTRL (345:345:345) (345:345:345))
dq_dqs_input,True,0.0,307.0,307.0,INTERCONNECT:ddr3_top_inst.ddr3_phy_inst.genblk5[6].IDELAYE2_data.INC,(INTERCONNECT \$PACKER_GND_DRV.Y ddr3_top_inst\.ddr3_phy_inst\.genblk5\[6\]\.IDELAYE2_data.INC (307:307:307) (307:307:307)),(INTERCONNECT \$PACKER_GND_DRV.Y ddr3_top_inst\.ddr3_phy_inst\.genblk5\[6\]\.IDELAYE2_data.INC (307:307:307) (307:307:307))
dq_dqs_input,True,0.0,307.0,307.0,INTERCONNECT:ddr3_top_inst.ddr3_phy_inst.genblk5[6].IDELAYE2_data.LDPIPEEN,(INTERCONNECT \$PACKER_GND_DRV.Y ddr3_top_inst\.ddr3_phy_inst\.genblk5\[6\]\.IDELAYE2_data.LDPIPEEN (307:307:307) (307:307:307)),(INTERCONNECT \$PACKER_GND_DRV.Y ddr3_top_inst\.ddr3_phy_inst\.genblk5\[6\]\.IDELAYE2_data.LDPIPEEN (307:307:307) (307:307:307))
dq_dqs_input,True,0.0,307.0,307.0,INTERCONNECT:ddr3_top_inst.ddr3_phy_inst.genblk5[6].IDELAYE2_data.REGRST,(INTERCONNECT \$PACKER_GND_DRV.Y ddr3_top_inst\.ddr3_phy_inst\.genblk5\[6\]\.IDELAYE2_data.REGRST (307:307:307) (307:307:307)),(INTERCONNECT \$PACKER_GND_DRV.Y ddr3_top_inst\.ddr3_phy_inst\.genblk5\[6\]\.IDELAYE2_data.REGRST (307:307:307) (307:307:307))
dq_dqs_input,True,0.0,192.0,192.0,INTERCONNECT:ddr3_top_inst.ddr3_phy_inst.genblk5[6].ISERDESE2_data.CE1,(INTERCONNECT \$PACKER_VCC_DRV.Y ddr3_top_inst\.ddr3_phy_inst\.genblk5\[6\]\.ISERDESE2_data.CE1 (192:192:192) (192:192:192)),(INTERCONNECT \$PACKER_VCC_DRV.Y ddr3_top_inst\.ddr3_phy_inst\.genblk5\[6\]\.ISERDESE2_data.CE1 (192:192:192) (192:192:192))
dq_dqs_input,True,0.0,192.0,192.0,INTERCONNECT:ddr3_top_inst.ddr3_phy_inst.genblk5[6].ISERDESE2_data.CE2,(INTERCONNECT \$PACKER_VCC_DRV.Y ddr3_top_inst\.ddr3_phy_inst\.genblk5\[6\]\.ISERDESE2_data.CE2 (192:192:192) (192:192:192)),(INTERCONNECT \$PACKER_VCC_DRV.Y ddr3_top_inst\.ddr3_phy_inst\.genblk5\[6\]\.ISERDESE2_data.CE2 (192:192:192) (192:192:192))
dq_dqs_input,True,0.0,444.0,444.0,INTERCONNECT:ddr3_top_inst.ddr3_phy_inst.genblk5[7].IDELAYE2_data.CE,(INTERCONNECT \$PACKER_GND_DRV.Y ddr3_top_inst\.ddr3_phy_inst\.genblk5\[7\]\.IDELAYE2_data.CE (444:444:444) (444:444:444)),(INTERCONNECT \$PACKER_GND_DRV.Y ddr3_top_inst\.ddr3_phy_inst\.genblk5\[7\]\.IDELAYE2_data.CE (444:444:444) (444:444:444))
dq_dqs_input,True,0.0,345.0,345.0,INTERCONNECT:ddr3_top_inst.ddr3_phy_inst.genblk5[7].IDELAYE2_data.CINVCTRL,(INTERCONNECT \$PACKER_GND_DRV.Y ddr3_top_inst\.ddr3_phy_inst\.genblk5\[7\]\.IDELAYE2_data.CINVCTRL (345:345:345) (345:345:345)),(INTERCONNECT \$PACKER_GND_DRV.Y ddr3_top_inst\.ddr3_phy_inst\.genblk5\[7\]\.IDELAYE2_data.CINVCTRL (345:345:345) (345:345:345))
dq_dqs_input,True,0.0,444.0,444.0,INTERCONNECT:ddr3_top_inst.ddr3_phy_inst.genblk5[7].IDELAYE2_data.INC,(INTERCONNECT \$PACKER_GND_DRV.Y ddr3_top_inst\.ddr3_phy_inst\.genblk5\[7\]\.IDELAYE2_data.INC (444:444:444) (444:444:444)),(INTERCONNECT \$PACKER_GND_DRV.Y ddr3_top_inst\.ddr3_phy_inst\.genblk5\[7\]\.IDELAYE2_data.INC (444:444:444) (444:444:444))
dq_dqs_input,True,0.0,307.0,307.0,INTERCONNECT:ddr3_top_inst.ddr3_phy_inst.genblk5[7].IDELAYE2_data.LDPIPEEN,(INTERCONNECT \$PACKER_GND_DRV.Y ddr3_top_inst\.ddr3_phy_inst\.genblk5\[7\]\.IDELAYE2_data.LDPIPEEN (307:307:307) (307:307:307)),(INTERCONNECT \$PACKER_GND_DRV.Y ddr3_top_inst\.ddr3_phy_inst\.genblk5\[7\]\.IDELAYE2_data.LDPIPEEN (307:307:307) (307:307:307))
dq_dqs_input,True,0.0,307.0,307.0,INTERCONNECT:ddr3_top_inst.ddr3_phy_inst.genblk5[7].IDELAYE2_data.REGRST,(INTERCONNECT \$PACKER_GND_DRV.Y ddr3_top_inst\.ddr3_phy_inst\.genblk5\[7\]\.IDELAYE2_data.REGRST (307:307:307) (307:307:307)),(INTERCONNECT \$PACKER_GND_DRV.Y ddr3_top_inst\.ddr3_phy_inst\.genblk5\[7\]\.IDELAYE2_data.REGRST (307:307:307) (307:307:307))
dq_dqs_input,True,0.0,192.0,192.0,INTERCONNECT:ddr3_top_inst.ddr3_phy_inst.genblk5[7].ISERDESE2_data.CE1,(INTERCONNECT \$PACKER_VCC_DRV.Y ddr3_top_inst\.ddr3_phy_inst\.genblk5\[7\]\.ISERDESE2_data.CE1 (192:192:192) (192:192:192)),(INTERCONNECT \$PACKER_VCC_DRV.Y ddr3_top_inst\.ddr3_phy_inst\.genblk5\[7\]\.ISERDESE2_data.CE1 (192:192:192) (192:192:192))
dq_dqs_input,True,0.0,192.0,192.0,INTERCONNECT:ddr3_top_inst.ddr3_phy_inst.genblk5[7].ISERDESE2_data.CE2,(INTERCONNECT \$PACKER_VCC_DRV.Y ddr3_top_inst\.ddr3_phy_inst\.genblk5\[7\]\.ISERDESE2_data.CE2 (192:192:192) (192:192:192)),(INTERCONNECT \$PACKER_VCC_DRV.Y ddr3_top_inst\.ddr3_phy_inst\.genblk5\[7\]\.ISERDESE2_data.CE2 (192:192:192) (192:192:192))
dq_dqs_input,True,0.0,444.0,444.0,INTERCONNECT:ddr3_top_inst.ddr3_phy_inst.genblk5[8].IDELAYE2_data.CE,(INTERCONNECT \$PACKER_GND_DRV.Y ddr3_top_inst\.ddr3_phy_inst\.genblk5\[8\]\.IDELAYE2_data.CE (444:444:444) (444:444:444)),(INTERCONNECT \$PACKER_GND_DRV.Y ddr3_top_inst\.ddr3_phy_inst\.genblk5\[8\]\.IDELAYE2_data.CE (444:444:444) (444:444:444))
dq_dqs_input,True,0.0,345.0,345.0,INTERCONNECT:ddr3_top_inst.ddr3_phy_inst.genblk5[8].IDELAYE2_data.CINVCTRL,(INTERCONNECT \$PACKER_GND_DRV.Y ddr3_top_inst\.ddr3_phy_inst\.genblk5\[8\]\.IDELAYE2_data.CINVCTRL (345:345:345) (345:345:345)),(INTERCONNECT \$PACKER_GND_DRV.Y ddr3_top_inst\.ddr3_phy_inst\.genblk5\[8\]\.IDELAYE2_data.CINVCTRL (345:345:345) (345:345:345))
dq_dqs_input,True,0.0,444.0,444.0,INTERCONNECT:ddr3_top_inst.ddr3_phy_inst.genblk5[8].IDELAYE2_data.INC,(INTERCONNECT \$PACKER_GND_DRV.Y ddr3_top_inst\.ddr3_phy_inst\.genblk5\[8\]\.IDELAYE2_data.INC (444:444:444) (444:444:444)),(INTERCONNECT \$PACKER_GND_DRV.Y ddr3_top_inst\.ddr3_phy_inst\.genblk5\[8\]\.IDELAYE2_data.INC (444:444:444) (444:444:444))
dq_dqs_input,True,0.0,307.0,307.0,INTERCONNECT:ddr3_top_inst.ddr3_phy_inst.genblk5[8].IDELAYE2_data.LDPIPEEN,(INTERCONNECT \$PACKER_GND_DRV.Y ddr3_top_inst\.ddr3_phy_inst\.genblk5\[8\]\.IDELAYE2_data.LDPIPEEN (307:307:307) (307:307:307)),(INTERCONNECT \$PACKER_GND_DRV.Y ddr3_top_inst\.ddr3_phy_inst\.genblk5\[8\]\.IDELAYE2_data.LDPIPEEN (307:307:307) (307:307:307))
dq_dqs_input,True,0.0,307.0,307.0,INTERCONNECT:ddr3_top_inst.ddr3_phy_inst.genblk5[8].IDELAYE2_data.REGRST,(INTERCONNECT \$PACKER_GND_DRV.Y ddr3_top_inst\.ddr3_phy_inst\.genblk5\[8\]\.IDELAYE2_data.REGRST (307:307:307) (307:307:307)),(INTERCONNECT \$PACKER_GND_DRV.Y ddr3_top_inst\.ddr3_phy_inst\.genblk5\[8\]\.IDELAYE2_data.REGRST (307:307:307) (307:307:307))
dq_dqs_input,True,0.0,192.0,192.0,INTERCONNECT:ddr3_top_inst.ddr3_phy_inst.genblk5[8].ISERDESE2_data.CE1,(INTERCONNECT \$PACKER_VCC_DRV.Y ddr3_top_inst\.ddr3_phy_inst\.genblk5\[8\]\.ISERDESE2_data.CE1 (192:192:192) (192:192:192)),(INTERCONNECT \$PACKER_VCC_DRV.Y ddr3_top_inst\.ddr3_phy_inst\.genblk5\[8\]\.ISERDESE2_data.CE1 (192:192:192) (192:192:192))
dq_dqs_input,True,0.0,192.0,192.0,INTERCONNECT:ddr3_top_inst.ddr3_phy_inst.genblk5[8].ISERDESE2_data.CE2,(INTERCONNECT \$PACKER_VCC_DRV.Y ddr3_top_inst\.ddr3_phy_inst\.genblk5\[8\]\.ISERDESE2_data.CE2 (192:192:192) (192:192:192)),(INTERCONNECT \$PACKER_VCC_DRV.Y ddr3_top_inst\.ddr3_phy_inst\.genblk5\[8\]\.ISERDESE2_data.CE2 (192:192:192) (192:192:192))
dq_dqs_input,True,0.0,444.0,444.0,INTERCONNECT:ddr3_top_inst.ddr3_phy_inst.genblk5[9].IDELAYE2_data.CE,(INTERCONNECT \$PACKER_GND_DRV.Y ddr3_top_inst\.ddr3_phy_inst\.genblk5\[9\]\.IDELAYE2_data.CE (444:444:444) (444:444:444)),(INTERCONNECT \$PACKER_GND_DRV.Y ddr3_top_inst\.ddr3_phy_inst\.genblk5\[9\]\.IDELAYE2_data.CE (444:444:444) (444:444:444))
dq_dqs_input,True,0.0,345.0,345.0,INTERCONNECT:ddr3_top_inst.ddr3_phy_inst.genblk5[9].IDELAYE2_data.CINVCTRL,(INTERCONNECT \$PACKER_GND_DRV.Y ddr3_top_inst\.ddr3_phy_inst\.genblk5\[9\]\.IDELAYE2_data.CINVCTRL (345:345:345) (345:345:345)),(INTERCONNECT \$PACKER_GND_DRV.Y ddr3_top_inst\.ddr3_phy_inst\.genblk5\[9\]\.IDELAYE2_data.CINVCTRL (345:345:345) (345:345:345))
dq_dqs_input,True,0.0,444.0,444.0,INTERCONNECT:ddr3_top_inst.ddr3_phy_inst.genblk5[9].IDELAYE2_data.INC,(INTERCONNECT \$PACKER_GND_DRV.Y ddr3_top_inst\.ddr3_phy_inst\.genblk5\[9\]\.IDELAYE2_data.INC (444:444:444) (444:444:444)),(INTERCONNECT \$PACKER_GND_DRV.Y ddr3_top_inst\.ddr3_phy_inst\.genblk5\[9\]\.IDELAYE2_data.INC (444:444:444) (444:444:444))
dq_dqs_input,True,0.0,307.0,307.0,INTERCONNECT:ddr3_top_inst.ddr3_phy_inst.genblk5[9].IDELAYE2_data.LDPIPEEN,(INTERCONNECT \$PACKER_GND_DRV.Y ddr3_top_inst\.ddr3_phy_inst\.genblk5\[9\]\.IDELAYE2_data.LDPIPEEN (307:307:307) (307:307:307)),(INTERCONNECT \$PACKER_GND_DRV.Y ddr3_top_inst\.ddr3_phy_inst\.genblk5\[9\]\.IDELAYE2_data.LDPIPEEN (307:307:307) (307:307:307))
dq_dqs_input,True,0.0,307.0,307.0,INTERCONNECT:ddr3_top_inst.ddr3_phy_inst.genblk5[9].IDELAYE2_data.REGRST,(INTERCONNECT \$PACKER_GND_DRV.Y ddr3_top_inst\.ddr3_phy_inst\.genblk5\[9\]\.IDELAYE2_data.REGRST (307:307:307) (307:307:307)),(INTERCONNECT \$PACKER_GND_DRV.Y ddr3_top_inst\.ddr3_phy_inst\.genblk5\[9\]\.IDELAYE2_data.REGRST (307:307:307) (307:307:307))
dq_dqs_input,True,0.0,192.0,192.0,INTERCONNECT:ddr3_top_inst.ddr3_phy_inst.genblk5[9].ISERDESE2_data.CE1,(INTERCONNECT \$PACKER_VCC_DRV.Y ddr3_top_inst\.ddr3_phy_inst\.genblk5\[9\]\.ISERDESE2_data.CE1 (192:192:192) (192:192:192)),(INTERCONNECT \$PACKER_VCC_DRV.Y ddr3_top_inst\.ddr3_phy_inst\.genblk5\[9\]\.ISERDESE2_data.CE1 (192:192:192) (192:192:192))
dq_dqs_input,True,0.0,192.0,192.0,INTERCONNECT:ddr3_top_inst.ddr3_phy_inst.genblk5[9].ISERDESE2_data.CE2,(INTERCONNECT \$PACKER_VCC_DRV.Y ddr3_top_inst\.ddr3_phy_inst\.genblk5\[9\]\.ISERDESE2_data.CE2 (192:192:192) (192:192:192)),(INTERCONNECT \$PACKER_VCC_DRV.Y ddr3_top_inst\.ddr3_phy_inst\.genblk5\[9\]\.ISERDESE2_data.CE2 (192:192:192) (192:192:192))
dq_dqs_input,True,0.0,307.0,307.0,INTERCONNECT:ddr3_top_inst.ddr3_phy_inst.genblk7[0].IDELAYE2_dqs.CE,(INTERCONNECT \$PACKER_GND_DRV.Y ddr3_top_inst\.ddr3_phy_inst\.genblk7\[0\]\.IDELAYE2_dqs.CE (307:307:307) (307:307:307)),(INTERCONNECT \$PACKER_GND_DRV.Y ddr3_top_inst\.ddr3_phy_inst\.genblk7\[0\]\.IDELAYE2_dqs.CE (307:307:307) (307:307:307))
dq_dqs_input,True,0.0,345.0,345.0,INTERCONNECT:ddr3_top_inst.ddr3_phy_inst.genblk7[0].IDELAYE2_dqs.CINVCTRL,(INTERCONNECT \$PACKER_GND_DRV.Y ddr3_top_inst\.ddr3_phy_inst\.genblk7\[0\]\.IDELAYE2_dqs.CINVCTRL (345:345:345) (345:345:345)),(INTERCONNECT \$PACKER_GND_DRV.Y ddr3_top_inst\.ddr3_phy_inst\.genblk7\[0\]\.IDELAYE2_dqs.CINVCTRL (345:345:345) (345:345:345))
dq_dqs_input,True,0.0,307.0,307.0,INTERCONNECT:ddr3_top_inst.ddr3_phy_inst.genblk7[0].IDELAYE2_dqs.INC,(INTERCONNECT \$PACKER_GND_DRV.Y ddr3_top_inst\.ddr3_phy_inst\.genblk7\[0\]\.IDELAYE2_dqs.INC (307:307:307) (307:307:307)),(INTERCONNECT \$PACKER_GND_DRV.Y ddr3_top_inst\.ddr3_phy_inst\.genblk7\[0\]\.IDELAYE2_dqs.INC (307:307:307) (307:307:307))
dq_dqs_input,True,0.0,307.0,307.0,INTERCONNECT:ddr3_top_inst.ddr3_phy_inst.genblk7[0].IDELAYE2_dqs.LDPIPEEN,(INTERCONNECT \$PACKER_GND_DRV.Y ddr3_top_inst\.ddr3_phy_inst\.genblk7\[0\]\.IDELAYE2_dqs.LDPIPEEN (307:307:307) (307:307:307)),(INTERCONNECT \$PACKER_GND_DRV.Y ddr3_top_inst\.ddr3_phy_inst\.genblk7\[0\]\.IDELAYE2_dqs.LDPIPEEN (307:307:307) (307:307:307))
dq_dqs_input,True,0.0,307.0,307.0,INTERCONNECT:ddr3_top_inst.ddr3_phy_inst.genblk7[0].IDELAYE2_dqs.REGRST,(INTERCONNECT \$PACKER_GND_DRV.Y ddr3_top_inst\.ddr3_phy_inst\.genblk7\[0\]\.IDELAYE2_dqs.REGRST (307:307:307) (307:307:307)),(INTERCONNECT \$PACKER_GND_DRV.Y ddr3_top_inst\.ddr3_phy_inst\.genblk7\[0\]\.IDELAYE2_dqs.REGRST (307:307:307) (307:307:307))
dq_dqs_input,True,0.0,192.0,192.0,INTERCONNECT:ddr3_top_inst.ddr3_phy_inst.genblk7[0].ISERDESE2_dqs.CE1,(INTERCONNECT \$PACKER_VCC_DRV.Y ddr3_top_inst\.ddr3_phy_inst\.genblk7\[0\]\.ISERDESE2_dqs.CE1 (192:192:192) (192:192:192)),(INTERCONNECT \$PACKER_VCC_DRV.Y ddr3_top_inst\.ddr3_phy_inst\.genblk7\[0\]\.ISERDESE2_dqs.CE1 (192:192:192) (192:192:192))
dq_dqs_input,True,0.0,192.0,192.0,INTERCONNECT:ddr3_top_inst.ddr3_phy_inst.genblk7[0].ISERDESE2_dqs.CE2,(INTERCONNECT \$PACKER_VCC_DRV.Y ddr3_top_inst\.ddr3_phy_inst\.genblk7\[0\]\.ISERDESE2_dqs.CE2 (192:192:192) (192:192:192)),(INTERCONNECT \$PACKER_VCC_DRV.Y ddr3_top_inst\.ddr3_phy_inst\.genblk7\[0\]\.ISERDESE2_dqs.CE2 (192:192:192) (192:192:192))
dq_dqs_input,True,0.0,307.0,307.0,INTERCONNECT:ddr3_top_inst.ddr3_phy_inst.genblk7[1].IDELAYE2_dqs.CE,(INTERCONNECT \$PACKER_GND_DRV.Y ddr3_top_inst\.ddr3_phy_inst\.genblk7\[1\]\.IDELAYE2_dqs.CE (307:307:307) (307:307:307)),(INTERCONNECT \$PACKER_GND_DRV.Y ddr3_top_inst\.ddr3_phy_inst\.genblk7\[1\]\.IDELAYE2_dqs.CE (307:307:307) (307:307:307))
dq_dqs_input,True,0.0,345.0,345.0,INTERCONNECT:ddr3_top_inst.ddr3_phy_inst.genblk7[1].IDELAYE2_dqs.CINVCTRL,(INTERCONNECT \$PACKER_GND_DRV.Y ddr3_top_inst\.ddr3_phy_inst\.genblk7\[1\]\.IDELAYE2_dqs.CINVCTRL (345:345:345) (345:345:345)),(INTERCONNECT \$PACKER_GND_DRV.Y ddr3_top_inst\.ddr3_phy_inst\.genblk7\[1\]\.IDELAYE2_dqs.CINVCTRL (345:345:345) (345:345:345))
dq_dqs_input,True,0.0,307.0,307.0,INTERCONNECT:ddr3_top_inst.ddr3_phy_inst.genblk7[1].IDELAYE2_dqs.INC,(INTERCONNECT \$PACKER_GND_DRV.Y ddr3_top_inst\.ddr3_phy_inst\.genblk7\[1\]\.IDELAYE2_dqs.INC (307:307:307) (307:307:307)),(INTERCONNECT \$PACKER_GND_DRV.Y ddr3_top_inst\.ddr3_phy_inst\.genblk7\[1\]\.IDELAYE2_dqs.INC (307:307:307) (307:307:307))
dq_dqs_input,True,0.0,307.0,307.0,INTERCONNECT:ddr3_top_inst.ddr3_phy_inst.genblk7[1].IDELAYE2_dqs.LDPIPEEN,(INTERCONNECT \$PACKER_GND_DRV.Y ddr3_top_inst\.ddr3_phy_inst\.genblk7\[1\]\.IDELAYE2_dqs.LDPIPEEN (307:307:307) (307:307:307)),(INTERCONNECT \$PACKER_GND_DRV.Y ddr3_top_inst\.ddr3_phy_inst\.genblk7\[1\]\.IDELAYE2_dqs.LDPIPEEN (307:307:307) (307:307:307))
dq_dqs_input,True,0.0,307.0,307.0,INTERCONNECT:ddr3_top_inst.ddr3_phy_inst.genblk7[1].IDELAYE2_dqs.REGRST,(INTERCONNECT \$PACKER_GND_DRV.Y ddr3_top_inst\.ddr3_phy_inst\.genblk7\[1\]\.IDELAYE2_dqs.REGRST (307:307:307) (307:307:307)),(INTERCONNECT \$PACKER_GND_DRV.Y ddr3_top_inst\.ddr3_phy_inst\.genblk7\[1\]\.IDELAYE2_dqs.REGRST (307:307:307) (307:307:307))
dq_dqs_input,True,0.0,192.0,192.0,INTERCONNECT:ddr3_top_inst.ddr3_phy_inst.genblk7[1].ISERDESE2_dqs.CE1,(INTERCONNECT \$PACKER_VCC_DRV.Y ddr3_top_inst\.ddr3_phy_inst\.genblk7\[1\]\.ISERDESE2_dqs.CE1 (192:192:192) (192:192:192)),(INTERCONNECT \$PACKER_VCC_DRV.Y ddr3_top_inst\.ddr3_phy_inst\.genblk7\[1\]\.ISERDESE2_dqs.CE1 (192:192:192) (192:192:192))
dq_dqs_input,True,0.0,192.0,192.0,INTERCONNECT:ddr3_top_inst.ddr3_phy_inst.genblk7[1].ISERDESE2_dqs.CE2,(INTERCONNECT \$PACKER_VCC_DRV.Y ddr3_top_inst\.ddr3_phy_inst\.genblk7\[1\]\.ISERDESE2_dqs.CE2 (192:192:192) (192:192:192)),(INTERCONNECT \$PACKER_VCC_DRV.Y ddr3_top_inst\.ddr3_phy_inst\.genblk7\[1\]\.ISERDESE2_dqs.CE2 (192:192:192) (192:192:192))
