seed,hardware_transition,features,sign_flip_count,abs_improved_count,abs_worsened_count,median_delta_abs_ps,transition_row_count_check
31,fail_to_pass,124,51,65,58,-12.25,fail_to_pass:124
32,fail_to_pass,124,72,65,59,-12.5,fail_to_pass:124
33,pass_to_fail,124,69,52,72,63.5,pass_to_fail:124
34,fail_to_pass,124,33,58,66,33.5,fail_to_pass:124
35,pass_to_pass,124,63,50,74,60.5,pass_to_pass:124
36,pass_to_fail,124,43,61,63,7,pass_to_fail:124
37,fail_to_pass,124,45,87,37,-152.5,fail_to_pass:124
38,fail_to_pass,124,56,61,63,1.5,fail_to_pass:124
39,pass_to_fail,124,38,56,68,32.5,pass_to_fail:124
40,fail_to_pass,124,80,57,67,41,fail_to_pass:124
41,fail_to_fail,124,87,61,63,3.5,fail_to_fail:124
42,fail_to_pass,124,67,74,49,-98,fail_to_pass:124
43,pass_to_pass,124,53,68,56,-24.5,pass_to_pass:124
44,fail_to_pass,124,66,62,62,-3,fail_to_pass:124
45,fail_to_fail,124,52,54,70,84,fail_to_fail:124
46,pass_to_pass,124,91,62,62,0,pass_to_pass:124
47,fail_to_pass,124,43,51,73,79.25,fail_to_pass:124
48,pass_to_fail,124,56,54,70,22.25,pass_to_fail:124
49,pass_to_pass,124,48,49,75,83.5,pass_to_pass:124
50,pass_to_fail,124,35,83,41,-100,pass_to_fail:124
51,pass_to_fail,124,60,84,39,-195.5,pass_to_fail:124
52,pass_to_fail,124,27,43,81,142.75,pass_to_fail:124
53,pass_to_fail,124,56,106,18,-457,pass_to_fail:124
54,fail_to_pass,124,62,46,78,205,fail_to_pass:124
55,fail_to_pass,124,53,75,49,-78.5,fail_to_pass:124
56,pass_to_pass,124,40,57,67,23.5,pass_to_pass:124
57,fail_to_pass,124,30,79,45,-109,fail_to_pass:124
58,fail_to_pass,124,57,63,61,-11.5,fail_to_pass:124
59,pass_to_pass,124,64,84,40,-81.25,pass_to_pass:124
60,fail_to_fail,124,76,54,69,15.75,fail_to_fail:124
